nohup: ignoring input
ESP32 auto UART logger with OT parent ping (Linux only)
Baudrate: 1000000
Log files will be saved in the current directory.
Press Ctrl+C to stop.

[/dev/ttyACM0] Starting logger with phase offset 0.000s
[/dev/ttyACM0] Logging UART to /home/fieldlab/uart_devttyacm0_404cca417de0_20251219_132811.log
[/dev/ttyACM0] Will ping OT parent every 1.0s when parent RLOC is known.
[/dev/ttyACM0] Ping phase offset: 0.000s
[/dev/ttyACM0] Sending startup OT CLI commands (x5)
[parse] 2025-12-19T13:28:12.339 mesh-local prefix -> fd72:e9dd:7d27:e872:0:ff:fe00:
[parse] 2025-12-19T13:28:12.401 state -> child
[parse] 2025-12-19T13:28:12.404 parent RLOC16 -> 7000
[/dev/ttyACM0] ping parent fd72:e9dd:7d27:e872:0:ff:fe00:7000
[parse] 2025-12-19T13:28:13.415 state -> child
[parse] 2025-12-19T13:28:13.419 parent RLOC16 -> 7000
[/dev/ttyACM0] ping parent fd72:e9dd:7d27:e872:0:ff:fe00:7000
[parse] 2025-12-19T13:28:14.379 state -> child
[parse] 2025-12-19T13:28:14.383 parent RLOC16 -> 7000
[/dev/ttyACM0] ping parent fd72:e9dd:7d27:e872:0:ff:fe00:7000
[parse] 2025-12-19T13:28:15.346 state -> child
[parse] 2025-12-19T13:28:15.351 parent RLOC16 -> 7000
[/dev/ttyACM0] ping parent fd72:e9dd:7d27:e872:0:ff:fe00:7000
[parse] 2025-12-19T13:28:16.435 state -> child
[parse] 2025-12-19T13:28:16.441 parent RLOC16 -> 7000
[/dev/ttyACM0] ping parent fd72:e9dd:7d27:e872:0:ff:fe00:7000
[parse] 2025-12-19T13:28:17.411 state -> child
[parse] 2025-12-19T13:28:17.416 parent RLOC16 -> 7000
[/dev/ttyACM0] ping parent fd72:e9dd:7d27:e872:0:ff:fe00:7000
[parse] 2025-12-19T13:28:18.378 state -> child
[parse] 2025-12-19T13:28:18.386 parent RLOC16 -> 7000
[/dev/ttyACM0] ping parent fd72:e9dd:7d27:e872:0:ff:fe00:7000
[parse] 2025-12-19T13:28:19.343 state -> child
[parse] 2025-12-19T13:28:19.348 parent RLOC16 -> 7000
[/dev/ttyACM0] ping parent fd72:e9dd:7d27:e872:0:ff:fe00:7000
[parse] 2025-12-19T13:28:20.385 state -> child
[parse] 2025-12-19T13:28:20.389 parent RLOC16 -> 7000
[/dev/ttyACM0] ping parent fd72:e9dd:7d27:e872:0:ff:fe00:7000
[parse] 2025-12-19T13:28:21.345 state -> child
[parse] 2025-12-19T13:28:21.350 parent RLOC16 -> 7000
[/dev/ttyACM0] ping parent fd72:e9dd:7d27:e872:0:ff:fe00:7000
[parse] 2025-12-19T13:28:22.526 state -> child
[parse] 2025-12-19T13:28:22.533 parent RLOC16 -> 7000
[/dev/ttyACM0] ping parent fd72:e9dd:7d27:e872:0:ff:fe00:7000
[parse] 2025-12-19T13:28:23.395 state -> child
[parse] 2025-12-19T13:28:23.399 parent RLOC16 -> 7000
[/dev/ttyACM0] ping parent fd72:e9dd:7d27:e872:0:ff:fe00:7000
[parse] 2025-12-19T13:28:24.360 state -> child
[parse] 2025-12-19T13:28:24.367 parent RLOC16 -> 7000
[/dev/ttyACM0] ping parent fd72:e9dd:7d27:e872:0:ff:fe00:7000
[parse] 2025-12-19T13:28:25.429 state -> child
[parse] 2025-12-19T13:28:25.434 parent RLOC16 -> 7000
[/dev/ttyACM0] ping parent fd72:e9dd:7d27:e872:0:ff:fe00:7000
[parse] 2025-12-19T13:28:26.399 state -> child
[parse] 2025-12-19T13:28:26.406 parent RLOC16 -> 7000
[/dev/ttyACM0] ping parent fd72:e9dd:7d27:e872:0:ff:fe00:7000
[parse] 2025-12-19T13:28:27.556 state -> child
[parse] 2025-12-19T13:28:27.563 parent RLOC16 -> 7000
[/dev/ttyACM0] ping parent fd72:e9dd:7d27:e872:0:ff:fe00:7000
[parse] 2025-12-19T13:28:28.420 state -> child
[parse] 2025-12-19T13:28:28.425 parent RLOC16 -> 7000
[/dev/ttyACM0] ping parent fd72:e9dd:7d27:e872:0:ff:fe00:7000
[parse] 2025-12-19T13:28:29.396 state -> child
[parse] 2025-12-19T13:28:29.401 parent RLOC16 -> 7000
[/dev/ttyACM0] ping parent fd72:e9dd:7d27:e872:0:ff:fe00:7000
[parse] 2025-12-19T13:28:30.379 state -> child
[parse] 2025-12-19T13:28:30.383 parent RLOC16 -> 7000
[/dev/ttyACM0] ping parent fd72:e9dd:7d27:e872:0:ff:fe00:7000
[parse] 2025-12-19T13:28:31.359 state -> child
[parse] 2025-12-19T13:28:31.365 parent RLOC16 -> 7000
[/dev/ttyACM0] ping parent fd72:e9dd:7d27:e872:0:ff:fe00:7000
[parse] 2025-12-19T13:28:32.425 state -> child
[parse] 2025-12-19T13:28:32.433 parent RLOC16 -> 7000
[/dev/ttyACM0] ping parent fd72:e9dd:7d27:e872:0:ff:fe00:7000
[parse] 2025-12-19T13:28:33.399 state -> child
[parse] 2025-12-19T13:28:33.404 parent RLOC16 -> 7000
[/dev/ttyACM0] ping parent fd72:e9dd:7d27:e872:0:ff:fe00:7000
[parse] 2025-12-19T13:28:34.365 state -> child
[parse] 2025-12-19T13:28:34.371 parent RLOC16 -> 7000
[/dev/ttyACM0] ping parent fd72:e9dd:7d27:e872:0:ff:fe00:7000
[parse] 2025-12-19T13:28:35.366 state -> child
[parse] 2025-12-19T13:28:35.372 parent RLOC16 -> 7000
[/dev/ttyACM0] ping parent fd72:e9dd:7d27:e872:0:ff:fe00:7000
[parse] 2025-12-19T13:28:36.368 state -> child
[parse] 2025-12-19T13:28:36.373 parent RLOC16 -> 7000
[/dev/ttyACM0] ping parent fd72:e9dd:7d27:e872:0:ff:fe00:7000
[parse] 2025-12-19T13:28:37.402 state -> child
[parse] 2025-12-19T13:28:37.408 parent RLOC16 -> 7000
[/dev/ttyACM0] ping parent fd72:e9dd:7d27:e872:0:ff:fe00:7000
[parse] 2025-12-19T13:28:38.347 state -> child
[parse] 2025-12-19T13:28:38.350 parent RLOC16 -> 7000
[/dev/ttyACM0] ping parent fd72:e9dd:7d27:e872:0:ff:fe00:7000
[parse] 2025-12-19T13:28:39.410 state -> child
[parse] 2025-12-19T13:28:39.417 parent RLOC16 -> 7000
[/dev/ttyACM0] ping parent fd72:e9dd:7d27:e872:0:ff:fe00:7000
[parse] 2025-12-19T13:28:40.375 state -> child
[parse] 2025-12-19T13:28:40.379 parent RLOC16 -> 7000
[/dev/ttyACM0] ping parent fd72:e9dd:7d27:e872:0:ff:fe00:7000
[parse] 2025-12-19T13:28:41.337 state -> child
[parse] 2025-12-19T13:28:41.341 parent RLOC16 -> 7000
[/dev/ttyACM0] ping parent fd72:e9dd:7d27:e872:0:ff:fe00:7000
[parse] 2025-12-19T13:28:42.411 state -> child
[parse] 2025-12-19T13:28:42.416 parent RLOC16 -> 7000
[/dev/ttyACM0] ping parent fd72:e9dd:7d27:e872:0:ff:fe00:7000
[parse] 2025-12-19T13:28:43.371 state -> child
[parse] 2025-12-19T13:28:43.379 parent RLOC16 -> 7000
[/dev/ttyACM0] ping parent fd72:e9dd:7d27:e872:0:ff:fe00:7000
[parse] 2025-12-19T13:28:44.379 state -> child
[parse] 2025-12-19T13:28:44.383 parent RLOC16 -> 7000
[/dev/ttyACM0] ping parent fd72:e9dd:7d27:e872:0:ff:fe00:7000
[parse] 2025-12-19T13:28:45.360 state -> child
[parse] 2025-12-19T13:28:45.366 parent RLOC16 -> 7000
[/dev/ttyACM0] ping parent fd72:e9dd:7d27:e872:0:ff:fe00:7000
[parse] 2025-12-19T13:28:46.429 state -> child
[parse] 2025-12-19T13:28:46.435 parent RLOC16 -> 7000
[/dev/ttyACM0] ping parent fd72:e9dd:7d27:e872:0:ff:fe00:7000
[parse] 2025-12-19T13:28:47.399 state -> child
[parse] 2025-12-19T13:28:47.403 parent RLOC16 -> 7000
[/dev/ttyACM0] ping parent fd72:e9dd:7d27:e872:0:ff:fe00:7000
[parse] 2025-12-19T13:28:48.366 state -> child
[parse] 2025-12-19T13:28:48.372 parent RLOC16 -> 7000
[/dev/ttyACM0] ping parent fd72:e9dd:7d27:e872:0:ff:fe00:7000
[/dev/ttyACM0] ping parent fd72:e9dd:7d27:e872:0:ff:fe00:7000
[parse] 2025-12-19T13:28:52.584 state -> child
[parse] 2025-12-19T13:28:52.589 parent RLOC16 -> 7000
[/dev/ttyACM0] ping parent fd72:e9dd:7d27:e872:0:ff:fe00:7000
[parse] 2025-12-19T13:28:54.923 state -> child
[parse] 2025-12-19T13:28:54.929 parent RLOC16 -> 7000
[parse] 2025-12-19T13:28:54.983 state -> child
[parse] 2025-12-19T13:28:54.986 parent RLOC16 -> 7000
[/dev/ttyACM0] ping parent fd72:e9dd:7d27:e872:0:ff:fe00:7000
[parse] 2025-12-19T13:28:55.341 state -> child
[parse] 2025-12-19T13:28:55.346 parent RLOC16 -> 7000
[/dev/ttyACM0] ping parent fd72:e9dd:7d27:e872:0:ff:fe00:7000
[parse] 2025-12-19T13:28:56.337 state -> child
[parse] 2025-12-19T13:28:56.341 parent RLOC16 -> 7000
[/dev/ttyACM0] ping parent fd72:e9dd:7d27:e872:0:ff:fe00:7000
[parse] 2025-12-19T13:28:57.401 state -> child
[parse] 2025-12-19T13:28:57.406 parent RLOC16 -> 7000
[/dev/ttyACM0] ping parent fd72:e9dd:7d27:e872:0:ff:fe00:7000
[parse] 2025-12-19T13:28:58.374 state -> child
[parse] 2025-12-19T13:28:58.381 parent RLOC16 -> 7000
[/dev/ttyACM0] ping parent fd72:e9dd:7d27:e872:0:ff:fe00:7000
[parse] 2025-12-19T13:28:59.348 state -> child
[parse] 2025-12-19T13:28:59.353 parent RLOC16 -> 7000
[/dev/ttyACM0] ping parent fd72:e9dd:7d27:e872:0:ff:fe00:7000
[parse] 2025-12-19T13:29:00.425 state -> child
[parse] 2025-12-19T13:29:00.431 parent RLOC16 -> 7000
[/dev/ttyACM0] ping parent fd72:e9dd:7d27:e872:0:ff:fe00:7000
[parse] 2025-12-19T13:29:01.400 state -> child
[parse] 2025-12-19T13:29:01.404 parent RLOC16 -> 7000
[/dev/ttyACM0] ping parent fd72:e9dd:7d27:e872:0:ff:fe00:7000
[parse] 2025-12-19T13:29:02.367 state -> child
[parse] 2025-12-19T13:29:02.372 parent RLOC16 -> 7000
[/dev/ttyACM0] ping parent fd72:e9dd:7d27:e872:0:ff:fe00:7000
[parse] 2025-12-19T13:29:03.338 state -> child
[parse] 2025-12-19T13:29:03.343 parent RLOC16 -> 7000
[/dev/ttyACM0] ping parent fd72:e9dd:7d27:e872:0:ff:fe00:7000
[parse] 2025-12-19T13:29:04.425 state -> child
[parse] 2025-12-19T13:29:04.431 parent RLOC16 -> 7000
[/dev/ttyACM0] ping parent fd72:e9dd:7d27:e872:0:ff:fe00:7000
[parse] 2025-12-19T13:29:05.426 state -> child
[parse] 2025-12-19T13:29:05.431 parent RLOC16 -> 7000
[/dev/ttyACM0] ping parent fd72:e9dd:7d27:e872:0:ff:fe00:7000
[parse] 2025-12-19T13:29:06.399 state -> child
[parse] 2025-12-19T13:29:06.404 parent RLOC16 -> 7000
[/dev/ttyACM0] ping parent fd72:e9dd:7d27:e872:0:ff:fe00:7000
[parse] 2025-12-19T13:29:07.407 state -> child
[parse] 2025-12-19T13:29:07.413 parent RLOC16 -> 7000
[/dev/ttyACM0] ping parent fd72:e9dd:7d27:e872:0:ff:fe00:7000
[parse] 2025-12-19T13:29:08.415 state -> child
[parse] 2025-12-19T13:29:08.420 parent RLOC16 -> 7000
[/dev/ttyACM0] ping parent fd72:e9dd:7d27:e872:0:ff:fe00:7000
[parse] 2025-12-19T13:29:09.381 state -> child
[parse] 2025-12-19T13:29:09.386 parent RLOC16 -> 7000
[/dev/ttyACM0] ping parent fd72:e9dd:7d27:e872:0:ff:fe00:7000
[parse] 2025-12-19T13:29:10.346 state -> child
[parse] 2025-12-19T13:29:10.350 parent RLOC16 -> 7000
[/dev/ttyACM0] ping parent fd72:e9dd:7d27:e872:0:ff:fe00:7000
[parse] 2025-12-19T13:29:11.412 state -> child
[parse] 2025-12-19T13:29:11.419 parent RLOC16 -> 7000
[/dev/ttyACM0] ping parent fd72:e9dd:7d27:e872:0:ff:fe00:7000
[parse] 2025-12-19T13:29:12.390 state -> child
[parse] 2025-12-19T13:29:12.394 parent RLOC16 -> 7000
[/dev/ttyACM0] ping parent fd72:e9dd:7d27:e872:0:ff:fe00:7000
[parse] 2025-12-19T13:29:13.369 state -> child
[parse] 2025-12-19T13:29:13.421 parent RLOC16 -> 7000
[/dev/ttyACM0] ping parent fd72:e9dd:7d27:e872:0:ff:fe00:7000
[parse] 2025-12-19T13:29:14.385 state -> child
[parse] 2025-12-19T13:29:14.393 parent RLOC16 -> 7000
[/dev/ttyACM0] ping parent fd72:e9dd:7d27:e872:0:ff:fe00:7000
[parse] 2025-12-19T13:29:15.352 state -> child
[parse] 2025-12-19T13:29:15.357 parent RLOC16 -> 7000
[/dev/ttyACM0] ping parent fd72:e9dd:7d27:e872:0:ff:fe00:7000
[parse] 2025-12-19T13:29:16.418 state -> child
[parse] 2025-12-19T13:29:16.426 parent RLOC16 -> 7000
[/dev/ttyACM0] ping parent fd72:e9dd:7d27:e872:0:ff:fe00:7000
[parse] 2025-12-19T13:29:17.386 state -> child
[parse] 2025-12-19T13:29:17.395 parent RLOC16 -> 7000
[/dev/ttyACM0] ping parent fd72:e9dd:7d27:e872:0:ff:fe00:7000
[parse] 2025-12-19T13:29:18.354 state -> child
[parse] 2025-12-19T13:29:18.360 parent RLOC16 -> 7000
[/dev/ttyACM0] ping parent fd72:e9dd:7d27:e872:0:ff:fe00:7000
[parse] 2025-12-19T13:29:19.362 state -> child
[parse] 2025-12-19T13:29:19.367 parent RLOC16 -> 7000
[/dev/ttyACM0] ping parent fd72:e9dd:7d27:e872:0:ff:fe00:7000
[parse] 2025-12-19T13:29:20.403 state -> child
[parse] 2025-12-19T13:29:20.410 parent RLOC16 -> 7000
[/dev/ttyACM0] ping parent fd72:e9dd:7d27:e872:0:ff:fe00:7000
[parse] 2025-12-19T13:29:21.367 state -> child
[parse] 2025-12-19T13:29:21.372 parent RLOC16 -> 7000
[/dev/ttyACM0] ping parent fd72:e9dd:7d27:e872:0:ff:fe00:7000
[parse] 2025-12-19T13:29:22.339 state -> child
[parse] 2025-12-19T13:29:22.342 parent RLOC16 -> 7000
[/dev/ttyACM0] ping parent fd72:e9dd:7d27:e872:0:ff:fe00:7000
[parse] 2025-12-19T13:29:23.433 state -> child
[parse] 2025-12-19T13:29:23.440 parent RLOC16 -> 7000
[/dev/ttyACM0] ping parent fd72:e9dd:7d27:e872:0:ff:fe00:7000
[parse] 2025-12-19T13:29:24.389 state -> child
[parse] 2025-12-19T13:29:24.394 parent RLOC16 -> 7000
[/dev/ttyACM0] ping parent fd72:e9dd:7d27:e872:0:ff:fe00:7000
[parse] 2025-12-19T13:29:25.352 state -> child
[parse] 2025-12-19T13:29:25.357 parent RLOC16 -> 7000
[/dev/ttyACM0] ping parent fd72:e9dd:7d27:e872:0:ff:fe00:7000
[parse] 2025-12-19T13:29:26.418 state -> child
[parse] 2025-12-19T13:29:26.423 parent RLOC16 -> 7000
[/dev/ttyACM0] ping parent fd72:e9dd:7d27:e872:0:ff:fe00:7000
[/dev/ttyACM0] ping parent fd72:e9dd:7d27:e872:0:ff:fe00:7000
[parse] 2025-12-19T13:29:30.113 state -> child
[parse] 2025-12-19T13:29:30.119 parent RLOC16 -> 7000
[parse] 2025-12-19T13:29:30.261 state -> child
[parse] 2025-12-19T13:29:30.264 parent RLOC16 -> 7000
[/dev/ttyACM0] ping parent fd72:e9dd:7d27:e872:0:ff:fe00:7000
[parse] 2025-12-19T13:29:30.421 state -> child
[parse] 2025-12-19T13:29:30.427 parent RLOC16 -> 7000
[/dev/ttyACM0] ping parent fd72:e9dd:7d27:e872:0:ff:fe00:7000
[parse] 2025-12-19T13:29:31.424 state -> child
[parse] 2025-12-19T13:29:31.430 parent RLOC16 -> 7000
[/dev/ttyACM0] ping parent fd72:e9dd:7d27:e872:0:ff:fe00:7000
[parse] 2025-12-19T13:29:32.388 state -> child
[parse] 2025-12-19T13:29:32.392 parent RLOC16 -> 7000
[/dev/ttyACM0] ping parent fd72:e9dd:7d27:e872:0:ff:fe00:7000
[parse] 2025-12-19T13:29:33.361 state -> child
[parse] 2025-12-19T13:29:33.367 parent RLOC16 -> 7000
[/dev/ttyACM0] ping parent fd72:e9dd:7d27:e872:0:ff:fe00:7000
[parse] 2025-12-19T13:29:34.429 state -> child
[parse] 2025-12-19T13:29:34.435 parent RLOC16 -> 7000
[/dev/ttyACM0] ping parent fd72:e9dd:7d27:e872:0:ff:fe00:7000
[/dev/ttyACM0] ping parent fd72:e9dd:7d27:e872:0:ff:fe00:7000
[parse] 2025-12-19T13:29:37.836 state -> child
[parse] 2025-12-19T13:29:37.842 parent RLOC16 -> 7000
[parse] 2025-12-19T13:29:37.894 state -> child
[parse] 2025-12-19T13:29:37.898 parent RLOC16 -> 7000
[/dev/ttyACM0] ping parent fd72:e9dd:7d27:e872:0:ff:fe00:7000
[parse] 2025-12-19T13:29:38.355 state -> child
[parse] 2025-12-19T13:29:38.361 parent RLOC16 -> 7000
[/dev/ttyACM0] ping parent fd72:e9dd:7d27:e872:0:ff:fe00:7000
[/dev/ttyACM0] ping parent fd72:e9dd:7d27:e872:0:ff:fe00:7000
[parse] 2025-12-19T13:29:40.616 state -> child
[parse] 2025-12-19T13:29:40.622 parent RLOC16 -> 7000
[parse] 2025-12-19T13:29:40.674 state -> child
[parse] 2025-12-19T13:29:40.678 parent RLOC16 -> 7000
[/dev/ttyACM0] ping parent fd72:e9dd:7d27:e872:0:ff:fe00:7000
[parse] 2025-12-19T13:29:41.435 state -> child
[parse] 2025-12-19T13:29:41.441 parent RLOC16 -> 7000
[/dev/ttyACM0] ping parent fd72:e9dd:7d27:e872:0:ff:fe00:7000
[parse] 2025-12-19T13:29:42.400 state -> child
[parse] 2025-12-19T13:29:42.405 parent RLOC16 -> 7000
[/dev/ttyACM0] ping parent fd72:e9dd:7d27:e872:0:ff:fe00:7000
[parse] 2025-12-19T13:29:43.368 state -> child
[parse] 2025-12-19T13:29:43.374 parent RLOC16 -> 7000
[/dev/ttyACM0] ping parent fd72:e9dd:7d27:e872:0:ff:fe00:7000
[/dev/ttyACM0] ping parent fd72:e9dd:7d27:e872:0:ff:fe00:7000
[parse] 2025-12-19T13:29:46.188 state -> child
[parse] 2025-12-19T13:29:46.194 parent RLOC16 -> 7000
[/dev/ttyACM0] ping parent fd72:e9dd:7d27:e872:0:ff:fe00:7000
[parse] 2025-12-19T13:29:46.364 state -> child
[parse] 2025-12-19T13:29:46.367 parent RLOC16 -> 7000
[parse] 2025-12-19T13:29:46.419 state -> child
[parse] 2025-12-19T13:29:46.423 parent RLOC16 -> 7000
[/dev/ttyACM0] ping parent fd72:e9dd:7d27:e872:0:ff:fe00:7000
[parse] 2025-12-19T13:29:47.380 state -> child
[parse] 2025-12-19T13:29:47.384 parent RLOC16 -> 7000
[/dev/ttyACM0] ping parent fd72:e9dd:7d27:e872:0:ff:fe00:7000
[parse] 2025-12-19T13:29:48.362 state -> child
[parse] 2025-12-19T13:29:48.370 parent RLOC16 -> 7000
[/dev/ttyACM0] ping parent fd72:e9dd:7d27:e872:0:ff:fe00:7000
[parse] 2025-12-19T13:29:49.340 state -> child
[parse] 2025-12-19T13:29:49.346 parent RLOC16 -> 7000
[/dev/ttyACM0] ping parent fd72:e9dd:7d27:e872:0:ff:fe00:7000
[parse] 2025-12-19T13:29:50.688 state -> child
[parse] 2025-12-19T13:29:50.695 parent RLOC16 -> 7000
[/dev/ttyACM0] ping parent fd72:e9dd:7d27:e872:0:ff:fe00:7000
[parse] 2025-12-19T13:29:51.353 state -> child
[parse] 2025-12-19T13:29:51.359 parent RLOC16 -> 7000
[/dev/ttyACM0] ping parent fd72:e9dd:7d27:e872:0:ff:fe00:7000
[parse] 2025-12-19T13:29:52.430 state -> child
[parse] 2025-12-19T13:29:52.437 parent RLOC16 -> 7000
[/dev/ttyACM0] ping parent fd72:e9dd:7d27:e872:0:ff:fe00:7000
[parse] 2025-12-19T13:29:53.400 state -> child
[parse] 2025-12-19T13:29:53.404 parent RLOC16 -> 7000
[/dev/ttyACM0] ping parent fd72:e9dd:7d27:e872:0:ff:fe00:7000
[parse] 2025-12-19T13:29:54.428 state -> child
[parse] 2025-12-19T13:29:54.435 parent RLOC16 -> 7000
[/dev/ttyACM0] ping parent fd72:e9dd:7d27:e872:0:ff:fe00:7000
[parse] 2025-12-19T13:29:56.022 state -> child
[parse] 2025-12-19T13:29:56.030 parent RLOC16 -> 7000
[/dev/ttyACM0] ping parent fd72:e9dd:7d27:e872:0:ff:fe00:7000
[parse] 2025-12-19T13:29:56.385 state -> child
[parse] 2025-12-19T13:29:56.389 parent RLOC16 -> 7000
[/dev/ttyACM0] ping parent fd72:e9dd:7d27:e872:0:ff:fe00:7000
[parse] 2025-12-19T13:29:57.346 state -> child
[parse] 2025-12-19T13:29:57.351 parent RLOC16 -> 7000
[/dev/ttyACM0] ping parent fd72:e9dd:7d27:e872:0:ff:fe00:7000
[parse] 2025-12-19T13:29:58.348 state -> child
[parse] 2025-12-19T13:29:58.352 parent RLOC16 -> 7000
[/dev/ttyACM0] ping parent fd72:e9dd:7d27:e872:0:ff:fe00:7000
[parse] 2025-12-19T13:29:59.413 state -> child
[parse] 2025-12-19T13:29:59.419 parent RLOC16 -> 7000
[/dev/ttyACM0] ping parent fd72:e9dd:7d27:e872:0:ff:fe00:7000
[parse] 2025-12-19T13:30:00.377 state -> child
[parse] 2025-12-19T13:30:00.382 parent RLOC16 -> 7000
[/dev/ttyACM0] ping parent fd72:e9dd:7d27:e872:0:ff:fe00:7000
[parse] 2025-12-19T13:30:01.732 state -> child
[parse] 2025-12-19T13:30:01.735 parent RLOC16 -> 7000
[/dev/ttyACM0] ping parent fd72:e9dd:7d27:e872:0:ff:fe00:7000
[parse] 2025-12-19T13:30:02.395 state -> child
[parse] 2025-12-19T13:30:02.400 parent RLOC16 -> 7000
[/dev/ttyACM0] ping parent fd72:e9dd:7d27:e872:0:ff:fe00:7000
[parse] 2025-12-19T13:30:03.360 state -> child
[parse] 2025-12-19T13:30:03.366 parent RLOC16 -> 7000
[/dev/ttyACM0] ping parent fd72:e9dd:7d27:e872:0:ff:fe00:7000
[parse] 2025-12-19T13:30:04.342 state -> child
[parse] 2025-12-19T13:30:04.347 parent RLOC16 -> 7000
[/dev/ttyACM0] ping parent fd72:e9dd:7d27:e872:0:ff:fe00:7000
[parse] 2025-12-19T13:30:05.362 state -> child
[parse] 2025-12-19T13:30:05.369 parent RLOC16 -> 7000
[/dev/ttyACM0] ping parent fd72:e9dd:7d27:e872:0:ff:fe00:7000
[parse] 2025-12-19T13:30:06.430 state -> child
[parse] 2025-12-19T13:30:06.435 parent RLOC16 -> 7000
[/dev/ttyACM0] ping parent fd72:e9dd:7d27:e872:0:ff:fe00:7000
[parse] 2025-12-19T13:30:07.399 state -> child
[parse] 2025-12-19T13:30:07.404 parent RLOC16 -> 7000
[/dev/ttyACM0] ping parent fd72:e9dd:7d27:e872:0:ff:fe00:7000
[parse] 2025-12-19T13:30:08.364 state -> child
[parse] 2025-12-19T13:30:08.369 parent RLOC16 -> 7000
[/dev/ttyACM0] ping parent fd72:e9dd:7d27:e872:0:ff:fe00:7000
[parse] 2025-12-19T13:30:09.340 state -> child
[parse] 2025-12-19T13:30:09.345 parent RLOC16 -> 7000
[/dev/ttyACM0] ping parent fd72:e9dd:7d27:e872:0:ff:fe00:7000
[parse] 2025-12-19T13:30:10.374 state -> child
[parse] 2025-12-19T13:30:10.380 parent RLOC16 -> 7000
[/dev/ttyACM0] ping parent fd72:e9dd:7d27:e872:0:ff:fe00:7000
[parse] 2025-12-19T13:30:11.338 state -> child
[parse] 2025-12-19T13:30:11.344 parent RLOC16 -> 7000
[/dev/ttyACM0] ping parent fd72:e9dd:7d27:e872:0:ff:fe00:7000
[parse] 2025-12-19T13:30:12.402 state -> child
[parse] 2025-12-19T13:30:12.408 parent RLOC16 -> 7000
[/dev/ttyACM0] ping parent fd72:e9dd:7d27:e872:0:ff:fe00:7000
[parse] 2025-12-19T13:30:13.382 state -> child
[parse] 2025-12-19T13:30:13.387 parent RLOC16 -> 7000
[/dev/ttyACM0] ping parent fd72:e9dd:7d27:e872:0:ff:fe00:7000
[parse] 2025-12-19T13:30:14.375 state -> child
[parse] 2025-12-19T13:30:14.379 parent RLOC16 -> 7000
[/dev/ttyACM0] ping parent fd72:e9dd:7d27:e872:0:ff:fe00:7000
[parse] 2025-12-19T13:30:15.350 state -> child
[parse] 2025-12-19T13:30:15.355 parent RLOC16 -> 7000
[/dev/ttyACM0] ping parent fd72:e9dd:7d27:e872:0:ff:fe00:7000
[parse] 2025-12-19T13:30:16.422 state -> child
[parse] 2025-12-19T13:30:16.425 parent RLOC16 -> 7000
[/dev/ttyACM0] ping parent fd72:e9dd:7d27:e872:0:ff:fe00:7000
[parse] 2025-12-19T13:30:17.398 state -> child
[parse] 2025-12-19T13:30:17.402 parent RLOC16 -> 7000
[/dev/ttyACM0] ping parent fd72:e9dd:7d27:e872:0:ff:fe00:7000
[parse] 2025-12-19T13:30:18.368 state -> child
[parse] 2025-12-19T13:30:18.372 parent RLOC16 -> 7000
[/dev/ttyACM0] ping parent fd72:e9dd:7d27:e872:0:ff:fe00:7000
[parse] 2025-12-19T13:30:19.338 state -> child
[parse] 2025-12-19T13:30:19.343 parent RLOC16 -> 7000
[/dev/ttyACM0] ping parent fd72:e9dd:7d27:e872:0:ff:fe00:7000
[parse] 2025-12-19T13:30:20.412 state -> child
[parse] 2025-12-19T13:30:20.419 parent RLOC16 -> 7000
[/dev/ttyACM0] ping parent fd72:e9dd:7d27:e872:0:ff:fe00:7000
[parse] 2025-12-19T13:30:21.367 state -> child
[parse] 2025-12-19T13:30:21.371 parent RLOC16 -> 7000
[/dev/ttyACM0] ping parent fd72:e9dd:7d27:e872:0:ff:fe00:7000
[parse] 2025-12-19T13:30:22.432 state -> child
[parse] 2025-12-19T13:30:22.438 parent RLOC16 -> 7000
[/dev/ttyACM0] ping parent fd72:e9dd:7d27:e872:0:ff:fe00:7000
[parse] 2025-12-19T13:30:23.412 state -> child
[parse] 2025-12-19T13:30:23.419 parent RLOC16 -> 7000
[/dev/ttyACM0] ping parent fd72:e9dd:7d27:e872:0:ff:fe00:7000
[parse] 2025-12-19T13:30:24.376 state -> child
[parse] 2025-12-19T13:30:24.381 parent RLOC16 -> 7000
[/dev/ttyACM0] ping parent fd72:e9dd:7d27:e872:0:ff:fe00:7000
[parse] 2025-12-19T13:30:25.340 state -> child
[parse] 2025-12-19T13:30:25.345 parent RLOC16 -> 7000
[/dev/ttyACM0] ping parent fd72:e9dd:7d27:e872:0:ff:fe00:7000
[parse] 2025-12-19T13:30:26.403 state -> child
[parse] 2025-12-19T13:30:26.409 parent RLOC16 -> 7000
[/dev/ttyACM0] ping parent fd72:e9dd:7d27:e872:0:ff:fe00:7000
[parse] 2025-12-19T13:30:27.376 state -> child
[parse] 2025-12-19T13:30:27.381 parent RLOC16 -> 7000
[/dev/ttyACM0] ping parent fd72:e9dd:7d27:e872:0:ff:fe00:7000
[parse] 2025-12-19T13:30:28.350 state -> child
[parse] 2025-12-19T13:30:28.356 parent RLOC16 -> 7000
[/dev/ttyACM0] ping parent fd72:e9dd:7d27:e872:0:ff:fe00:7000
[parse] 2025-12-19T13:30:29.431 state -> child
[parse] 2025-12-19T13:30:29.438 parent RLOC16 -> 7000
[/dev/ttyACM0] ping parent fd72:e9dd:7d27:e872:0:ff:fe00:7000
[parse] 2025-12-19T13:30:30.395 state -> child
[parse] 2025-12-19T13:30:30.400 parent RLOC16 -> 7000
[/dev/ttyACM0] ping parent fd72:e9dd:7d27:e872:0:ff:fe00:7000
[parse] 2025-12-19T13:30:31.368 state -> child
[parse] 2025-12-19T13:30:31.373 parent RLOC16 -> 7000
[/dev/ttyACM0] ping parent fd72:e9dd:7d27:e872:0:ff:fe00:7000
[parse] 2025-12-19T13:30:32.339 state -> child
[parse] 2025-12-19T13:30:32.344 parent RLOC16 -> 7000
[/dev/ttyACM0] ping parent fd72:e9dd:7d27:e872:0:ff:fe00:7000
[parse] 2025-12-19T13:30:33.410 state -> child
[parse] 2025-12-19T13:30:33.416 parent RLOC16 -> 7000
[/dev/ttyACM0] ping parent fd72:e9dd:7d27:e872:0:ff:fe00:7000
[parse] 2025-12-19T13:30:34.373 state -> child
[parse] 2025-12-19T13:30:34.377 parent RLOC16 -> 7000
[/dev/ttyACM0] ping parent fd72:e9dd:7d27:e872:0:ff:fe00:7000
[parse] 2025-12-19T13:30:35.431 state -> child
[parse] 2025-12-19T13:30:35.437 parent RLOC16 -> 7000
[/dev/ttyACM0] ping parent fd72:e9dd:7d27:e872:0:ff:fe00:7000
[parse] 2025-12-19T13:30:36.414 state -> child
[parse] 2025-12-19T13:30:36.419 parent RLOC16 -> 7000
[/dev/ttyACM0] ping parent fd72:e9dd:7d27:e872:0:ff:fe00:7000
[parse] 2025-12-19T13:30:37.409 state -> child
[parse] 2025-12-19T13:30:37.414 parent RLOC16 -> 7000
[/dev/ttyACM0] ping parent fd72:e9dd:7d27:e872:0:ff:fe00:7000
[parse] 2025-12-19T13:30:38.398 state -> child
[parse] 2025-12-19T13:30:38.405 parent RLOC16 -> 7000
[/dev/ttyACM0] ping parent fd72:e9dd:7d27:e872:0:ff:fe00:7000
[parse] 2025-12-19T13:30:39.367 state -> child
[parse] 2025-12-19T13:30:39.373 parent RLOC16 -> 7000
[/dev/ttyACM0] ping parent fd72:e9dd:7d27:e872:0:ff:fe00:7000
[parse] 2025-12-19T13:30:40.433 state -> child
[parse] 2025-12-19T13:30:40.439 parent RLOC16 -> 7000
[/dev/ttyACM0] ping parent fd72:e9dd:7d27:e872:0:ff:fe00:7000
[parse] 2025-12-19T13:30:41.373 state -> child
[parse] 2025-12-19T13:30:41.379 parent RLOC16 -> 7000
[/dev/ttyACM0] ping parent fd72:e9dd:7d27:e872:0:ff:fe00:7000
[parse] 2025-12-19T13:30:42.381 state -> child
[parse] 2025-12-19T13:30:42.386 parent RLOC16 -> 7000
[/dev/ttyACM0] ping parent fd72:e9dd:7d27:e872:0:ff:fe00:7000
[parse] 2025-12-19T13:30:43.365 state -> child
[parse] 2025-12-19T13:30:43.370 parent RLOC16 -> 7000
[/dev/ttyACM0] ping parent fd72:e9dd:7d27:e872:0:ff:fe00:7000
[parse] 2025-12-19T13:30:44.342 state -> child
[parse] 2025-12-19T13:30:44.347 parent RLOC16 -> 7000
[/dev/ttyACM0] ping parent fd72:e9dd:7d27:e872:0:ff:fe00:7000
[parse] 2025-12-19T13:30:45.373 state -> child
[parse] 2025-12-19T13:30:45.378 parent RLOC16 -> 7000
[/dev/ttyACM0] ping parent fd72:e9dd:7d27:e872:0:ff:fe00:7000
[parse] 2025-12-19T13:30:46.412 state -> child
[parse] 2025-12-19T13:30:46.418 parent RLOC16 -> 7000
[/dev/ttyACM0] ping parent fd72:e9dd:7d27:e872:0:ff:fe00:7000
[parse] 2025-12-19T13:30:47.376 state -> child
[parse] 2025-12-19T13:30:47.381 parent RLOC16 -> 7000
[/dev/ttyACM0] ping parent fd72:e9dd:7d27:e872:0:ff:fe00:7000
[parse] 2025-12-19T13:30:48.340 state -> child
[parse] 2025-12-19T13:30:48.346 parent RLOC16 -> 7000
[/dev/ttyACM0] ping parent fd72:e9dd:7d27:e872:0:ff:fe00:7000
[parse] 2025-12-19T13:30:49.426 state -> child
[parse] 2025-12-19T13:30:49.432 parent RLOC16 -> 7000
[/dev/ttyACM0] ping parent fd72:e9dd:7d27:e872:0:ff:fe00:7000
[parse] 2025-12-19T13:30:50.427 state -> child
[parse] 2025-12-19T13:30:50.434 parent RLOC16 -> 7000
[/dev/ttyACM0] ping parent fd72:e9dd:7d27:e872:0:ff:fe00:7000
[parse] 2025-12-19T13:30:51.402 state -> child
[parse] 2025-12-19T13:30:51.406 parent RLOC16 -> 7000
[/dev/ttyACM0] ping parent fd72:e9dd:7d27:e872:0:ff:fe00:7000
[parse] 2025-12-19T13:30:52.365 state -> child
[parse] 2025-12-19T13:30:52.371 parent RLOC16 -> 7000
[/dev/ttyACM0] ping parent fd72:e9dd:7d27:e872:0:ff:fe00:7000
[parse] 2025-12-19T13:30:53.431 state -> child
[parse] 2025-12-19T13:30:53.438 parent RLOC16 -> 7000
[/dev/ttyACM0] ping parent fd72:e9dd:7d27:e872:0:ff:fe00:7000
[parse] 2025-12-19T13:30:54.395 state -> child
[parse] 2025-12-19T13:30:54.399 parent RLOC16 -> 7000
[/dev/ttyACM0] ping parent fd72:e9dd:7d27:e872:0:ff:fe00:7000
[parse] 2025-12-19T13:30:55.359 state -> child
[parse] 2025-12-19T13:30:55.365 parent RLOC16 -> 7000
[/dev/ttyACM0] ping parent fd72:e9dd:7d27:e872:0:ff:fe00:7000
[parse] 2025-12-19T13:30:56.355 state -> child
[parse] 2025-12-19T13:30:56.359 parent RLOC16 -> 7000
[/dev/ttyACM0] ping parent fd72:e9dd:7d27:e872:0:ff:fe00:7000
[parse] 2025-12-19T13:30:57.342 state -> child
[parse] 2025-12-19T13:30:57.346 parent RLOC16 -> 7000
[/dev/ttyACM0] ping parent fd72:e9dd:7d27:e872:0:ff:fe00:7000
[parse] 2025-12-19T13:30:58.350 state -> child
[parse] 2025-12-19T13:30:58.354 parent RLOC16 -> 7000
[/dev/ttyACM0] ping parent fd72:e9dd:7d27:e872:0:ff:fe00:7000
[parse] 2025-12-19T13:30:59.433 state -> child
[parse] 2025-12-19T13:30:59.438 parent RLOC16 -> 7000
[/dev/ttyACM0] ping parent fd72:e9dd:7d27:e872:0:ff:fe00:7000
[parse] 2025-12-19T13:31:00.396 state -> child
[parse] 2025-12-19T13:31:00.401 parent RLOC16 -> 7000
[/dev/ttyACM0] ping parent fd72:e9dd:7d27:e872:0:ff:fe00:7000
[parse] 2025-12-19T13:31:01.357 state -> child
[parse] 2025-12-19T13:31:01.363 parent RLOC16 -> 7000
[/dev/ttyACM0] ping parent fd72:e9dd:7d27:e872:0:ff:fe00:7000
[parse] 2025-12-19T13:31:02.367 state -> child
[parse] 2025-12-19T13:31:02.372 parent RLOC16 -> 7000
[/dev/ttyACM0] ping parent fd72:e9dd:7d27:e872:0:ff:fe00:7000
[parse] 2025-12-19T13:31:03.338 state -> child
[parse] 2025-12-19T13:31:03.342 parent RLOC16 -> 7000
[/dev/ttyACM0] ping parent fd72:e9dd:7d27:e872:0:ff:fe00:7000
[parse] 2025-12-19T13:31:04.411 state -> child
[parse] 2025-12-19T13:31:04.418 parent RLOC16 -> 7000
[/dev/ttyACM0] ping parent fd72:e9dd:7d27:e872:0:ff:fe00:7000
[parse] 2025-12-19T13:31:05.352 state -> child
[parse] 2025-12-19T13:31:05.358 parent RLOC16 -> 7000
[/dev/ttyACM0] ping parent fd72:e9dd:7d27:e872:0:ff:fe00:7000
[parse] 2025-12-19T13:31:06.355 state -> child
[parse] 2025-12-19T13:31:06.358 parent RLOC16 -> 7000
[/dev/ttyACM0] ping parent fd72:e9dd:7d27:e872:0:ff:fe00:7000
[parse] 2025-12-19T13:31:07.371 state -> child
[parse] 2025-12-19T13:31:07.376 parent RLOC16 -> 7000
[/dev/ttyACM0] ping parent fd72:e9dd:7d27:e872:0:ff:fe00:7000
[parse] 2025-12-19T13:31:08.351 state -> child
[parse] 2025-12-19T13:31:08.357 parent RLOC16 -> 7000
[/dev/ttyACM0] ping parent fd72:e9dd:7d27:e872:0:ff:fe00:7000
[parse] 2025-12-19T13:31:09.341 state -> child
[parse] 2025-12-19T13:31:09.346 parent RLOC16 -> 7000
[/dev/ttyACM0] ping parent fd72:e9dd:7d27:e872:0:ff:fe00:7000
[parse] 2025-12-19T13:31:10.346 state -> child
[parse] 2025-12-19T13:31:10.351 parent RLOC16 -> 7000
[/dev/ttyACM0] ping parent fd72:e9dd:7d27:e872:0:ff:fe00:7000
[parse] 2025-12-19T13:31:11.459 state -> child
[parse] 2025-12-19T13:31:11.464 parent RLOC16 -> 7000
[/dev/ttyACM0] ping parent fd72:e9dd:7d27:e872:0:ff:fe00:7000
[parse] 2025-12-19T13:31:12.428 state -> child
[parse] 2025-12-19T13:31:12.435 parent RLOC16 -> 7000
[/dev/ttyACM0] ping parent fd72:e9dd:7d27:e872:0:ff:fe00:7000
[parse] 2025-12-19T13:31:13.402 state -> child
[parse] 2025-12-19T13:31:13.406 parent RLOC16 -> 7000
[/dev/ttyACM0] ping parent fd72:e9dd:7d27:e872:0:ff:fe00:7000
[parse] 2025-12-19T13:31:14.368 state -> child
[parse] 2025-12-19T13:31:14.374 parent RLOC16 -> 7000
[/dev/ttyACM0] ping parent fd72:e9dd:7d27:e872:0:ff:fe00:7000
[/dev/ttyACM0] ping parent fd72:e9dd:7d27:e872:0:ff:fe00:7000
[parse] 2025-12-19T13:31:17.403 state -> child
[parse] 2025-12-19T13:31:17.410 parent RLOC16 -> 7000
[parse] 2025-12-19T13:31:17.464 state -> child
[parse] 2025-12-19T13:31:17.467 parent RLOC16 -> 7000
[/dev/ttyACM0] ping parent fd72:e9dd:7d27:e872:0:ff:fe00:7000
[parse] 2025-12-19T13:31:18.428 state -> child
[parse] 2025-12-19T13:31:18.435 parent RLOC16 -> 7000
[/dev/ttyACM0] ping parent fd72:e9dd:7d27:e872:0:ff:fe00:7000
[parse] 2025-12-19T13:31:19.392 state -> child
[parse] 2025-12-19T13:31:19.397 parent RLOC16 -> 7000
[/dev/ttyACM0] ping parent fd72:e9dd:7d27:e872:0:ff:fe00:7000
[parse] 2025-12-19T13:31:20.373 state -> child
[parse] 2025-12-19T13:31:20.378 parent RLOC16 -> 7000
[/dev/ttyACM0] ping parent fd72:e9dd:7d27:e872:0:ff:fe00:7000
[parse] 2025-12-19T13:31:21.337 state -> child
[parse] 2025-12-19T13:31:21.341 parent RLOC16 -> 7000
[/dev/ttyACM0] ping parent fd72:e9dd:7d27:e872:0:ff:fe00:7000
[parse] 2025-12-19T13:31:22.447 state -> child
[parse] 2025-12-19T13:31:22.452 parent RLOC16 -> 7000
[/dev/ttyACM0] ping parent fd72:e9dd:7d27:e872:0:ff:fe00:7000
[parse] 2025-12-19T13:31:23.412 state -> child
[parse] 2025-12-19T13:31:23.418 parent RLOC16 -> 7000
[/dev/ttyACM0] ping parent fd72:e9dd:7d27:e872:0:ff:fe00:7000
[parse] 2025-12-19T13:31:24.377 state -> child
[parse] 2025-12-19T13:31:24.383 parent RLOC16 -> 7000
[/dev/ttyACM0] ping parent fd72:e9dd:7d27:e872:0:ff:fe00:7000
[parse] 2025-12-19T13:31:25.364 state -> child
[parse] 2025-12-19T13:31:25.370 parent RLOC16 -> 7000
[/dev/ttyACM0] ping parent fd72:e9dd:7d27:e872:0:ff:fe00:7000
[parse] 2025-12-19T13:31:26.431 state -> child
[parse] 2025-12-19T13:31:26.436 parent RLOC16 -> 7000
[/dev/ttyACM0] ping parent fd72:e9dd:7d27:e872:0:ff:fe00:7000
[/dev/ttyACM0] ping parent fd72:e9dd:7d27:e872:0:ff:fe00:7000
[parse] 2025-12-19T13:31:28.577 state -> child
[parse] 2025-12-19T13:31:28.586 parent RLOC16 -> 7000
[parse] 2025-12-19T13:31:28.659 state -> child
[parse] 2025-12-19T13:31:28.662 parent RLOC16 -> 7000
[/dev/ttyACM0] ping parent fd72:e9dd:7d27:e872:0:ff:fe00:7000
[parse] 2025-12-19T13:31:29.338 state -> child
[parse] 2025-12-19T13:31:29.342 parent RLOC16 -> 7000
[/dev/ttyACM0] ping parent fd72:e9dd:7d27:e872:0:ff:fe00:7000
[parse] 2025-12-19T13:31:30.411 state -> child
[parse] 2025-12-19T13:31:30.418 parent RLOC16 -> 7000
[/dev/ttyACM0] ping parent fd72:e9dd:7d27:e872:0:ff:fe00:7000
[parse] 2025-12-19T13:31:31.337 state -> child
[parse] 2025-12-19T13:31:31.342 parent RLOC16 -> 7000
[/dev/ttyACM0] ping parent fd72:e9dd:7d27:e872:0:ff:fe00:7000
[parse] 2025-12-19T13:31:32.343 state -> child
[parse] 2025-12-19T13:31:32.348 parent RLOC16 -> 7000
[/dev/ttyACM0] ping parent fd72:e9dd:7d27:e872:0:ff:fe00:7000
[parse] 2025-12-19T13:31:33.356 state -> child
[parse] 2025-12-19T13:31:33.362 parent RLOC16 -> 7000
[/dev/ttyACM0] ping parent fd72:e9dd:7d27:e872:0:ff:fe00:7000
[parse] 2025-12-19T13:31:34.422 state -> child
[parse] 2025-12-19T13:31:34.428 parent RLOC16 -> 7000
[/dev/ttyACM0] ping parent fd72:e9dd:7d27:e872:0:ff:fe00:7000
[parse] 2025-12-19T13:31:35.387 state -> child
[parse] 2025-12-19T13:31:35.393 parent RLOC16 -> 7000
[/dev/ttyACM0] ping parent fd72:e9dd:7d27:e872:0:ff:fe00:7000
[parse] 2025-12-19T13:31:36.371 state -> child
[parse] 2025-12-19T13:31:36.376 parent RLOC16 -> 7000
[/dev/ttyACM0] ping parent fd72:e9dd:7d27:e872:0:ff:fe00:7000
[parse] 2025-12-19T13:31:37.351 state -> child
[parse] 2025-12-19T13:31:37.357 parent RLOC16 -> 7000
[/dev/ttyACM0] ping parent fd72:e9dd:7d27:e872:0:ff:fe00:7000
[parse] 2025-12-19T13:31:38.361 state -> child
[parse] 2025-12-19T13:31:38.366 parent RLOC16 -> 7000
[/dev/ttyACM0] ping parent fd72:e9dd:7d27:e872:0:ff:fe00:7000
[parse] 2025-12-19T13:31:39.429 state -> child
[parse] 2025-12-19T13:31:39.435 parent RLOC16 -> 7000
[/dev/ttyACM0] ping parent fd72:e9dd:7d27:e872:0:ff:fe00:7000
[parse] 2025-12-19T13:31:40.400 state -> child
[parse] 2025-12-19T13:31:40.404 parent RLOC16 -> 7000
[/dev/ttyACM0] ping parent fd72:e9dd:7d27:e872:0:ff:fe00:7000
[parse] 2025-12-19T13:31:41.364 state -> child
[parse] 2025-12-19T13:31:41.371 parent RLOC16 -> 7000
[/dev/ttyACM0] ping parent fd72:e9dd:7d27:e872:0:ff:fe00:7000
[parse] 2025-12-19T13:31:42.432 state -> child
[parse] 2025-12-19T13:31:42.439 parent RLOC16 -> 7000
[/dev/ttyACM0] ping parent fd72:e9dd:7d27:e872:0:ff:fe00:7000
[parse] 2025-12-19T13:31:43.400 state -> child
[parse] 2025-12-19T13:31:43.405 parent RLOC16 -> 7000
[/dev/ttyACM0] ping parent fd72:e9dd:7d27:e872:0:ff:fe00:7000
[parse] 2025-12-19T13:31:44.367 state -> child
[parse] 2025-12-19T13:31:44.372 parent RLOC16 -> 7000
[/dev/ttyACM0] ping parent fd72:e9dd:7d27:e872:0:ff:fe00:7000
[parse] 2025-12-19T13:31:45.433 state -> child
[parse] 2025-12-19T13:31:45.439 parent RLOC16 -> 7000
[/dev/ttyACM0] ping parent fd72:e9dd:7d27:e872:0:ff:fe00:7000
[parse] 2025-12-19T13:31:46.397 state -> child
[parse] 2025-12-19T13:31:46.401 parent RLOC16 -> 7000
[/dev/ttyACM0] ping parent fd72:e9dd:7d27:e872:0:ff:fe00:7000
[parse] 2025-12-19T13:31:47.372 state -> child
[parse] 2025-12-19T13:31:47.377 parent RLOC16 -> 7000
[/dev/ttyACM0] ping parent fd72:e9dd:7d27:e872:0:ff:fe00:7000
[parse] 2025-12-19T13:31:48.386 state -> child
[parse] 2025-12-19T13:31:48.391 parent RLOC16 -> 7000
[/dev/ttyACM0] ping parent fd72:e9dd:7d27:e872:0:ff:fe00:7000
[parse] 2025-12-19T13:31:49.416 state -> child
[parse] 2025-12-19T13:31:49.422 parent RLOC16 -> 7000
[/dev/ttyACM0] ping parent fd72:e9dd:7d27:e872:0:ff:fe00:7000
[parse] 2025-12-19T13:31:55.899 state -> child
[parse] 2025-12-19T13:31:55.903 parent RLOC16 -> 7000
[/dev/ttyACM0] ping parent fd72:e9dd:7d27:e872:0:ff:fe00:7000
[parse] 2025-12-19T13:31:56.360 state -> child
[parse] 2025-12-19T13:31:56.366 parent RLOC16 -> 7000
[/dev/ttyACM0] ping parent fd72:e9dd:7d27:e872:0:ff:fe00:7000
[parse] 2025-12-19T13:31:57.382 state -> child
[parse] 2025-12-19T13:31:57.386 parent RLOC16 -> 7000
[/dev/ttyACM0] ping parent fd72:e9dd:7d27:e872:0:ff:fe00:7000
[parse] 2025-12-19T13:31:58.346 state -> child
[parse] 2025-12-19T13:31:58.351 parent RLOC16 -> 7000
[/dev/ttyACM0] ping parent fd72:e9dd:7d27:e872:0:ff:fe00:7000
[parse] 2025-12-19T13:31:59.412 state -> child
[parse] 2025-12-19T13:31:59.419 parent RLOC16 -> 7000
[/dev/ttyACM0] ping parent fd72:e9dd:7d27:e872:0:ff:fe00:7000
[parse] 2025-12-19T13:32:00.352 state -> child
[parse] 2025-12-19T13:32:00.358 parent RLOC16 -> 7000
[/dev/ttyACM0] ping parent fd72:e9dd:7d27:e872:0:ff:fe00:7000
[/dev/ttyACM0] ping parent fd72:e9dd:7d27:e872:0:ff:fe00:7000
[parse] 2025-12-19T13:32:03.481 state -> child
[parse] 2025-12-19T13:32:03.486 parent RLOC16 -> 7000
[parse] 2025-12-19T13:32:03.539 state -> child
[parse] 2025-12-19T13:32:03.542 parent RLOC16 -> 7000
[/dev/ttyACM0] ping parent fd72:e9dd:7d27:e872:0:ff:fe00:7000
[parse] 2025-12-19T13:32:04.400 state -> child
[parse] 2025-12-19T13:32:04.405 parent RLOC16 -> 7000
[/dev/ttyACM0] ping parent fd72:e9dd:7d27:e872:0:ff:fe00:7000
[parse] 2025-12-19T13:32:05.366 state -> child
[parse] 2025-12-19T13:32:05.371 parent RLOC16 -> 7000
[/dev/ttyACM0] ping parent fd72:e9dd:7d27:e872:0:ff:fe00:7000
[parse] 2025-12-19T13:32:06.431 state -> child
[parse] 2025-12-19T13:32:06.437 parent RLOC16 -> 7000
[/dev/ttyACM0] ping parent fd72:e9dd:7d27:e872:0:ff:fe00:7000
[parse] 2025-12-19T13:32:07.397 state -> child
[parse] 2025-12-19T13:32:07.402 parent RLOC16 -> 7000
[/dev/ttyACM0] ping parent fd72:e9dd:7d27:e872:0:ff:fe00:7000
[parse] 2025-12-19T13:32:08.364 state -> child
[parse] 2025-12-19T13:32:08.369 parent RLOC16 -> 7000
[/dev/ttyACM0] ping parent fd72:e9dd:7d27:e872:0:ff:fe00:7000
[parse] 2025-12-19T13:32:09.430 state -> child
[parse] 2025-12-19T13:32:09.435 parent RLOC16 -> 7000
[/dev/ttyACM0] ping parent fd72:e9dd:7d27:e872:0:ff:fe00:7000
[parse] 2025-12-19T13:32:10.396 state -> child
[parse] 2025-12-19T13:32:10.402 parent RLOC16 -> 7000
[/dev/ttyACM0] ping parent fd72:e9dd:7d27:e872:0:ff:fe00:7000
[parse] 2025-12-19T13:32:11.354 state -> child
[parse] 2025-12-19T13:32:11.360 parent RLOC16 -> 7000
[/dev/ttyACM0] ping parent fd72:e9dd:7d27:e872:0:ff:fe00:7000
[parse] 2025-12-19T13:32:12.342 state -> child
[parse] 2025-12-19T13:32:12.346 parent RLOC16 -> e000
[/dev/ttyACM0] ping parent fd72:e9dd:7d27:e872:0:ff:fe00:e000
[parse] 2025-12-19T13:32:13.410 state -> child
[parse] 2025-12-19T13:32:13.416 parent RLOC16 -> e000
[/dev/ttyACM0] ping parent fd72:e9dd:7d27:e872:0:ff:fe00:e000
[parse] 2025-12-19T13:32:14.375 state -> child
[parse] 2025-12-19T13:32:14.380 parent RLOC16 -> e000
[/dev/ttyACM0] ping parent fd72:e9dd:7d27:e872:0:ff:fe00:e000
[parse] 2025-12-19T13:32:15.351 state -> child
[parse] 2025-12-19T13:32:15.357 parent RLOC16 -> e000
[/dev/ttyACM0] ping parent fd72:e9dd:7d27:e872:0:ff:fe00:e000
[parse] 2025-12-19T13:32:16.419 state -> child
[parse] 2025-12-19T13:32:16.424 parent RLOC16 -> e000
[/dev/ttyACM0] ping parent fd72:e9dd:7d27:e872:0:ff:fe00:e000
[parse] 2025-12-19T13:32:17.372 state -> child
[parse] 2025-12-19T13:32:17.377 parent RLOC16 -> e000
[/dev/ttyACM0] ping parent fd72:e9dd:7d27:e872:0:ff:fe00:e000
[parse] 2025-12-19T13:32:18.411 state -> child
[parse] 2025-12-19T13:32:18.418 parent RLOC16 -> e000
[/dev/ttyACM0] ping parent fd72:e9dd:7d27:e872:0:ff:fe00:e000
[parse] 2025-12-19T13:32:19.391 state -> child
[parse] 2025-12-19T13:32:19.395 parent RLOC16 -> e000
[/dev/ttyACM0] ping parent fd72:e9dd:7d27:e872:0:ff:fe00:e000
[parse] 2025-12-19T13:32:20.359 state -> child
[parse] 2025-12-19T13:32:20.365 parent RLOC16 -> e000
[/dev/ttyACM0] ping parent fd72:e9dd:7d27:e872:0:ff:fe00:e000
[parse] 2025-12-19T13:32:21.383 state -> child
[parse] 2025-12-19T13:32:21.388 parent RLOC16 -> e000
[/dev/ttyACM0] ping parent fd72:e9dd:7d27:e872:0:ff:fe00:e000
[parse] 2025-12-19T13:32:22.362 state -> child
[parse] 2025-12-19T13:32:22.369 parent RLOC16 -> e000
[/dev/ttyACM0] ping parent fd72:e9dd:7d27:e872:0:ff:fe00:e000
[parse] 2025-12-19T13:32:23.429 state -> child
[parse] 2025-12-19T13:32:23.435 parent RLOC16 -> e000
[/dev/ttyACM0] ping parent fd72:e9dd:7d27:e872:0:ff:fe00:e000
[parse] 2025-12-19T13:32:24.393 state -> child
[parse] 2025-12-19T13:32:24.398 parent RLOC16 -> e000
[/dev/ttyACM0] ping parent fd72:e9dd:7d27:e872:0:ff:fe00:e000
[parse] 2025-12-19T13:32:25.350 state -> child
[parse] 2025-12-19T13:32:25.354 parent RLOC16 -> e000
[/dev/ttyACM0] ping parent fd72:e9dd:7d27:e872:0:ff:fe00:e000
[parse] 2025-12-19T13:32:26.380 state -> child
[parse] 2025-12-19T13:32:26.386 parent RLOC16 -> e000
[/dev/ttyACM0] ping parent fd72:e9dd:7d27:e872:0:ff:fe00:e000
[parse] 2025-12-19T13:32:27.365 state -> child
[parse] 2025-12-19T13:32:27.369 parent RLOC16 -> 7000
[/dev/ttyACM0] ping parent fd72:e9dd:7d27:e872:0:ff:fe00:7000
[parse] 2025-12-19T13:32:28.356 state -> child
[parse] 2025-12-19T13:32:28.362 parent RLOC16 -> 7000
[/dev/ttyACM0] ping parent fd72:e9dd:7d27:e872:0:ff:fe00:7000
[parse] 2025-12-19T13:32:29.433 state -> child
[parse] 2025-12-19T13:32:29.440 parent RLOC16 -> 7000
[/dev/ttyACM0] ping parent fd72:e9dd:7d27:e872:0:ff:fe00:7000
[parse] 2025-12-19T13:32:30.388 state -> child
[parse] 2025-12-19T13:32:30.392 parent RLOC16 -> 7000
[/dev/ttyACM0] ping parent fd72:e9dd:7d27:e872:0:ff:fe00:7000
[parse] 2025-12-19T13:32:32.989 state -> child
[parse] 2025-12-19T13:32:32.992 parent RLOC16 -> 7000
[/dev/ttyACM0] ping parent fd72:e9dd:7d27:e872:0:ff:fe00:7000
[parse] 2025-12-19T13:32:33.347 state -> child
[parse] 2025-12-19T13:32:33.353 parent RLOC16 -> 7000
[/dev/ttyACM0] ping parent fd72:e9dd:7d27:e872:0:ff:fe00:7000
[parse] 2025-12-19T13:32:34.352 state -> child
[parse] 2025-12-19T13:32:34.357 parent RLOC16 -> 7000
[/dev/ttyACM0] ping parent fd72:e9dd:7d27:e872:0:ff:fe00:7000
[parse] 2025-12-19T13:32:35.434 state -> child
[parse] 2025-12-19T13:32:35.440 parent RLOC16 -> 7000
[/dev/ttyACM0] ping parent fd72:e9dd:7d27:e872:0:ff:fe00:7000
[parse] 2025-12-19T13:32:36.400 state -> child
[parse] 2025-12-19T13:32:36.405 parent RLOC16 -> 7000
[/dev/ttyACM0] ping parent fd72:e9dd:7d27:e872:0:ff:fe00:7000
[parse] 2025-12-19T13:32:37.364 state -> child
[parse] 2025-12-19T13:32:37.370 parent RLOC16 -> 7000
[/dev/ttyACM0] ping parent fd72:e9dd:7d27:e872:0:ff:fe00:7000
[parse] 2025-12-19T13:32:38.344 state -> child
[parse] 2025-12-19T13:32:38.349 parent RLOC16 -> 7000
[/dev/ttyACM0] ping parent fd72:e9dd:7d27:e872:0:ff:fe00:7000
[parse] 2025-12-19T13:32:39.429 state -> child
[parse] 2025-12-19T13:32:39.434 parent RLOC16 -> 7000
[/dev/ttyACM0] ping parent fd72:e9dd:7d27:e872:0:ff:fe00:7000
[parse] 2025-12-19T13:32:40.395 state -> child
[parse] 2025-12-19T13:32:40.403 parent RLOC16 -> 7000
[/dev/ttyACM0] ping parent fd72:e9dd:7d27:e872:0:ff:fe00:7000
[parse] 2025-12-19T13:32:41.401 state -> child
[parse] 2025-12-19T13:32:41.406 parent RLOC16 -> 7000
[/dev/ttyACM0] ping parent fd72:e9dd:7d27:e872:0:ff:fe00:7000
[parse] 2025-12-19T13:32:42.445 state -> child
[parse] 2025-12-19T13:32:42.448 parent RLOC16 -> 7000
[/dev/ttyACM0] ping parent fd72:e9dd:7d27:e872:0:ff:fe00:7000
[parse] 2025-12-19T13:32:43.392 state -> child
[parse] 2025-12-19T13:32:43.395 parent RLOC16 -> 7000
[/dev/ttyACM0] ping parent fd72:e9dd:7d27:e872:0:ff:fe00:7000
[parse] 2025-12-19T13:32:44.374 state -> child
[parse] 2025-12-19T13:32:44.380 parent RLOC16 -> e000
[/dev/ttyACM0] ping parent fd72:e9dd:7d27:e872:0:ff:fe00:e000
[parse] 2025-12-19T13:32:45.345 state -> child
[parse] 2025-12-19T13:32:45.350 parent RLOC16 -> e000
[/dev/ttyACM0] ping parent fd72:e9dd:7d27:e872:0:ff:fe00:e000
[parse] 2025-12-19T13:32:46.411 state -> child
[parse] 2025-12-19T13:32:46.417 parent RLOC16 -> e000
[/dev/ttyACM0] ping parent fd72:e9dd:7d27:e872:0:ff:fe00:e000
[parse] 2025-12-19T13:32:47.377 state -> child
[parse] 2025-12-19T13:32:47.381 parent RLOC16 -> e000
[/dev/ttyACM0] ping parent fd72:e9dd:7d27:e872:0:ff:fe00:e000
[parse] 2025-12-19T13:32:48.371 state -> child
[parse] 2025-12-19T13:32:48.376 parent RLOC16 -> e000
[/dev/ttyACM0] ping parent fd72:e9dd:7d27:e872:0:ff:fe00:e000
[parse] 2025-12-19T13:32:49.437 state -> child
[parse] 2025-12-19T13:32:49.442 parent RLOC16 -> e000
[/dev/ttyACM0] ping parent fd72:e9dd:7d27:e872:0:ff:fe00:e000
[parse] 2025-12-19T13:32:50.410 state -> child
[parse] 2025-12-19T13:32:50.416 parent RLOC16 -> e000
[/dev/ttyACM0] ping parent fd72:e9dd:7d27:e872:0:ff:fe00:e000
[parse] 2025-12-19T13:32:51.401 state -> child
[parse] 2025-12-19T13:32:51.406 parent RLOC16 -> e000
[/dev/ttyACM0] ping parent fd72:e9dd:7d27:e872:0:ff:fe00:e000
[parse] 2025-12-19T13:32:52.884 state -> child
[parse] 2025-12-19T13:32:52.887 parent RLOC16 -> 7000
[/dev/ttyACM0] ping parent fd72:e9dd:7d27:e872:0:ff:fe00:7000
[parse] 2025-12-19T13:32:53.343 state -> child
[parse] 2025-12-19T13:32:53.347 parent RLOC16 -> 7000
[/dev/ttyACM0] ping parent fd72:e9dd:7d27:e872:0:ff:fe00:7000
[parse] 2025-12-19T13:32:54.410 state -> child
[parse] 2025-12-19T13:32:54.415 parent RLOC16 -> 7000
[/dev/ttyACM0] ping parent fd72:e9dd:7d27:e872:0:ff:fe00:7000
[parse] 2025-12-19T13:32:55.382 state -> child
[parse] 2025-12-19T13:32:55.387 parent RLOC16 -> 7000
[/dev/ttyACM0] ping parent fd72:e9dd:7d27:e872:0:ff:fe00:7000
[parse] 2025-12-19T13:32:56.347 state -> child
[parse] 2025-12-19T13:32:56.353 parent RLOC16 -> 7000
[/dev/ttyACM0] ping parent fd72:e9dd:7d27:e872:0:ff:fe00:7000
[parse] 2025-12-19T13:32:57.414 state -> child
[parse] 2025-12-19T13:32:57.419 parent RLOC16 -> 7000
[/dev/ttyACM0] ping parent fd72:e9dd:7d27:e872:0:ff:fe00:7000
[parse] 2025-12-19T13:32:58.379 state -> child
[parse] 2025-12-19T13:32:58.385 parent RLOC16 -> 7000
[/dev/ttyACM0] ping parent fd72:e9dd:7d27:e872:0:ff:fe00:7000
[parse] 2025-12-19T13:32:59.399 state -> child
[parse] 2025-12-19T13:32:59.404 parent RLOC16 -> 7000
[/dev/ttyACM0] ping parent fd72:e9dd:7d27:e872:0:ff:fe00:7000
[parse] 2025-12-19T13:33:00.365 state -> child
[parse] 2025-12-19T13:33:00.371 parent RLOC16 -> 7000
[/dev/ttyACM0] ping parent fd72:e9dd:7d27:e872:0:ff:fe00:7000
[parse] 2025-12-19T13:33:01.428 state -> child
[parse] 2025-12-19T13:33:01.431 parent RLOC16 -> 7000
[/dev/ttyACM0] ping parent fd72:e9dd:7d27:e872:0:ff:fe00:7000
[parse] 2025-12-19T13:33:02.403 state -> child
[parse] 2025-12-19T13:33:02.408 parent RLOC16 -> 7000
[/dev/ttyACM0] ping parent fd72:e9dd:7d27:e872:0:ff:fe00:7000
[parse] 2025-12-19T13:33:03.368 state -> child
[parse] 2025-12-19T13:33:03.373 parent RLOC16 -> 7000
[/dev/ttyACM0] ping parent fd72:e9dd:7d27:e872:0:ff:fe00:7000
[parse] 2025-12-19T13:33:04.358 state -> child
[parse] 2025-12-19T13:33:04.375 parent RLOC16 -> 7000
[/dev/ttyACM0] ping parent fd72:e9dd:7d27:e872:0:ff:fe00:7000
[parse] 2025-12-19T13:33:05.365 state -> child
[parse] 2025-12-19T13:33:05.371 parent RLOC16 -> e000
[/dev/ttyACM0] ping parent fd72:e9dd:7d27:e872:0:ff:fe00:e000
[parse] 2025-12-19T13:33:06.436 state -> child
[parse] 2025-12-19T13:33:06.441 parent RLOC16 -> e000
[/dev/ttyACM0] ping parent fd72:e9dd:7d27:e872:0:ff:fe00:e000
[parse] 2025-12-19T13:33:07.402 state -> child
[parse] 2025-12-19T13:33:07.407 parent RLOC16 -> e000
[/dev/ttyACM0] ping parent fd72:e9dd:7d27:e872:0:ff:fe00:e000
[parse] 2025-12-19T13:33:08.367 state -> child
[parse] 2025-12-19T13:33:08.371 parent RLOC16 -> e000
[/dev/ttyACM0] ping parent fd72:e9dd:7d27:e872:0:ff:fe00:e000
[parse] 2025-12-19T13:33:09.434 state -> child
[parse] 2025-12-19T13:33:09.440 parent RLOC16 -> e000
[/dev/ttyACM0] ping parent fd72:e9dd:7d27:e872:0:ff:fe00:e000
[parse] 2025-12-19T13:33:10.371 state -> child
[parse] 2025-12-19T13:33:10.377 parent RLOC16 -> e000
[/dev/ttyACM0] ping parent fd72:e9dd:7d27:e872:0:ff:fe00:e000
[parse] 2025-12-19T13:33:11.339 state -> child
[parse] 2025-12-19T13:33:11.344 parent RLOC16 -> e000
[/dev/ttyACM0] ping parent fd72:e9dd:7d27:e872:0:ff:fe00:e000
[parse] 2025-12-19T13:33:12.476 state -> child
[parse] 2025-12-19T13:33:12.480 parent RLOC16 -> e000
[/dev/ttyACM0] ping parent fd72:e9dd:7d27:e872:0:ff:fe00:e000
[parse] 2025-12-19T13:33:13.370 state -> child
[parse] 2025-12-19T13:33:13.375 parent RLOC16 -> 7000
[/dev/ttyACM0] ping parent fd72:e9dd:7d27:e872:0:ff:fe00:7000
[parse] 2025-12-19T13:33:14.365 state -> child
[parse] 2025-12-19T13:33:14.369 parent RLOC16 -> 7000
[/dev/ttyACM0] ping parent fd72:e9dd:7d27:e872:0:ff:fe00:7000
[parse] 2025-12-19T13:33:15.439 state -> child
[parse] 2025-12-19T13:33:15.444 parent RLOC16 -> 7000
[/dev/ttyACM0] ping parent fd72:e9dd:7d27:e872:0:ff:fe00:7000
[parse] 2025-12-19T13:33:16.402 state -> child
[parse] 2025-12-19T13:33:16.407 parent RLOC16 -> 7000
[/dev/ttyACM0] ping parent fd72:e9dd:7d27:e872:0:ff:fe00:7000
[parse] 2025-12-19T13:33:17.373 state -> child
[parse] 2025-12-19T13:33:17.377 parent RLOC16 -> 7000
[/dev/ttyACM0] ping parent fd72:e9dd:7d27:e872:0:ff:fe00:7000
[parse] 2025-12-19T13:33:18.348 state -> child
[parse] 2025-12-19T13:33:18.356 parent RLOC16 -> 7000
[/dev/ttyACM0] ping parent fd72:e9dd:7d27:e872:0:ff:fe00:7000
[parse] 2025-12-19T13:33:19.416 state -> child
[parse] 2025-12-19T13:33:19.422 parent RLOC16 -> 7000
[/dev/ttyACM0] ping parent fd72:e9dd:7d27:e872:0:ff:fe00:7000
[parse] 2025-12-19T13:33:20.405 state -> child
[parse] 2025-12-19T13:33:20.410 parent RLOC16 -> 7000
[/dev/ttyACM0] ping parent fd72:e9dd:7d27:e872:0:ff:fe00:7000
[parse] 2025-12-19T13:33:21.369 state -> child
[parse] 2025-12-19T13:33:21.375 parent RLOC16 -> 7000
[/dev/ttyACM0] ping parent fd72:e9dd:7d27:e872:0:ff:fe00:7000
[parse] 2025-12-19T13:33:22.338 state -> child
[parse] 2025-12-19T13:33:22.343 parent RLOC16 -> 7000
[/dev/ttyACM0] ping parent fd72:e9dd:7d27:e872:0:ff:fe00:7000
[parse] 2025-12-19T13:33:23.366 state -> child
[parse] 2025-12-19T13:33:23.371 parent RLOC16 -> 7000
[/dev/ttyACM0] ping parent fd72:e9dd:7d27:e872:0:ff:fe00:7000
[parse] 2025-12-19T13:33:24.362 state -> child
[parse] 2025-12-19T13:33:24.368 parent RLOC16 -> e000
[/dev/ttyACM0] ping parent fd72:e9dd:7d27:e872:0:ff:fe00:e000
[parse] 2025-12-19T13:33:25.428 state -> child
[parse] 2025-12-19T13:33:25.434 parent RLOC16 -> e000
[/dev/ttyACM0] ping parent fd72:e9dd:7d27:e872:0:ff:fe00:e000
[parse] 2025-12-19T13:33:26.406 state -> child
[parse] 2025-12-19T13:33:26.412 parent RLOC16 -> e000
[/dev/ttyACM0] ping parent fd72:e9dd:7d27:e872:0:ff:fe00:e000
[parse] 2025-12-19T13:33:27.370 state -> child
[parse] 2025-12-19T13:33:27.376 parent RLOC16 -> e000
[/dev/ttyACM0] ping parent fd72:e9dd:7d27:e872:0:ff:fe00:e000
[parse] 2025-12-19T13:33:28.353 state -> child
[parse] 2025-12-19T13:33:28.359 parent RLOC16 -> e000
[/dev/ttyACM0] ping parent fd72:e9dd:7d27:e872:0:ff:fe00:e000
[parse] 2025-12-19T13:33:29.420 state -> child
[parse] 2025-12-19T13:33:29.427 parent RLOC16 -> e000
[/dev/ttyACM0] ping parent fd72:e9dd:7d27:e872:0:ff:fe00:e000
[parse] 2025-12-19T13:33:30.389 state -> child
[parse] 2025-12-19T13:33:30.395 parent RLOC16 -> e000
[/dev/ttyACM0] ping parent fd72:e9dd:7d27:e872:0:ff:fe00:e000
[parse] 2025-12-19T13:33:31.356 state -> child
[parse] 2025-12-19T13:33:31.361 parent RLOC16 -> e000
[/dev/ttyACM0] ping parent fd72:e9dd:7d27:e872:0:ff:fe00:e000
[parse] 2025-12-19T13:33:32.436 state -> child
[parse] 2025-12-19T13:33:32.442 parent RLOC16 -> e000
[/dev/ttyACM0] ping parent fd72:e9dd:7d27:e872:0:ff:fe00:e000
[parse] 2025-12-19T13:33:33.388 state -> child
[parse] 2025-12-19T13:33:33.391 parent RLOC16 -> e000
[/dev/ttyACM0] ping parent fd72:e9dd:7d27:e872:0:ff:fe00:e000
[parse] 2025-12-19T13:33:34.427 state -> child
[parse] 2025-12-19T13:33:34.433 parent RLOC16 -> e000
[/dev/ttyACM0] ping parent fd72:e9dd:7d27:e872:0:ff:fe00:e000
[parse] 2025-12-19T13:33:35.392 state -> child
[parse] 2025-12-19T13:33:35.398 parent RLOC16 -> e000
[/dev/ttyACM0] ping parent fd72:e9dd:7d27:e872:0:ff:fe00:e000
[parse] 2025-12-19T13:33:36.359 state -> child
[parse] 2025-12-19T13:33:36.365 parent RLOC16 -> e000
[/dev/ttyACM0] ping parent fd72:e9dd:7d27:e872:0:ff:fe00:e000
[parse] 2025-12-19T13:33:37.431 state -> child
[parse] 2025-12-19T13:33:37.437 parent RLOC16 -> e000
[/dev/ttyACM0] ping parent fd72:e9dd:7d27:e872:0:ff:fe00:e000
[/dev/ttyACM0] ping parent fd72:e9dd:7d27:e872:0:ff:fe00:e000
[parse] 2025-12-19T13:33:40.682 state -> child
[parse] 2025-12-19T13:33:40.688 parent RLOC16 -> e000
[parse] 2025-12-19T13:33:40.742 state -> child
[parse] 2025-12-19T13:33:40.745 parent RLOC16 -> e000
[/dev/ttyACM0] ping parent fd72:e9dd:7d27:e872:0:ff:fe00:e000
[parse] 2025-12-19T13:33:41.403 state -> child
[parse] 2025-12-19T13:33:41.409 parent RLOC16 -> e000
[/dev/ttyACM0] ping parent fd72:e9dd:7d27:e872:0:ff:fe00:e000
[parse] 2025-12-19T13:33:42.371 state -> child
[parse] 2025-12-19T13:33:42.375 parent RLOC16 -> e000
[/dev/ttyACM0] ping parent fd72:e9dd:7d27:e872:0:ff:fe00:e000
[parse] 2025-12-19T13:33:43.377 state -> child
[parse] 2025-12-19T13:33:43.382 parent RLOC16 -> e000
[/dev/ttyACM0] ping parent fd72:e9dd:7d27:e872:0:ff:fe00:e000
[parse] 2025-12-19T13:33:44.347 state -> child
[parse] 2025-12-19T13:33:44.352 parent RLOC16 -> e000
[/dev/ttyACM0] ping parent fd72:e9dd:7d27:e872:0:ff:fe00:e000
[parse] 2025-12-19T13:33:45.436 state -> child
[parse] 2025-12-19T13:33:45.439 parent RLOC16 -> e000
[/dev/ttyACM0] ping parent fd72:e9dd:7d27:e872:0:ff:fe00:e000
[parse] 2025-12-19T13:33:46.410 state -> child
[parse] 2025-12-19T13:33:46.415 parent RLOC16 -> e000
[/dev/ttyACM0] ping parent fd72:e9dd:7d27:e872:0:ff:fe00:e000
[parse] 2025-12-19T13:33:47.363 state -> child
[parse] 2025-12-19T13:33:47.369 parent RLOC16 -> e000
[/dev/ttyACM0] ping parent fd72:e9dd:7d27:e872:0:ff:fe00:e000
[parse] 2025-12-19T13:33:48.398 state -> child
[parse] 2025-12-19T13:33:48.404 parent RLOC16 -> 7000
[/dev/ttyACM0] ping parent fd72:e9dd:7d27:e872:0:ff:fe00:7000
[parse] 2025-12-19T13:33:49.365 state -> child
[parse] 2025-12-19T13:33:49.371 parent RLOC16 -> 7000
[/dev/ttyACM0] ping parent fd72:e9dd:7d27:e872:0:ff:fe00:7000
[parse] 2025-12-19T13:33:50.431 state -> child
[parse] 2025-12-19T13:33:50.437 parent RLOC16 -> 7000
[/dev/ttyACM0] ping parent fd72:e9dd:7d27:e872:0:ff:fe00:7000
[parse] 2025-12-19T13:33:51.399 state -> child
[parse] 2025-12-19T13:33:51.405 parent RLOC16 -> 7000
[/dev/ttyACM0] ping parent fd72:e9dd:7d27:e872:0:ff:fe00:7000
[parse] 2025-12-19T13:33:52.367 state -> child
[parse] 2025-12-19T13:33:52.374 parent RLOC16 -> 7000
[/dev/ttyACM0] ping parent fd72:e9dd:7d27:e872:0:ff:fe00:7000
[parse] 2025-12-19T13:33:53.477 state -> child
[parse] 2025-12-19T13:33:53.484 parent RLOC16 -> 7000
[/dev/ttyACM0] ping parent fd72:e9dd:7d27:e872:0:ff:fe00:7000
[parse] 2025-12-19T13:33:54.387 state -> child
[parse] 2025-12-19T13:33:54.393 parent RLOC16 -> 7000
[/dev/ttyACM0] ping parent fd72:e9dd:7d27:e872:0:ff:fe00:7000
[parse] 2025-12-19T13:33:55.351 state -> child
[parse] 2025-12-19T13:33:55.356 parent RLOC16 -> 7000
[/dev/ttyACM0] ping parent fd72:e9dd:7d27:e872:0:ff:fe00:7000
[parse] 2025-12-19T13:33:56.358 state -> child
[parse] 2025-12-19T13:33:56.364 parent RLOC16 -> 7000
[/dev/ttyACM0] ping parent fd72:e9dd:7d27:e872:0:ff:fe00:7000
[parse] 2025-12-19T13:33:57.424 state -> child
[parse] 2025-12-19T13:33:57.430 parent RLOC16 -> 7000
[/dev/ttyACM0] ping parent fd72:e9dd:7d27:e872:0:ff:fe00:7000
[parse] 2025-12-19T13:33:58.388 state -> child
[parse] 2025-12-19T13:33:58.393 parent RLOC16 -> 7000
[/dev/ttyACM0] ping parent fd72:e9dd:7d27:e872:0:ff:fe00:7000
[parse] 2025-12-19T13:33:59.402 state -> child
[parse] 2025-12-19T13:33:59.408 parent RLOC16 -> 7000
[/dev/ttyACM0] ping parent fd72:e9dd:7d27:e872:0:ff:fe00:7000
[parse] 2025-12-19T13:34:00.367 state -> child
[parse] 2025-12-19T13:34:00.371 parent RLOC16 -> 7000
[/dev/ttyACM0] ping parent fd72:e9dd:7d27:e872:0:ff:fe00:7000
[parse] 2025-12-19T13:34:01.432 state -> child
[parse] 2025-12-19T13:34:01.439 parent RLOC16 -> 7000
[/dev/ttyACM0] ping parent fd72:e9dd:7d27:e872:0:ff:fe00:7000
[parse] 2025-12-19T13:34:02.400 state -> child
[parse] 2025-12-19T13:34:02.405 parent RLOC16 -> 7000
[/dev/ttyACM0] ping parent fd72:e9dd:7d27:e872:0:ff:fe00:7000
[parse] 2025-12-19T13:34:03.370 state -> child
[parse] 2025-12-19T13:34:03.375 parent RLOC16 -> 7000
[/dev/ttyACM0] ping parent fd72:e9dd:7d27:e872:0:ff:fe00:7000
[parse] 2025-12-19T13:34:04.407 state -> child
[parse] 2025-12-19T13:34:04.412 parent RLOC16 -> 7000
[/dev/ttyACM0] ping parent fd72:e9dd:7d27:e872:0:ff:fe00:7000
[parse] 2025-12-19T13:34:05.380 state -> child
[parse] 2025-12-19T13:34:05.384 parent RLOC16 -> 7000
[/dev/ttyACM0] ping parent fd72:e9dd:7d27:e872:0:ff:fe00:7000
[parse] 2025-12-19T13:34:06.362 state -> child
[parse] 2025-12-19T13:34:06.368 parent RLOC16 -> 7000
[/dev/ttyACM0] ping parent fd72:e9dd:7d27:e872:0:ff:fe00:7000
[parse] 2025-12-19T13:34:07.343 state -> child
[parse] 2025-12-19T13:34:07.348 parent RLOC16 -> 7000
[/dev/ttyACM0] ping parent fd72:e9dd:7d27:e872:0:ff:fe00:7000
[parse] 2025-12-19T13:34:08.408 state -> child
[parse] 2025-12-19T13:34:08.413 parent RLOC16 -> 7000
[/dev/ttyACM0] ping parent fd72:e9dd:7d27:e872:0:ff:fe00:7000
[parse] 2025-12-19T13:34:09.423 state -> child
[parse] 2025-12-19T13:34:09.430 parent RLOC16 -> 7000
[/dev/ttyACM0] ping parent fd72:e9dd:7d27:e872:0:ff:fe00:7000
[parse] 2025-12-19T13:34:10.404 state -> child
[parse] 2025-12-19T13:34:10.409 parent RLOC16 -> 7000
[/dev/ttyACM0] ping parent fd72:e9dd:7d27:e872:0:ff:fe00:7000
[parse] 2025-12-19T13:34:11.360 state -> child
[parse] 2025-12-19T13:34:11.366 parent RLOC16 -> 7000
[/dev/ttyACM0] ping parent fd72:e9dd:7d27:e872:0:ff:fe00:7000
[parse] 2025-12-19T13:34:12.339 state -> child
[parse] 2025-12-19T13:34:12.344 parent RLOC16 -> 7000
[/dev/ttyACM0] ping parent fd72:e9dd:7d27:e872:0:ff:fe00:7000
[parse] 2025-12-19T13:34:13.412 state -> child
[parse] 2025-12-19T13:34:13.418 parent RLOC16 -> 7000
[/dev/ttyACM0] ping parent fd72:e9dd:7d27:e872:0:ff:fe00:7000
[parse] 2025-12-19T13:34:15.942 state -> child
[parse] 2025-12-19T13:34:15.945 parent RLOC16 -> 7000
[/dev/ttyACM0] ping parent fd72:e9dd:7d27:e872:0:ff:fe00:7000
[parse] 2025-12-19T13:34:16.403 state -> child
[parse] 2025-12-19T13:34:16.409 parent RLOC16 -> 7000
[/dev/ttyACM0] ping parent fd72:e9dd:7d27:e872:0:ff:fe00:7000
[parse] 2025-12-19T13:34:17.368 state -> child
[parse] 2025-12-19T13:34:17.373 parent RLOC16 -> 7000
[/dev/ttyACM0] ping parent fd72:e9dd:7d27:e872:0:ff:fe00:7000
[parse] 2025-12-19T13:34:18.389 state -> child
[parse] 2025-12-19T13:34:18.394 parent RLOC16 -> 7000
[/dev/ttyACM0] ping parent fd72:e9dd:7d27:e872:0:ff:fe00:7000
[parse] 2025-12-19T13:34:19.361 state -> child
[parse] 2025-12-19T13:34:19.367 parent RLOC16 -> 7000
[/dev/ttyACM0] ping parent fd72:e9dd:7d27:e872:0:ff:fe00:7000
[parse] 2025-12-19T13:34:20.352 state -> child
[parse] 2025-12-19T13:34:20.357 parent RLOC16 -> 7000
[/dev/ttyACM0] ping parent fd72:e9dd:7d27:e872:0:ff:fe00:7000
[parse] 2025-12-19T13:34:21.350 state -> child
[parse] 2025-12-19T13:34:21.356 parent RLOC16 -> 7000
[/dev/ttyACM0] ping parent fd72:e9dd:7d27:e872:0:ff:fe00:7000
[parse] 2025-12-19T13:34:22.420 state -> child
[parse] 2025-12-19T13:34:22.426 parent RLOC16 -> 7000
[/dev/ttyACM0] ping parent fd72:e9dd:7d27:e872:0:ff:fe00:7000
[parse] 2025-12-19T13:34:23.384 state -> child
[parse] 2025-12-19T13:34:23.389 parent RLOC16 -> 7000
[/dev/ttyACM0] ping parent fd72:e9dd:7d27:e872:0:ff:fe00:7000
[parse] 2025-12-19T13:34:24.375 state -> child
[parse] 2025-12-19T13:34:24.381 parent RLOC16 -> 7000
[/dev/ttyACM0] ping parent fd72:e9dd:7d27:e872:0:ff:fe00:7000
[parse] 2025-12-19T13:34:25.341 state -> child
[parse] 2025-12-19T13:34:25.345 parent RLOC16 -> 7000
[/dev/ttyACM0] ping parent fd72:e9dd:7d27:e872:0:ff:fe00:7000
[parse] 2025-12-19T13:34:26.410 state -> child
[parse] 2025-12-19T13:34:26.416 parent RLOC16 -> 7000
[/dev/ttyACM0] ping parent fd72:e9dd:7d27:e872:0:ff:fe00:7000
[parse] 2025-12-19T13:34:27.379 state -> child
[parse] 2025-12-19T13:34:27.384 parent RLOC16 -> 7000
[/dev/ttyACM0] ping parent fd72:e9dd:7d27:e872:0:ff:fe00:7000
[parse] 2025-12-19T13:34:28.356 state -> child
[parse] 2025-12-19T13:34:28.363 parent RLOC16 -> 7000
[/dev/ttyACM0] ping parent fd72:e9dd:7d27:e872:0:ff:fe00:7000
[parse] 2025-12-19T13:34:29.477 state -> child
[parse] 2025-12-19T13:34:29.482 parent RLOC16 -> 7000
[/dev/ttyACM0] ping parent fd72:e9dd:7d27:e872:0:ff:fe00:7000
[parse] 2025-12-19T13:34:30.344 state -> child
[parse] 2025-12-19T13:34:30.349 parent RLOC16 -> 7000
[/dev/ttyACM0] ping parent fd72:e9dd:7d27:e872:0:ff:fe00:7000
[parse] 2025-12-19T13:34:31.425 state -> child
[parse] 2025-12-19T13:34:31.431 parent RLOC16 -> 7000
[/dev/ttyACM0] ping parent fd72:e9dd:7d27:e872:0:ff:fe00:7000
[parse] 2025-12-19T13:34:32.402 state -> child
[parse] 2025-12-19T13:34:32.407 parent RLOC16 -> 7000
[/dev/ttyACM0] ping parent fd72:e9dd:7d27:e872:0:ff:fe00:7000
[parse] 2025-12-19T13:34:33.369 state -> child
[parse] 2025-12-19T13:34:33.374 parent RLOC16 -> 7000
[/dev/ttyACM0] ping parent fd72:e9dd:7d27:e872:0:ff:fe00:7000
[parse] 2025-12-19T13:34:34.341 state -> child
[parse] 2025-12-19T13:34:34.346 parent RLOC16 -> 7000
[/dev/ttyACM0] ping parent fd72:e9dd:7d27:e872:0:ff:fe00:7000
[parse] 2025-12-19T13:34:35.390 state -> child
[parse] 2025-12-19T13:34:35.396 parent RLOC16 -> 7000
[/dev/ttyACM0] ping parent fd72:e9dd:7d27:e872:0:ff:fe00:7000
[parse] 2025-12-19T13:34:36.363 state -> child
[parse] 2025-12-19T13:34:36.369 parent RLOC16 -> 7000
[/dev/ttyACM0] ping parent fd72:e9dd:7d27:e872:0:ff:fe00:7000
[parse] 2025-12-19T13:34:37.346 state -> child
[parse] 2025-12-19T13:34:37.351 parent RLOC16 -> 7000
[/dev/ttyACM0] ping parent fd72:e9dd:7d27:e872:0:ff:fe00:7000
[parse] 2025-12-19T13:34:38.413 state -> child
[parse] 2025-12-19T13:34:38.419 parent RLOC16 -> 7000
[/dev/ttyACM0] ping parent fd72:e9dd:7d27:e872:0:ff:fe00:7000
[parse] 2025-12-19T13:34:39.391 state -> child
[parse] 2025-12-19T13:34:39.397 parent RLOC16 -> 7000
[/dev/ttyACM0] ping parent fd72:e9dd:7d27:e872:0:ff:fe00:7000
[/dev/ttyACM0] ping parent fd72:e9dd:7d27:e872:0:ff:fe00:7000
[parse] 2025-12-19T13:34:43.001 state -> child
[parse] 2025-12-19T13:34:43.004 parent RLOC16 -> 7000
[parse] 2025-12-19T13:34:43.085 state -> child
[parse] 2025-12-19T13:34:43.089 parent RLOC16 -> 7000
[/dev/ttyACM0] ping parent fd72:e9dd:7d27:e872:0:ff:fe00:7000
[parse] 2025-12-19T13:34:43.345 state -> child
[parse] 2025-12-19T13:34:43.350 parent RLOC16 -> 7000
[/dev/ttyACM0] ping parent fd72:e9dd:7d27:e872:0:ff:fe00:7000
[parse] 2025-12-19T13:34:44.411 state -> child
[parse] 2025-12-19T13:34:44.416 parent RLOC16 -> 7000
[/dev/ttyACM0] ping parent fd72:e9dd:7d27:e872:0:ff:fe00:7000
[parse] 2025-12-19T13:34:45.391 state -> child
[parse] 2025-12-19T13:34:45.394 parent RLOC16 -> 7000
[/dev/ttyACM0] ping parent fd72:e9dd:7d27:e872:0:ff:fe00:7000
[parse] 2025-12-19T13:34:46.352 state -> child
[parse] 2025-12-19T13:34:46.358 parent RLOC16 -> 7000
[/dev/ttyACM0] ping parent fd72:e9dd:7d27:e872:0:ff:fe00:7000
[parse] 2025-12-19T13:34:47.337 state -> child
[parse] 2025-12-19T13:34:47.341 parent RLOC16 -> 7000
[/dev/ttyACM0] ping parent fd72:e9dd:7d27:e872:0:ff:fe00:7000
[parse] 2025-12-19T13:34:48.402 state -> child
[parse] 2025-12-19T13:34:48.407 parent RLOC16 -> 7000
[/dev/ttyACM0] ping parent fd72:e9dd:7d27:e872:0:ff:fe00:7000
[parse] 2025-12-19T13:34:49.405 state -> child
[parse] 2025-12-19T13:34:49.411 parent RLOC16 -> 7000
[/dev/ttyACM0] ping parent fd72:e9dd:7d27:e872:0:ff:fe00:7000
[/dev/ttyACM0] ping parent fd72:e9dd:7d27:e872:0:ff:fe00:7000
[parse] 2025-12-19T13:34:51.705 state -> child
[parse] 2025-12-19T13:34:51.710 parent RLOC16 -> 7000
[parse] 2025-12-19T13:34:51.763 state -> child
[parse] 2025-12-19T13:34:51.767 parent RLOC16 -> 7000
[/dev/ttyACM0] ping parent fd72:e9dd:7d27:e872:0:ff:fe00:7000
[parse] 2025-12-19T13:34:52.426 state -> child
[parse] 2025-12-19T13:34:52.432 parent RLOC16 -> 7000
[/dev/ttyACM0] ping parent fd72:e9dd:7d27:e872:0:ff:fe00:7000
[parse] 2025-12-19T13:34:53.402 state -> child
[parse] 2025-12-19T13:34:53.408 parent RLOC16 -> 7000
[/dev/ttyACM0] ping parent fd72:e9dd:7d27:e872:0:ff:fe00:7000
[parse] 2025-12-19T13:34:54.371 state -> child
[parse] 2025-12-19T13:34:54.377 parent RLOC16 -> 7000
[/dev/ttyACM0] ping parent fd72:e9dd:7d27:e872:0:ff:fe00:7000
[/dev/ttyACM0] ping parent fd72:e9dd:7d27:e872:0:ff:fe00:7000
[parse] 2025-12-19T13:34:56.774 state -> child
[parse] 2025-12-19T13:34:56.780 parent RLOC16 -> 7000
[parse] 2025-12-19T13:34:56.832 state -> child
[parse] 2025-12-19T13:34:56.836 parent RLOC16 -> 7000
[/dev/ttyACM0] ping parent fd72:e9dd:7d27:e872:0:ff:fe00:7000
[parse] 2025-12-19T13:34:57.394 state -> child
[parse] 2025-12-19T13:34:57.400 parent RLOC16 -> 7000
[/dev/ttyACM0] ping parent fd72:e9dd:7d27:e872:0:ff:fe00:7000
[parse] 2025-12-19T13:34:58.375 state -> child
[parse] 2025-12-19T13:34:58.382 parent RLOC16 -> 7000
[/dev/ttyACM0] ping parent fd72:e9dd:7d27:e872:0:ff:fe00:7000
[parse] 2025-12-19T13:34:59.362 state -> child
[parse] 2025-12-19T13:34:59.367 parent RLOC16 -> 7000
[/dev/ttyACM0] ping parent fd72:e9dd:7d27:e872:0:ff:fe00:7000
[parse] 2025-12-19T13:35:00.427 state -> child
[parse] 2025-12-19T13:35:00.478 parent RLOC16 -> 7000
[/dev/ttyACM0] ping parent fd72:e9dd:7d27:e872:0:ff:fe00:7000
[parse] 2025-12-19T13:35:01.427 state -> child
[parse] 2025-12-19T13:35:01.433 parent RLOC16 -> 7000
[/dev/ttyACM0] ping parent fd72:e9dd:7d27:e872:0:ff:fe00:7000
[parse] 2025-12-19T13:35:02.391 state -> child
[parse] 2025-12-19T13:35:02.397 parent RLOC16 -> 7000
[/dev/ttyACM0] ping parent fd72:e9dd:7d27:e872:0:ff:fe00:7000
[parse] 2025-12-19T13:35:03.375 state -> child
[parse] 2025-12-19T13:35:03.380 parent RLOC16 -> 7000
[/dev/ttyACM0] ping parent fd72:e9dd:7d27:e872:0:ff:fe00:7000
[parse] 2025-12-19T13:35:04.361 state -> child
[parse] 2025-12-19T13:35:04.366 parent RLOC16 -> 7000
[/dev/ttyACM0] ping parent fd72:e9dd:7d27:e872:0:ff:fe00:7000
[parse] 2025-12-19T13:35:05.374 state -> child
[parse] 2025-12-19T13:35:05.379 parent RLOC16 -> 7000
[/dev/ttyACM0] ping parent fd72:e9dd:7d27:e872:0:ff:fe00:7000
[parse] 2025-12-19T13:35:06.403 state -> child
[parse] 2025-12-19T13:35:06.408 parent RLOC16 -> 7000
[/dev/ttyACM0] ping parent fd72:e9dd:7d27:e872:0:ff:fe00:7000
[parse] 2025-12-19T13:35:07.392 state -> child
[parse] 2025-12-19T13:35:07.395 parent RLOC16 -> 7000
[/dev/ttyACM0] ping parent fd72:e9dd:7d27:e872:0:ff:fe00:7000
[parse] 2025-12-19T13:35:08.406 state -> child
[parse] 2025-12-19T13:35:08.412 parent RLOC16 -> 7000
[/dev/ttyACM0] ping parent fd72:e9dd:7d27:e872:0:ff:fe00:7000
[parse] 2025-12-19T13:35:09.367 state -> child
[parse] 2025-12-19T13:35:09.373 parent RLOC16 -> 7000
[/dev/ttyACM0] ping parent fd72:e9dd:7d27:e872:0:ff:fe00:7000
[parse] 2025-12-19T13:35:10.368 state -> child
[parse] 2025-12-19T13:35:10.375 parent RLOC16 -> 7000
[/dev/ttyACM0] ping parent fd72:e9dd:7d27:e872:0:ff:fe00:7000
[parse] 2025-12-19T13:35:11.428 state -> child
[parse] 2025-12-19T13:35:11.434 parent RLOC16 -> 7000
[/dev/ttyACM0] ping parent fd72:e9dd:7d27:e872:0:ff:fe00:7000
[parse] 2025-12-19T13:35:12.367 state -> child
[parse] 2025-12-19T13:35:12.374 parent RLOC16 -> 7000
[/dev/ttyACM0] ping parent fd72:e9dd:7d27:e872:0:ff:fe00:7000
[parse] 2025-12-19T13:35:13.356 state -> child
[parse] 2025-12-19T13:35:13.359 parent RLOC16 -> 7000
[/dev/ttyACM0] ping parent fd72:e9dd:7d27:e872:0:ff:fe00:7000
[parse] 2025-12-19T13:35:14.424 state -> child
[parse] 2025-12-19T13:35:14.428 parent RLOC16 -> 7000
[/dev/ttyACM0] ping parent fd72:e9dd:7d27:e872:0:ff:fe00:7000
[parse] 2025-12-19T13:35:15.351 state -> child
[parse] 2025-12-19T13:35:15.356 parent RLOC16 -> 7000
[/dev/ttyACM0] ping parent fd72:e9dd:7d27:e872:0:ff:fe00:7000
[parse] 2025-12-19T13:35:16.416 state -> child
[parse] 2025-12-19T13:35:16.423 parent RLOC16 -> 7000
[/dev/ttyACM0] ping parent fd72:e9dd:7d27:e872:0:ff:fe00:7000
[parse] 2025-12-19T13:35:17.359 state -> child
[parse] 2025-12-19T13:35:17.362 parent RLOC16 -> 7000
[/dev/ttyACM0] ping parent fd72:e9dd:7d27:e872:0:ff:fe00:7000
[parse] 2025-12-19T13:35:18.423 state -> child
[parse] 2025-12-19T13:35:18.428 parent RLOC16 -> 7000
[/dev/ttyACM0] ping parent fd72:e9dd:7d27:e872:0:ff:fe00:7000
[parse] 2025-12-19T13:35:19.416 state -> child
[parse] 2025-12-19T13:35:19.422 parent RLOC16 -> 7000
[/dev/ttyACM0] ping parent fd72:e9dd:7d27:e872:0:ff:fe00:7000
[parse] 2025-12-19T13:35:20.393 state -> child
[parse] 2025-12-19T13:35:20.398 parent RLOC16 -> 7000
[/dev/ttyACM0] ping parent fd72:e9dd:7d27:e872:0:ff:fe00:7000
[parse] 2025-12-19T13:35:21.373 state -> child
[parse] 2025-12-19T13:35:21.378 parent RLOC16 -> 7000
[/dev/ttyACM0] ping parent fd72:e9dd:7d27:e872:0:ff:fe00:7000
[parse] 2025-12-19T13:35:22.338 state -> child
[parse] 2025-12-19T13:35:22.342 parent RLOC16 -> 7000
[/dev/ttyACM0] ping parent fd72:e9dd:7d27:e872:0:ff:fe00:7000
[parse] 2025-12-19T13:35:23.413 state -> child
[parse] 2025-12-19T13:35:23.419 parent RLOC16 -> 7000
[/dev/ttyACM0] ping parent fd72:e9dd:7d27:e872:0:ff:fe00:7000
[parse] 2025-12-19T13:35:24.412 state -> child
[parse] 2025-12-19T13:35:24.419 parent RLOC16 -> 7000
[/dev/ttyACM0] ping parent fd72:e9dd:7d27:e872:0:ff:fe00:7000
[parse] 2025-12-19T13:35:25.379 state -> child
[parse] 2025-12-19T13:35:25.384 parent RLOC16 -> 7000
[/dev/ttyACM0] ping parent fd72:e9dd:7d27:e872:0:ff:fe00:7000
[parse] 2025-12-19T13:35:27.268 state -> child
[parse] 2025-12-19T13:35:27.274 parent RLOC16 -> 7000
[/dev/ttyACM0] ping parent fd72:e9dd:7d27:e872:0:ff:fe00:7000
[parse] 2025-12-19T13:35:27.338 state -> child
[parse] 2025-12-19T13:35:27.341 parent RLOC16 -> 7000
[/dev/ttyACM0] ping parent fd72:e9dd:7d27:e872:0:ff:fe00:7000
[parse] 2025-12-19T13:35:28.367 state -> child
[parse] 2025-12-19T13:35:28.371 parent RLOC16 -> 7000
[/dev/ttyACM0] ping parent fd72:e9dd:7d27:e872:0:ff:fe00:7000
[parse] 2025-12-19T13:35:29.398 state -> child
[parse] 2025-12-19T13:35:29.402 parent RLOC16 -> e000
[/dev/ttyACM0] ping parent fd72:e9dd:7d27:e872:0:ff:fe00:e000
[parse] 2025-12-19T13:35:30.431 state -> child
[parse] 2025-12-19T13:35:30.436 parent RLOC16 -> e000
[/dev/ttyACM0] ping parent fd72:e9dd:7d27:e872:0:ff:fe00:e000
[parse] 2025-12-19T13:35:31.417 state -> child
[parse] 2025-12-19T13:35:31.422 parent RLOC16 -> e000
[/dev/ttyACM0] ping parent fd72:e9dd:7d27:e872:0:ff:fe00:e000
[parse] 2025-12-19T13:35:32.362 state -> child
[parse] 2025-12-19T13:35:32.369 parent RLOC16 -> e000
[/dev/ttyACM0] ping parent fd72:e9dd:7d27:e872:0:ff:fe00:e000
[parse] 2025-12-19T13:35:33.396 state -> child
[parse] 2025-12-19T13:35:33.402 parent RLOC16 -> e000
[/dev/ttyACM0] ping parent fd72:e9dd:7d27:e872:0:ff:fe00:e000
[parse] 2025-12-19T13:35:34.362 state -> child
[parse] 2025-12-19T13:35:34.368 parent RLOC16 -> e000
[/dev/ttyACM0] ping parent fd72:e9dd:7d27:e872:0:ff:fe00:e000
[parse] 2025-12-19T13:35:35.344 state -> child
[parse] 2025-12-19T13:35:35.350 parent RLOC16 -> e000
[/dev/ttyACM0] ping parent fd72:e9dd:7d27:e872:0:ff:fe00:e000
[parse] 2025-12-19T13:35:36.426 state -> child
[parse] 2025-12-19T13:35:36.432 parent RLOC16 -> e000
[/dev/ttyACM0] ping parent fd72:e9dd:7d27:e872:0:ff:fe00:e000
[parse] 2025-12-19T13:35:37.390 state -> child
[parse] 2025-12-19T13:35:37.396 parent RLOC16 -> e000
[/dev/ttyACM0] ping parent fd72:e9dd:7d27:e872:0:ff:fe00:e000
[parse] 2025-12-19T13:35:38.413 state -> child
[parse] 2025-12-19T13:35:38.419 parent RLOC16 -> e000
[/dev/ttyACM0] ping parent fd72:e9dd:7d27:e872:0:ff:fe00:e000
[parse] 2025-12-19T13:35:39.394 state -> child
[parse] 2025-12-19T13:35:39.400 parent RLOC16 -> e000
[/dev/ttyACM0] ping parent fd72:e9dd:7d27:e872:0:ff:fe00:e000
[parse] 2025-12-19T13:35:40.360 state -> child
[parse] 2025-12-19T13:35:40.365 parent RLOC16 -> e000
[/dev/ttyACM0] ping parent fd72:e9dd:7d27:e872:0:ff:fe00:e000
[parse] 2025-12-19T13:35:41.426 state -> child
[parse] 2025-12-19T13:35:41.432 parent RLOC16 -> e000
[/dev/ttyACM0] ping parent fd72:e9dd:7d27:e872:0:ff:fe00:e000
[parse] 2025-12-19T13:35:42.392 state -> child
[parse] 2025-12-19T13:35:42.397 parent RLOC16 -> e000
[/dev/ttyACM0] ping parent fd72:e9dd:7d27:e872:0:ff:fe00:e000
[parse] 2025-12-19T13:35:43.360 state -> child
[parse] 2025-12-19T13:35:43.365 parent RLOC16 -> e000
[/dev/ttyACM0] ping parent fd72:e9dd:7d27:e872:0:ff:fe00:e000
[parse] 2025-12-19T13:35:44.427 state -> child
[parse] 2025-12-19T13:35:44.435 parent RLOC16 -> e000
[/dev/ttyACM0] ping parent fd72:e9dd:7d27:e872:0:ff:fe00:e000
[parse] 2025-12-19T13:35:45.432 state -> child
[parse] 2025-12-19T13:35:45.438 parent RLOC16 -> e000
[/dev/ttyACM0] ping parent fd72:e9dd:7d27:e872:0:ff:fe00:e000
[parse] 2025-12-19T13:35:46.398 state -> child
[parse] 2025-12-19T13:35:46.403 parent RLOC16 -> e000
[/dev/ttyACM0] ping parent fd72:e9dd:7d27:e872:0:ff:fe00:e000
[parse] 2025-12-19T13:35:47.366 state -> child
[parse] 2025-12-19T13:35:47.372 parent RLOC16 -> e000
[/dev/ttyACM0] ping parent fd72:e9dd:7d27:e872:0:ff:fe00:e000
[parse] 2025-12-19T13:35:48.433 state -> child
[parse] 2025-12-19T13:35:48.438 parent RLOC16 -> e000
[/dev/ttyACM0] ping parent fd72:e9dd:7d27:e872:0:ff:fe00:e000
[parse] 2025-12-19T13:35:49.413 state -> child
[parse] 2025-12-19T13:35:49.418 parent RLOC16 -> e000
[/dev/ttyACM0] ping parent fd72:e9dd:7d27:e872:0:ff:fe00:e000
[parse] 2025-12-19T13:35:50.359 state -> child
[parse] 2025-12-19T13:35:50.366 parent RLOC16 -> e000
[/dev/ttyACM0] ping parent fd72:e9dd:7d27:e872:0:ff:fe00:e000
[parse] 2025-12-19T13:35:51.474 state -> child
[parse] 2025-12-19T13:35:51.482 parent RLOC16 -> e000
[/dev/ttyACM0] ping parent fd72:e9dd:7d27:e872:0:ff:fe00:e000
[parse] 2025-12-19T13:35:52.362 state -> child
[parse] 2025-12-19T13:35:52.368 parent RLOC16 -> e000
[/dev/ttyACM0] ping parent fd72:e9dd:7d27:e872:0:ff:fe00:e000
[parse] 2025-12-19T13:35:53.431 state -> child
[parse] 2025-12-19T13:35:53.437 parent RLOC16 -> e000
[/dev/ttyACM0] ping parent fd72:e9dd:7d27:e872:0:ff:fe00:e000
[parse] 2025-12-19T13:35:54.396 state -> child
[parse] 2025-12-19T13:35:54.401 parent RLOC16 -> e000
[/dev/ttyACM0] ping parent fd72:e9dd:7d27:e872:0:ff:fe00:e000
[parse] 2025-12-19T13:35:55.374 state -> child
[parse] 2025-12-19T13:35:55.380 parent RLOC16 -> e000
[/dev/ttyACM0] ping parent fd72:e9dd:7d27:e872:0:ff:fe00:e000
[parse] 2025-12-19T13:35:56.355 state -> child
[parse] 2025-12-19T13:35:56.360 parent RLOC16 -> e000
[/dev/ttyACM0] ping parent fd72:e9dd:7d27:e872:0:ff:fe00:e000
[parse] 2025-12-19T13:35:57.421 state -> child
[parse] 2025-12-19T13:35:57.427 parent RLOC16 -> e000
[/dev/ttyACM0] ping parent fd72:e9dd:7d27:e872:0:ff:fe00:e000
[parse] 2025-12-19T13:35:58.360 state -> child
[parse] 2025-12-19T13:35:58.365 parent RLOC16 -> e000
[/dev/ttyACM0] ping parent fd72:e9dd:7d27:e872:0:ff:fe00:e000
[parse] 2025-12-19T13:35:59.433 state -> child
[parse] 2025-12-19T13:35:59.439 parent RLOC16 -> e000
[/dev/ttyACM0] ping parent fd72:e9dd:7d27:e872:0:ff:fe00:e000
[parse] 2025-12-19T13:36:00.415 state -> child
[parse] 2025-12-19T13:36:00.421 parent RLOC16 -> e000
[/dev/ttyACM0] ping parent fd72:e9dd:7d27:e872:0:ff:fe00:e000
[parse] 2025-12-19T13:36:01.345 state -> child
[parse] 2025-12-19T13:36:01.349 parent RLOC16 -> e000
[/dev/ttyACM0] ping parent fd72:e9dd:7d27:e872:0:ff:fe00:e000
[parse] 2025-12-19T13:36:02.377 state -> child
[parse] 2025-12-19T13:36:02.382 parent RLOC16 -> e000
[/dev/ttyACM0] ping parent fd72:e9dd:7d27:e872:0:ff:fe00:e000
[parse] 2025-12-19T13:36:03.342 state -> child
[parse] 2025-12-19T13:36:03.348 parent RLOC16 -> e000
[/dev/ttyACM0] ping parent fd72:e9dd:7d27:e872:0:ff:fe00:e000
[parse] 2025-12-19T13:36:04.428 state -> child
[parse] 2025-12-19T13:36:04.433 parent RLOC16 -> e000
[/dev/ttyACM0] ping parent fd72:e9dd:7d27:e872:0:ff:fe00:e000
[parse] 2025-12-19T13:36:05.390 state -> child
[parse] 2025-12-19T13:36:05.395 parent RLOC16 -> e000
[/dev/ttyACM0] ping parent fd72:e9dd:7d27:e872:0:ff:fe00:e000
[parse] 2025-12-19T13:36:06.361 state -> child
[parse] 2025-12-19T13:36:06.368 parent RLOC16 -> e000
[/dev/ttyACM0] ping parent fd72:e9dd:7d27:e872:0:ff:fe00:e000
[parse] 2025-12-19T13:36:07.429 state -> child
[parse] 2025-12-19T13:36:07.435 parent RLOC16 -> e000
[/dev/ttyACM0] ping parent fd72:e9dd:7d27:e872:0:ff:fe00:e000
[parse] 2025-12-19T13:36:08.394 state -> child
[parse] 2025-12-19T13:36:08.400 parent RLOC16 -> e000
[/dev/ttyACM0] ping parent fd72:e9dd:7d27:e872:0:ff:fe00:e000
[parse] 2025-12-19T13:36:09.422 state -> child
[parse] 2025-12-19T13:36:09.429 parent RLOC16 -> e000
[/dev/ttyACM0] ping parent fd72:e9dd:7d27:e872:0:ff:fe00:e000
[parse] 2025-12-19T13:36:10.391 state -> child
[parse] 2025-12-19T13:36:10.396 parent RLOC16 -> e000
[/dev/ttyACM0] ping parent fd72:e9dd:7d27:e872:0:ff:fe00:e000
[parse] 2025-12-19T13:36:11.379 state -> child
[parse] 2025-12-19T13:36:11.383 parent RLOC16 -> e000
[/dev/ttyACM0] ping parent fd72:e9dd:7d27:e872:0:ff:fe00:e000
[parse] 2025-12-19T13:36:12.360 state -> child
[parse] 2025-12-19T13:36:12.366 parent RLOC16 -> e000
[/dev/ttyACM0] ping parent fd72:e9dd:7d27:e872:0:ff:fe00:e000
[parse] 2025-12-19T13:36:13.406 state -> child
[parse] 2025-12-19T13:36:13.411 parent RLOC16 -> e000
[/dev/ttyACM0] ping parent fd72:e9dd:7d27:e872:0:ff:fe00:e000
[parse] 2025-12-19T13:36:14.392 state -> child
[parse] 2025-12-19T13:36:14.398 parent RLOC16 -> e000
[/dev/ttyACM0] ping parent fd72:e9dd:7d27:e872:0:ff:fe00:e000
[parse] 2025-12-19T13:36:15.389 state -> child
[parse] 2025-12-19T13:36:15.395 parent RLOC16 -> e000
[/dev/ttyACM0] ping parent fd72:e9dd:7d27:e872:0:ff:fe00:e000
[parse] 2025-12-19T13:36:16.383 state -> child
[parse] 2025-12-19T13:36:16.389 parent RLOC16 -> e000
[/dev/ttyACM0] ping parent fd72:e9dd:7d27:e872:0:ff:fe00:e000
[parse] 2025-12-19T13:36:17.347 state -> child
[parse] 2025-12-19T13:36:17.352 parent RLOC16 -> e000
[/dev/ttyACM0] ping parent fd72:e9dd:7d27:e872:0:ff:fe00:e000
[parse] 2025-12-19T13:36:18.416 state -> child
[parse] 2025-12-19T13:36:18.422 parent RLOC16 -> e000
[/dev/ttyACM0] ping parent fd72:e9dd:7d27:e872:0:ff:fe00:e000
[parse] 2025-12-19T13:36:19.338 state -> child
[parse] 2025-12-19T13:36:19.342 parent RLOC16 -> e000
[/dev/ttyACM0] ping parent fd72:e9dd:7d27:e872:0:ff:fe00:e000
[parse] 2025-12-19T13:36:20.404 state -> child
[parse] 2025-12-19T13:36:20.408 parent RLOC16 -> e000
[/dev/ttyACM0] ping parent fd72:e9dd:7d27:e872:0:ff:fe00:e000
[parse] 2025-12-19T13:36:21.356 state -> child
[parse] 2025-12-19T13:36:21.362 parent RLOC16 -> e000
[/dev/ttyACM0] ping parent fd72:e9dd:7d27:e872:0:ff:fe00:e000
[parse] 2025-12-19T13:36:22.434 state -> child
[parse] 2025-12-19T13:36:22.439 parent RLOC16 -> e000
[/dev/ttyACM0] ping parent fd72:e9dd:7d27:e872:0:ff:fe00:e000
[parse] 2025-12-19T13:36:24.109 state -> child
[parse] 2025-12-19T13:36:24.113 parent RLOC16 -> e000
[/dev/ttyACM0] ping parent fd72:e9dd:7d27:e872:0:ff:fe00:e000
[parse] 2025-12-19T13:36:24.370 state -> child
[parse] 2025-12-19T13:36:24.375 parent RLOC16 -> e000
[/dev/ttyACM0] ping parent fd72:e9dd:7d27:e872:0:ff:fe00:e000
[parse] 2025-12-19T13:36:25.352 state -> child
[parse] 2025-12-19T13:36:25.357 parent RLOC16 -> e000
[/dev/ttyACM0] ping parent fd72:e9dd:7d27:e872:0:ff:fe00:e000
[parse] 2025-12-19T13:36:26.434 state -> child
[parse] 2025-12-19T13:36:26.437 parent RLOC16 -> e000
[/dev/ttyACM0] ping parent fd72:e9dd:7d27:e872:0:ff:fe00:e000
[parse] 2025-12-19T13:36:27.403 state -> child
[parse] 2025-12-19T13:36:27.409 parent RLOC16 -> e000
[/dev/ttyACM0] ping parent fd72:e9dd:7d27:e872:0:ff:fe00:e000
[parse] 2025-12-19T13:36:28.371 state -> child
[parse] 2025-12-19T13:36:28.378 parent RLOC16 -> e000
[/dev/ttyACM0] ping parent fd72:e9dd:7d27:e872:0:ff:fe00:e000
[parse] 2025-12-19T13:36:29.342 state -> child
[parse] 2025-12-19T13:36:29.348 parent RLOC16 -> e000
[/dev/ttyACM0] ping parent fd72:e9dd:7d27:e872:0:ff:fe00:e000
[parse] 2025-12-19T13:36:30.413 state -> child
[parse] 2025-12-19T13:36:30.418 parent RLOC16 -> e000
[/dev/ttyACM0] ping parent fd72:e9dd:7d27:e872:0:ff:fe00:e000
[parse] 2025-12-19T13:36:31.380 state -> child
[parse] 2025-12-19T13:36:31.387 parent RLOC16 -> e000
[/dev/ttyACM0] ping parent fd72:e9dd:7d27:e872:0:ff:fe00:e000
[parse] 2025-12-19T13:36:32.346 state -> child
[parse] 2025-12-19T13:36:32.351 parent RLOC16 -> e000
[/dev/ttyACM0] ping parent fd72:e9dd:7d27:e872:0:ff:fe00:e000
[/dev/ttyACM0] ping parent fd72:e9dd:7d27:e872:0:ff:fe00:e000
[parse] 2025-12-19T13:36:40.838 state -> child
[parse] 2025-12-19T13:36:40.889 parent RLOC16 -> e000
[parse] 2025-12-19T13:36:41.061 state -> child
[parse] 2025-12-19T13:36:41.065 parent RLOC16 -> e000
[/dev/ttyACM0] ping parent fd72:e9dd:7d27:e872:0:ff:fe00:e000
[parse] 2025-12-19T13:36:41.410 state -> child
[parse] 2025-12-19T13:36:41.416 parent RLOC16 -> e000
[/dev/ttyACM0] ping parent fd72:e9dd:7d27:e872:0:ff:fe00:e000
[parse] 2025-12-19T13:36:42.383 state -> child
[parse] 2025-12-19T13:36:42.391 parent RLOC16 -> e000
[/dev/ttyACM0] ping parent fd72:e9dd:7d27:e872:0:ff:fe00:e000
[parse] 2025-12-19T13:36:43.348 state -> child
[parse] 2025-12-19T13:36:43.353 parent RLOC16 -> e000
[/dev/ttyACM0] ping parent fd72:e9dd:7d27:e872:0:ff:fe00:e000
[parse] 2025-12-19T13:36:44.356 state -> child
[parse] 2025-12-19T13:36:44.362 parent RLOC16 -> e000
[/dev/ttyACM0] ping parent fd72:e9dd:7d27:e872:0:ff:fe00:e000
[parse] 2025-12-19T13:36:45.422 state -> child
[parse] 2025-12-19T13:36:45.429 parent RLOC16 -> e000
[/dev/ttyACM0] ping parent fd72:e9dd:7d27:e872:0:ff:fe00:e000
[parse] 2025-12-19T13:36:46.408 state -> child
[parse] 2025-12-19T13:36:46.414 parent RLOC16 -> e000
[/dev/ttyACM0] ping parent fd72:e9dd:7d27:e872:0:ff:fe00:e000
[parse] 2025-12-19T13:36:47.381 state -> child
[parse] 2025-12-19T13:36:47.387 parent RLOC16 -> e000
[/dev/ttyACM0] ping parent fd72:e9dd:7d27:e872:0:ff:fe00:e000
[parse] 2025-12-19T13:36:48.370 state -> child
[parse] 2025-12-19T13:36:48.375 parent RLOC16 -> e000
[/dev/ttyACM0] ping parent fd72:e9dd:7d27:e872:0:ff:fe00:e000
[parse] 2025-12-19T13:36:49.350 state -> child
[parse] 2025-12-19T13:36:49.355 parent RLOC16 -> e000
[/dev/ttyACM0] ping parent fd72:e9dd:7d27:e872:0:ff:fe00:e000
[parse] 2025-12-19T13:36:50.417 state -> child
[parse] 2025-12-19T13:36:50.423 parent RLOC16 -> e000
[/dev/ttyACM0] ping parent fd72:e9dd:7d27:e872:0:ff:fe00:e000
[parse] 2025-12-19T13:36:51.381 state -> child
[parse] 2025-12-19T13:36:51.386 parent RLOC16 -> e000
[/dev/ttyACM0] ping parent fd72:e9dd:7d27:e872:0:ff:fe00:e000
[parse] 2025-12-19T13:36:52.416 state -> child
[parse] 2025-12-19T13:36:52.422 parent RLOC16 -> e000
[/dev/ttyACM0] ping parent fd72:e9dd:7d27:e872:0:ff:fe00:e000
[parse] 2025-12-19T13:36:53.393 state -> child
[parse] 2025-12-19T13:36:53.399 parent RLOC16 -> e000
[/dev/ttyACM0] ping parent fd72:e9dd:7d27:e872:0:ff:fe00:e000
[parse] 2025-12-19T13:36:54.361 state -> child
[parse] 2025-12-19T13:36:54.367 parent RLOC16 -> e000
[/dev/ttyACM0] ping parent fd72:e9dd:7d27:e872:0:ff:fe00:e000
[parse] 2025-12-19T13:36:55.428 state -> child
[parse] 2025-12-19T13:36:55.433 parent RLOC16 -> e000
[/dev/ttyACM0] ping parent fd72:e9dd:7d27:e872:0:ff:fe00:e000
[parse] 2025-12-19T13:36:56.396 state -> child
[parse] 2025-12-19T13:36:56.402 parent RLOC16 -> e000
[/dev/ttyACM0] ping parent fd72:e9dd:7d27:e872:0:ff:fe00:e000
[parse] 2025-12-19T13:36:57.361 state -> child
[parse] 2025-12-19T13:36:57.367 parent RLOC16 -> e000
[/dev/ttyACM0] ping parent fd72:e9dd:7d27:e872:0:ff:fe00:e000
[parse] 2025-12-19T13:36:58.369 state -> child
[parse] 2025-12-19T13:36:58.375 parent RLOC16 -> e000
[/dev/ttyACM0] ping parent fd72:e9dd:7d27:e872:0:ff:fe00:e000
[parse] 2025-12-19T13:36:59.437 state -> child
[parse] 2025-12-19T13:36:59.443 parent RLOC16 -> e000
[/dev/ttyACM0] ping parent fd72:e9dd:7d27:e872:0:ff:fe00:e000
[parse] 2025-12-19T13:37:00.403 state -> child
[parse] 2025-12-19T13:37:00.407 parent RLOC16 -> e000
[/dev/ttyACM0] ping parent fd72:e9dd:7d27:e872:0:ff:fe00:e000
[parse] 2025-12-19T13:37:01.377 state -> child
[parse] 2025-12-19T13:37:01.383 parent RLOC16 -> e000
[/dev/ttyACM0] ping parent fd72:e9dd:7d27:e872:0:ff:fe00:e000
[parse] 2025-12-19T13:37:02.344 state -> child
[parse] 2025-12-19T13:37:02.349 parent RLOC16 -> e000
[/dev/ttyACM0] ping parent fd72:e9dd:7d27:e872:0:ff:fe00:e000
[parse] 2025-12-19T13:37:03.410 state -> child
[parse] 2025-12-19T13:37:03.416 parent RLOC16 -> e000
[/dev/ttyACM0] ping parent fd72:e9dd:7d27:e872:0:ff:fe00:e000
[parse] 2025-12-19T13:37:04.380 state -> child
[parse] 2025-12-19T13:37:04.385 parent RLOC16 -> e000
[/dev/ttyACM0] ping parent fd72:e9dd:7d27:e872:0:ff:fe00:e000
[parse] 2025-12-19T13:37:05.430 state -> child
[parse] 2025-12-19T13:37:05.438 parent RLOC16 -> e000
[/dev/ttyACM0] ping parent fd72:e9dd:7d27:e872:0:ff:fe00:e000
[parse] 2025-12-19T13:37:06.402 state -> child
[parse] 2025-12-19T13:37:06.406 parent RLOC16 -> e000
[/dev/ttyACM0] ping parent fd72:e9dd:7d27:e872:0:ff:fe00:e000
[parse] 2025-12-19T13:37:07.366 state -> child
[parse] 2025-12-19T13:37:07.371 parent RLOC16 -> e000
[/dev/ttyACM0] ping parent fd72:e9dd:7d27:e872:0:ff:fe00:e000
[parse] 2025-12-19T13:37:08.384 state -> child
[parse] 2025-12-19T13:37:08.390 parent RLOC16 -> e000
[/dev/ttyACM0] ping parent fd72:e9dd:7d27:e872:0:ff:fe00:e000
[parse] 2025-12-19T13:37:09.400 state -> child
[parse] 2025-12-19T13:37:09.406 parent RLOC16 -> e000
[/dev/ttyACM0] ping parent fd72:e9dd:7d27:e872:0:ff:fe00:e000
[parse] 2025-12-19T13:37:10.370 state -> child
[parse] 2025-12-19T13:37:10.375 parent RLOC16 -> e000
[/dev/ttyACM0] ping parent fd72:e9dd:7d27:e872:0:ff:fe00:e000
[parse] 2025-12-19T13:37:11.340 state -> child
[parse] 2025-12-19T13:37:11.345 parent RLOC16 -> e000
[/dev/ttyACM0] ping parent fd72:e9dd:7d27:e872:0:ff:fe00:e000
[parse] 2025-12-19T13:37:12.356 state -> child
[parse] 2025-12-19T13:37:12.360 parent RLOC16 -> e000
[/dev/ttyACM0] ping parent fd72:e9dd:7d27:e872:0:ff:fe00:e000
[parse] 2025-12-19T13:37:13.433 state -> child
[parse] 2025-12-19T13:37:13.438 parent RLOC16 -> e000
[/dev/ttyACM0] ping parent fd72:e9dd:7d27:e872:0:ff:fe00:e000
[parse] 2025-12-19T13:37:14.396 state -> child
[parse] 2025-12-19T13:37:14.401 parent RLOC16 -> e000
[/dev/ttyACM0] ping parent fd72:e9dd:7d27:e872:0:ff:fe00:e000
[parse] 2025-12-19T13:37:15.380 state -> child
[parse] 2025-12-19T13:37:15.386 parent RLOC16 -> e000
[/dev/ttyACM0] ping parent fd72:e9dd:7d27:e872:0:ff:fe00:e000
[parse] 2025-12-19T13:37:16.351 state -> child
[parse] 2025-12-19T13:37:16.356 parent RLOC16 -> e000
[/dev/ttyACM0] ping parent fd72:e9dd:7d27:e872:0:ff:fe00:e000
[parse] 2025-12-19T13:37:17.356 state -> child
[parse] 2025-12-19T13:37:17.362 parent RLOC16 -> e000
[/dev/ttyACM0] ping parent fd72:e9dd:7d27:e872:0:ff:fe00:e000
[parse] 2025-12-19T13:37:18.435 state -> child
[parse] 2025-12-19T13:37:18.440 parent RLOC16 -> e000
[/dev/ttyACM0] ping parent fd72:e9dd:7d27:e872:0:ff:fe00:e000
[parse] 2025-12-19T13:37:19.402 state -> child
[parse] 2025-12-19T13:37:19.408 parent RLOC16 -> e000
[/dev/ttyACM0] ping parent fd72:e9dd:7d27:e872:0:ff:fe00:e000
[parse] 2025-12-19T13:37:20.367 state -> child
[parse] 2025-12-19T13:37:20.373 parent RLOC16 -> e000
[/dev/ttyACM0] ping parent fd72:e9dd:7d27:e872:0:ff:fe00:e000
[parse] 2025-12-19T13:37:21.434 state -> child
[parse] 2025-12-19T13:37:21.440 parent RLOC16 -> e000
[/dev/ttyACM0] ping parent fd72:e9dd:7d27:e872:0:ff:fe00:e000
[parse] 2025-12-19T13:37:22.398 state -> child
[parse] 2025-12-19T13:37:22.403 parent RLOC16 -> e000
[/dev/ttyACM0] ping parent fd72:e9dd:7d27:e872:0:ff:fe00:e000
[parse] 2025-12-19T13:37:23.370 state -> child
[parse] 2025-12-19T13:37:23.374 parent RLOC16 -> e000
[/dev/ttyACM0] ping parent fd72:e9dd:7d27:e872:0:ff:fe00:e000
[parse] 2025-12-19T13:37:24.434 state -> child
[parse] 2025-12-19T13:37:24.440 parent RLOC16 -> e000
[/dev/ttyACM0] ping parent fd72:e9dd:7d27:e872:0:ff:fe00:e000
[parse] 2025-12-19T13:37:25.397 state -> child
[parse] 2025-12-19T13:37:25.402 parent RLOC16 -> e000
[/dev/ttyACM0] ping parent fd72:e9dd:7d27:e872:0:ff:fe00:e000
[parse] 2025-12-19T13:37:26.338 state -> child
[parse] 2025-12-19T13:37:26.342 parent RLOC16 -> e000
[/dev/ttyACM0] ping parent fd72:e9dd:7d27:e872:0:ff:fe00:e000
[parse] 2025-12-19T13:37:27.383 state -> child
[parse] 2025-12-19T13:37:27.388 parent RLOC16 -> e000
[/dev/ttyACM0] ping parent fd72:e9dd:7d27:e872:0:ff:fe00:e000
[parse] 2025-12-19T13:37:28.403 state -> child
[parse] 2025-12-19T13:37:28.408 parent RLOC16 -> e000
[/dev/ttyACM0] ping parent fd72:e9dd:7d27:e872:0:ff:fe00:e000
[parse] 2025-12-19T13:37:29.384 state -> child
[parse] 2025-12-19T13:37:29.391 parent RLOC16 -> e000
[/dev/ttyACM0] ping parent fd72:e9dd:7d27:e872:0:ff:fe00:e000
[parse] 2025-12-19T13:37:30.380 state -> child
[parse] 2025-12-19T13:37:30.386 parent RLOC16 -> e000
[/dev/ttyACM0] ping parent fd72:e9dd:7d27:e872:0:ff:fe00:e000
[parse] 2025-12-19T13:37:31.369 state -> child
[parse] 2025-12-19T13:37:31.374 parent RLOC16 -> e000
[/dev/ttyACM0] ping parent fd72:e9dd:7d27:e872:0:ff:fe00:e000
[parse] 2025-12-19T13:37:32.437 state -> child
[parse] 2025-12-19T13:37:32.443 parent RLOC16 -> e000
[/dev/ttyACM0] ping parent fd72:e9dd:7d27:e872:0:ff:fe00:e000
[parse] 2025-12-19T13:37:33.392 state -> child
[parse] 2025-12-19T13:37:33.398 parent RLOC16 -> e000
[/dev/ttyACM0] ping parent fd72:e9dd:7d27:e872:0:ff:fe00:e000
[parse] 2025-12-19T13:37:34.356 state -> child
[parse] 2025-12-19T13:37:34.361 parent RLOC16 -> e000
[/dev/ttyACM0] ping parent fd72:e9dd:7d27:e872:0:ff:fe00:e000
[parse] 2025-12-19T13:37:35.423 state -> child
[parse] 2025-12-19T13:37:35.430 parent RLOC16 -> e000
[/dev/ttyACM0] ping parent fd72:e9dd:7d27:e872:0:ff:fe00:e000
[parse] 2025-12-19T13:37:36.388 state -> child
[parse] 2025-12-19T13:37:36.394 parent RLOC16 -> e000
[/dev/ttyACM0] ping parent fd72:e9dd:7d27:e872:0:ff:fe00:e000
[parse] 2025-12-19T13:37:37.353 state -> child
[parse] 2025-12-19T13:37:37.359 parent RLOC16 -> e000
[/dev/ttyACM0] ping parent fd72:e9dd:7d27:e872:0:ff:fe00:e000
[parse] 2025-12-19T13:37:38.420 state -> child
[parse] 2025-12-19T13:37:38.426 parent RLOC16 -> e000
[/dev/ttyACM0] ping parent fd72:e9dd:7d27:e872:0:ff:fe00:e000
[parse] 2025-12-19T13:37:39.404 state -> child
[parse] 2025-12-19T13:37:39.407 parent RLOC16 -> e000
[/dev/ttyACM0] ping parent fd72:e9dd:7d27:e872:0:ff:fe00:e000
[parse] 2025-12-19T13:37:40.367 state -> child
[parse] 2025-12-19T13:37:40.373 parent RLOC16 -> e000
[/dev/ttyACM0] ping parent fd72:e9dd:7d27:e872:0:ff:fe00:e000
[parse] 2025-12-19T13:37:41.432 state -> child
[parse] 2025-12-19T13:37:41.437 parent RLOC16 -> e000
[/dev/ttyACM0] ping parent fd72:e9dd:7d27:e872:0:ff:fe00:e000
[parse] 2025-12-19T13:37:42.418 state -> child
[parse] 2025-12-19T13:37:42.424 parent RLOC16 -> e000
[/dev/ttyACM0] ping parent fd72:e9dd:7d27:e872:0:ff:fe00:e000
[parse] 2025-12-19T13:37:43.392 state -> child
[parse] 2025-12-19T13:37:43.397 parent RLOC16 -> e000
[/dev/ttyACM0] ping parent fd72:e9dd:7d27:e872:0:ff:fe00:e000
[parse] 2025-12-19T13:37:44.361 state -> child
[parse] 2025-12-19T13:37:44.367 parent RLOC16 -> e000
[/dev/ttyACM0] ping parent fd72:e9dd:7d27:e872:0:ff:fe00:e000
[parse] 2025-12-19T13:37:45.427 state -> child
[parse] 2025-12-19T13:37:45.431 parent RLOC16 -> e000
[/dev/ttyACM0] ping parent fd72:e9dd:7d27:e872:0:ff:fe00:e000
[parse] 2025-12-19T13:37:46.403 state -> child
[parse] 2025-12-19T13:37:46.409 parent RLOC16 -> e000
[/dev/ttyACM0] ping parent fd72:e9dd:7d27:e872:0:ff:fe00:e000
[/dev/ttyACM0] ping parent fd72:e9dd:7d27:e872:0:ff:fe00:e000
[parse] 2025-12-19T13:37:51.598 state -> child
[parse] 2025-12-19T13:37:51.603 parent RLOC16 -> e000
[parse] 2025-12-19T13:37:51.697 state -> child
[parse] 2025-12-19T13:37:51.701 parent RLOC16 -> e000
[/dev/ttyACM0] ping parent fd72:e9dd:7d27:e872:0:ff:fe00:e000
[parse] 2025-12-19T13:37:52.423 state -> child
[parse] 2025-12-19T13:37:52.430 parent RLOC16 -> e000
[/dev/ttyACM0] ping parent fd72:e9dd:7d27:e872:0:ff:fe00:e000
[parse] 2025-12-19T13:37:53.391 state -> child
[parse] 2025-12-19T13:37:53.397 parent RLOC16 -> e000
[/dev/ttyACM0] ping parent fd72:e9dd:7d27:e872:0:ff:fe00:e000
[parse] 2025-12-19T13:37:54.407 state -> child
[parse] 2025-12-19T13:37:54.413 parent RLOC16 -> e000
[/dev/ttyACM0] ping parent fd72:e9dd:7d27:e872:0:ff:fe00:e000
[parse] 2025-12-19T13:37:55.371 state -> child
[parse] 2025-12-19T13:37:55.377 parent RLOC16 -> e000
[/dev/ttyACM0] ping parent fd72:e9dd:7d27:e872:0:ff:fe00:e000
[parse] 2025-12-19T13:37:56.458 state -> child
[parse] 2025-12-19T13:37:56.461 parent RLOC16 -> e000
[/dev/ttyACM0] ping parent fd72:e9dd:7d27:e872:0:ff:fe00:e000
[parse] 2025-12-19T13:37:57.421 state -> child
[parse] 2025-12-19T13:37:57.426 parent RLOC16 -> e000
[/dev/ttyACM0] ping parent fd72:e9dd:7d27:e872:0:ff:fe00:e000
[parse] 2025-12-19T13:37:58.391 state -> child
[parse] 2025-12-19T13:37:58.396 parent RLOC16 -> e000
[/dev/ttyACM0] ping parent fd72:e9dd:7d27:e872:0:ff:fe00:e000
[parse] 2025-12-19T13:37:59.356 state -> child
[parse] 2025-12-19T13:37:59.362 parent RLOC16 -> e000
[/dev/ttyACM0] ping parent fd72:e9dd:7d27:e872:0:ff:fe00:e000
[parse] 2025-12-19T13:38:00.422 state -> child
[parse] 2025-12-19T13:38:00.430 parent RLOC16 -> e000
[/dev/ttyACM0] ping parent fd72:e9dd:7d27:e872:0:ff:fe00:e000
[parse] 2025-12-19T13:38:01.389 state -> child
[parse] 2025-12-19T13:38:01.394 parent RLOC16 -> e000
[/dev/ttyACM0] ping parent fd72:e9dd:7d27:e872:0:ff:fe00:e000
[parse] 2025-12-19T13:38:02.379 state -> child
[parse] 2025-12-19T13:38:02.384 parent RLOC16 -> e000
[/dev/ttyACM0] ping parent fd72:e9dd:7d27:e872:0:ff:fe00:e000
[parse] 2025-12-19T13:38:03.345 state -> child
[parse] 2025-12-19T13:38:03.350 parent RLOC16 -> e000
[/dev/ttyACM0] ping parent fd72:e9dd:7d27:e872:0:ff:fe00:e000
[parse] 2025-12-19T13:38:04.427 state -> child
[parse] 2025-12-19T13:38:04.434 parent RLOC16 -> e000
[/dev/ttyACM0] ping parent fd72:e9dd:7d27:e872:0:ff:fe00:e000
[parse] 2025-12-19T13:38:05.402 state -> child
[parse] 2025-12-19T13:38:05.406 parent RLOC16 -> e000
[/dev/ttyACM0] ping parent fd72:e9dd:7d27:e872:0:ff:fe00:e000
[parse] 2025-12-19T13:38:06.382 state -> child
[parse] 2025-12-19T13:38:06.388 parent RLOC16 -> e000
[/dev/ttyACM0] ping parent fd72:e9dd:7d27:e872:0:ff:fe00:e000
[parse] 2025-12-19T13:38:07.374 state -> child
[parse] 2025-12-19T13:38:07.379 parent RLOC16 -> e000
[/dev/ttyACM0] ping parent fd72:e9dd:7d27:e872:0:ff:fe00:e000
[parse] 2025-12-19T13:38:08.338 state -> child
[parse] 2025-12-19T13:38:08.342 parent RLOC16 -> e000
[/dev/ttyACM0] ping parent fd72:e9dd:7d27:e872:0:ff:fe00:e000
[parse] 2025-12-19T13:38:09.414 state -> child
[parse] 2025-12-19T13:38:09.419 parent RLOC16 -> e000
[/dev/ttyACM0] ping parent fd72:e9dd:7d27:e872:0:ff:fe00:e000
[parse] 2025-12-19T13:38:10.380 state -> child
[parse] 2025-12-19T13:38:10.386 parent RLOC16 -> e000
[/dev/ttyACM0] ping parent fd72:e9dd:7d27:e872:0:ff:fe00:e000
[parse] 2025-12-19T13:38:11.344 state -> child
[parse] 2025-12-19T13:38:11.350 parent RLOC16 -> e000
[/dev/ttyACM0] ping parent fd72:e9dd:7d27:e872:0:ff:fe00:e000
[parse] 2025-12-19T13:38:12.363 state -> child
[parse] 2025-12-19T13:38:12.369 parent RLOC16 -> e000
[/dev/ttyACM0] ping parent fd72:e9dd:7d27:e872:0:ff:fe00:e000
[parse] 2025-12-19T13:38:13.381 state -> child
[parse] 2025-12-19T13:38:13.386 parent RLOC16 -> e000
[/dev/ttyACM0] ping parent fd72:e9dd:7d27:e872:0:ff:fe00:e000
[parse] 2025-12-19T13:38:14.351 state -> child
[parse] 2025-12-19T13:38:14.356 parent RLOC16 -> e000
[/dev/ttyACM0] ping parent fd72:e9dd:7d27:e872:0:ff:fe00:e000
[parse] 2025-12-19T13:38:15.417 state -> child
[parse] 2025-12-19T13:38:15.423 parent RLOC16 -> e000
[/dev/ttyACM0] ping parent fd72:e9dd:7d27:e872:0:ff:fe00:e000
[parse] 2025-12-19T13:38:16.382 state -> child
[parse] 2025-12-19T13:38:16.387 parent RLOC16 -> e000
[/dev/ttyACM0] ping parent fd72:e9dd:7d27:e872:0:ff:fe00:e000
[parse] 2025-12-19T13:38:17.365 state -> child
[parse] 2025-12-19T13:38:17.371 parent RLOC16 -> e000
[/dev/ttyACM0] ping parent fd72:e9dd:7d27:e872:0:ff:fe00:e000
[parse] 2025-12-19T13:38:18.430 state -> child
[parse] 2025-12-19T13:38:18.435 parent RLOC16 -> e000
[/dev/ttyACM0] ping parent fd72:e9dd:7d27:e872:0:ff:fe00:e000
[parse] 2025-12-19T13:38:19.336 state -> child
[parse] 2025-12-19T13:38:19.339 parent RLOC16 -> e000
[/dev/ttyACM0] ping parent fd72:e9dd:7d27:e872:0:ff:fe00:e000
[parse] 2025-12-19T13:38:20.416 state -> child
[parse] 2025-12-19T13:38:20.422 parent RLOC16 -> e000
[/dev/ttyACM0] ping parent fd72:e9dd:7d27:e872:0:ff:fe00:e000
[parse] 2025-12-19T13:38:21.432 state -> child
[parse] 2025-12-19T13:38:21.439 parent RLOC16 -> e000
[/dev/ttyACM0] ping parent fd72:e9dd:7d27:e872:0:ff:fe00:e000
[parse] 2025-12-19T13:38:22.401 state -> child
[parse] 2025-12-19T13:38:22.406 parent RLOC16 -> e000
[/dev/ttyACM0] ping parent fd72:e9dd:7d27:e872:0:ff:fe00:e000
[parse] 2025-12-19T13:38:23.372 state -> child
[parse] 2025-12-19T13:38:23.378 parent RLOC16 -> e000
[/dev/ttyACM0] ping parent fd72:e9dd:7d27:e872:0:ff:fe00:e000
[parse] 2025-12-19T13:38:25.165 state -> child
[parse] 2025-12-19T13:38:25.170 parent RLOC16 -> e000
[/dev/ttyACM0] ping parent fd72:e9dd:7d27:e872:0:ff:fe00:e000
[parse] 2025-12-19T13:38:25.427 state -> child
[parse] 2025-12-19T13:38:25.434 parent RLOC16 -> e000
[/dev/ttyACM0] ping parent fd72:e9dd:7d27:e872:0:ff:fe00:e000
[parse] 2025-12-19T13:38:26.402 state -> child
[parse] 2025-12-19T13:38:26.407 parent RLOC16 -> e000
[/dev/ttyACM0] ping parent fd72:e9dd:7d27:e872:0:ff:fe00:e000
[parse] 2025-12-19T13:38:27.369 state -> child
[parse] 2025-12-19T13:38:27.374 parent RLOC16 -> e000
[/dev/ttyACM0] ping parent fd72:e9dd:7d27:e872:0:ff:fe00:e000
[parse] 2025-12-19T13:38:28.377 state -> child
[parse] 2025-12-19T13:38:28.383 parent RLOC16 -> e000
[/dev/ttyACM0] ping parent fd72:e9dd:7d27:e872:0:ff:fe00:e000
[parse] 2025-12-19T13:38:29.352 state -> child
[parse] 2025-12-19T13:38:29.358 parent RLOC16 -> e000
[/dev/ttyACM0] ping parent fd72:e9dd:7d27:e872:0:ff:fe00:e000
[parse] 2025-12-19T13:38:30.420 state -> child
[parse] 2025-12-19T13:38:30.425 parent RLOC16 -> e000
[/dev/ttyACM0] ping parent fd72:e9dd:7d27:e872:0:ff:fe00:e000
[parse] 2025-12-19T13:38:31.389 state -> child
[parse] 2025-12-19T13:38:31.393 parent RLOC16 -> e000
[/dev/ttyACM0] ping parent fd72:e9dd:7d27:e872:0:ff:fe00:e000
[parse] 2025-12-19T13:38:32.362 state -> child
[parse] 2025-12-19T13:38:32.368 parent RLOC16 -> e000
[/dev/ttyACM0] ping parent fd72:e9dd:7d27:e872:0:ff:fe00:e000
[parse] 2025-12-19T13:38:33.379 state -> child
[parse] 2025-12-19T13:38:33.385 parent RLOC16 -> e000
[/dev/ttyACM0] ping parent fd72:e9dd:7d27:e872:0:ff:fe00:e000
[parse] 2025-12-19T13:38:34.365 state -> child
[parse] 2025-12-19T13:38:34.370 parent RLOC16 -> e000
[/dev/ttyACM0] ping parent fd72:e9dd:7d27:e872:0:ff:fe00:e000
[parse] 2025-12-19T13:38:35.357 state -> child
[parse] 2025-12-19T13:38:35.361 parent RLOC16 -> e000
[/dev/ttyACM0] ping parent fd72:e9dd:7d27:e872:0:ff:fe00:e000
[parse] 2025-12-19T13:38:36.420 state -> child
[parse] 2025-12-19T13:38:36.426 parent RLOC16 -> e000
[/dev/ttyACM0] ping parent fd72:e9dd:7d27:e872:0:ff:fe00:e000
[parse] 2025-12-19T13:38:37.385 state -> child
[parse] 2025-12-19T13:38:37.391 parent RLOC16 -> e000
[/dev/ttyACM0] ping parent fd72:e9dd:7d27:e872:0:ff:fe00:e000
[parse] 2025-12-19T13:38:38.376 state -> child
[parse] 2025-12-19T13:38:38.382 parent RLOC16 -> e000
[/dev/ttyACM0] ping parent fd72:e9dd:7d27:e872:0:ff:fe00:e000
[parse] 2025-12-19T13:38:39.353 state -> child
[parse] 2025-12-19T13:38:39.359 parent RLOC16 -> e000
[/dev/ttyACM0] ping parent fd72:e9dd:7d27:e872:0:ff:fe00:e000
[parse] 2025-12-19T13:38:40.349 state -> child
[parse] 2025-12-19T13:38:40.353 parent RLOC16 -> e000
[/dev/ttyACM0] ping parent fd72:e9dd:7d27:e872:0:ff:fe00:e000
[parse] 2025-12-19T13:38:41.378 state -> child
[parse] 2025-12-19T13:38:41.382 parent RLOC16 -> e000
[/dev/ttyACM0] ping parent fd72:e9dd:7d27:e872:0:ff:fe00:e000
[parse] 2025-12-19T13:38:42.359 state -> child
[parse] 2025-12-19T13:38:42.365 parent RLOC16 -> e000
[/dev/ttyACM0] ping parent fd72:e9dd:7d27:e872:0:ff:fe00:e000
[parse] 2025-12-19T13:38:43.366 state -> child
[parse] 2025-12-19T13:38:43.372 parent RLOC16 -> e000
[/dev/ttyACM0] ping parent fd72:e9dd:7d27:e872:0:ff:fe00:e000
[parse] 2025-12-19T13:38:44.434 state -> child
[parse] 2025-12-19T13:38:44.443 parent RLOC16 -> e000
[/dev/ttyACM0] ping parent fd72:e9dd:7d27:e872:0:ff:fe00:e000
[parse] 2025-12-19T13:38:45.413 state -> child
[parse] 2025-12-19T13:38:45.420 parent RLOC16 -> e000
[/dev/ttyACM0] ping parent fd72:e9dd:7d27:e872:0:ff:fe00:e000
[parse] 2025-12-19T13:38:46.382 state -> child
[parse] 2025-12-19T13:38:46.388 parent RLOC16 -> e000
[/dev/ttyACM0] ping parent fd72:e9dd:7d27:e872:0:ff:fe00:e000
[parse] 2025-12-19T13:38:47.345 state -> child
[parse] 2025-12-19T13:38:47.350 parent RLOC16 -> e000
[/dev/ttyACM0] ping parent fd72:e9dd:7d27:e872:0:ff:fe00:e000
[parse] 2025-12-19T13:38:48.411 state -> child
[parse] 2025-12-19T13:38:48.416 parent RLOC16 -> e000
[/dev/ttyACM0] ping parent fd72:e9dd:7d27:e872:0:ff:fe00:e000
[parse] 2025-12-19T13:38:49.375 state -> child
[parse] 2025-12-19T13:38:49.380 parent RLOC16 -> e000
[/dev/ttyACM0] ping parent fd72:e9dd:7d27:e872:0:ff:fe00:e000
[parse] 2025-12-19T13:38:50.338 state -> child
[parse] 2025-12-19T13:38:50.342 parent RLOC16 -> e000
[/dev/ttyACM0] ping parent fd72:e9dd:7d27:e872:0:ff:fe00:e000
[parse] 2025-12-19T13:38:51.401 state -> child
[parse] 2025-12-19T13:38:51.406 parent RLOC16 -> e000
[/dev/ttyACM0] ping parent fd72:e9dd:7d27:e872:0:ff:fe00:e000
[parse] 2025-12-19T13:38:52.371 state -> child
[parse] 2025-12-19T13:38:52.377 parent RLOC16 -> e000
[/dev/ttyACM0] ping parent fd72:e9dd:7d27:e872:0:ff:fe00:e000
[parse] 2025-12-19T13:38:53.340 state -> child
[parse] 2025-12-19T13:38:53.345 parent RLOC16 -> e000
[/dev/ttyACM0] ping parent fd72:e9dd:7d27:e872:0:ff:fe00:e000
[parse] 2025-12-19T13:38:54.405 state -> child
[parse] 2025-12-19T13:38:54.410 parent RLOC16 -> e000
[/dev/ttyACM0] ping parent fd72:e9dd:7d27:e872:0:ff:fe00:e000
[parse] 2025-12-19T13:38:55.382 state -> child
[parse] 2025-12-19T13:38:55.387 parent RLOC16 -> e000
[/dev/ttyACM0] ping parent fd72:e9dd:7d27:e872:0:ff:fe00:e000
[parse] 2025-12-19T13:38:56.351 state -> child
[parse] 2025-12-19T13:38:56.358 parent RLOC16 -> e000
[/dev/ttyACM0] ping parent fd72:e9dd:7d27:e872:0:ff:fe00:e000
[parse] 2025-12-19T13:38:57.419 state -> child
[parse] 2025-12-19T13:38:57.426 parent RLOC16 -> e000
[/dev/ttyACM0] ping parent fd72:e9dd:7d27:e872:0:ff:fe00:e000
[parse] 2025-12-19T13:38:58.386 state -> child
[parse] 2025-12-19T13:38:58.391 parent RLOC16 -> e000
[/dev/ttyACM0] ping parent fd72:e9dd:7d27:e872:0:ff:fe00:e000
[parse] 2025-12-19T13:38:59.363 state -> child
[parse] 2025-12-19T13:38:59.368 parent RLOC16 -> e000
[/dev/ttyACM0] ping parent fd72:e9dd:7d27:e872:0:ff:fe00:e000
[parse] 2025-12-19T13:39:00.425 state -> child
[parse] 2025-12-19T13:39:00.431 parent RLOC16 -> e000
[/dev/ttyACM0] ping parent fd72:e9dd:7d27:e872:0:ff:fe00:e000
[parse] 2025-12-19T13:39:01.361 state -> child
[parse] 2025-12-19T13:39:01.367 parent RLOC16 -> e000
[/dev/ttyACM0] ping parent fd72:e9dd:7d27:e872:0:ff:fe00:e000
[parse] 2025-12-19T13:39:02.416 state -> child
[parse] 2025-12-19T13:39:02.422 parent RLOC16 -> e000
[/dev/ttyACM0] ping parent fd72:e9dd:7d27:e872:0:ff:fe00:e000
[parse] 2025-12-19T13:39:03.383 state -> child
[parse] 2025-12-19T13:39:03.391 parent RLOC16 -> e000
[/dev/ttyACM0] ping parent fd72:e9dd:7d27:e872:0:ff:fe00:e000
[parse] 2025-12-19T13:39:04.349 state -> child
[parse] 2025-12-19T13:39:04.355 parent RLOC16 -> e000
[/dev/ttyACM0] ping parent fd72:e9dd:7d27:e872:0:ff:fe00:e000
[parse] 2025-12-19T13:39:05.417 state -> child
[parse] 2025-12-19T13:39:05.423 parent RLOC16 -> e000
[/dev/ttyACM0] ping parent fd72:e9dd:7d27:e872:0:ff:fe00:e000
[parse] 2025-12-19T13:39:06.382 state -> child
[parse] 2025-12-19T13:39:06.387 parent RLOC16 -> e000
[/dev/ttyACM0] ping parent fd72:e9dd:7d27:e872:0:ff:fe00:e000
[parse] 2025-12-19T13:39:07.417 state -> child
[parse] 2025-12-19T13:39:07.423 parent RLOC16 -> e000
[/dev/ttyACM0] ping parent fd72:e9dd:7d27:e872:0:ff:fe00:e000
[parse] 2025-12-19T13:39:08.406 state -> child
[parse] 2025-12-19T13:39:08.411 parent RLOC16 -> e000
[/dev/ttyACM0] ping parent fd72:e9dd:7d27:e872:0:ff:fe00:e000
[parse] 2025-12-19T13:39:09.372 state -> child
[parse] 2025-12-19T13:39:09.377 parent RLOC16 -> e000
[/dev/ttyACM0] ping parent fd72:e9dd:7d27:e872:0:ff:fe00:e000
[parse] 2025-12-19T13:39:10.416 state -> child
[parse] 2025-12-19T13:39:10.422 parent RLOC16 -> e000
[/dev/ttyACM0] ping parent fd72:e9dd:7d27:e872:0:ff:fe00:e000
[parse] 2025-12-19T13:39:11.393 state -> child
[parse] 2025-12-19T13:39:11.399 parent RLOC16 -> e000
[/dev/ttyACM0] ping parent fd72:e9dd:7d27:e872:0:ff:fe00:e000
[parse] 2025-12-19T13:39:12.382 state -> child
[parse] 2025-12-19T13:39:12.386 parent RLOC16 -> e000
[/dev/ttyACM0] ping parent fd72:e9dd:7d27:e872:0:ff:fe00:e000
[parse] 2025-12-19T13:39:13.354 state -> child
[parse] 2025-12-19T13:39:13.358 parent RLOC16 -> e000
[/dev/ttyACM0] ping parent fd72:e9dd:7d27:e872:0:ff:fe00:e000
[parse] 2025-12-19T13:39:14.363 state -> child
[parse] 2025-12-19T13:39:14.369 parent RLOC16 -> e000
[/dev/ttyACM0] ping parent fd72:e9dd:7d27:e872:0:ff:fe00:e000
[parse] 2025-12-19T13:39:15.431 state -> child
[parse] 2025-12-19T13:39:15.438 parent RLOC16 -> e000
[/dev/ttyACM0] ping parent fd72:e9dd:7d27:e872:0:ff:fe00:e000
[parse] 2025-12-19T13:39:16.400 state -> child
[parse] 2025-12-19T13:39:16.405 parent RLOC16 -> e000
[/dev/ttyACM0] ping parent fd72:e9dd:7d27:e872:0:ff:fe00:e000
[parse] 2025-12-19T13:39:17.364 state -> child
[parse] 2025-12-19T13:39:17.370 parent RLOC16 -> e000
[/dev/ttyACM0] ping parent fd72:e9dd:7d27:e872:0:ff:fe00:e000
[parse] 2025-12-19T13:39:18.431 state -> child
[parse] 2025-12-19T13:39:18.438 parent RLOC16 -> e000
[/dev/ttyACM0] ping parent fd72:e9dd:7d27:e872:0:ff:fe00:e000
[parse] 2025-12-19T13:39:19.400 state -> child
[parse] 2025-12-19T13:39:19.405 parent RLOC16 -> e000
[/dev/ttyACM0] ping parent fd72:e9dd:7d27:e872:0:ff:fe00:e000
[parse] 2025-12-19T13:39:20.374 state -> child
[parse] 2025-12-19T13:39:20.379 parent RLOC16 -> e000
[/dev/ttyACM0] ping parent fd72:e9dd:7d27:e872:0:ff:fe00:e000
[parse] 2025-12-19T13:39:21.340 state -> child
[parse] 2025-12-19T13:39:21.346 parent RLOC16 -> e000
[/dev/ttyACM0] ping parent fd72:e9dd:7d27:e872:0:ff:fe00:e000
[parse] 2025-12-19T13:39:22.339 state -> child
[parse] 2025-12-19T13:39:22.344 parent RLOC16 -> e000
[/dev/ttyACM0] ping parent fd72:e9dd:7d27:e872:0:ff:fe00:e000
[parse] 2025-12-19T13:39:23.363 state -> child
[parse] 2025-12-19T13:39:23.369 parent RLOC16 -> e000
[/dev/ttyACM0] ping parent fd72:e9dd:7d27:e872:0:ff:fe00:e000
[parse] 2025-12-19T13:39:24.431 state -> child
[parse] 2025-12-19T13:39:24.438 parent RLOC16 -> e000
[/dev/ttyACM0] ping parent fd72:e9dd:7d27:e872:0:ff:fe00:e000
[parse] 2025-12-19T13:39:25.368 state -> child
[parse] 2025-12-19T13:39:25.375 parent RLOC16 -> e000
[/dev/ttyACM0] ping parent fd72:e9dd:7d27:e872:0:ff:fe00:e000
[parse] 2025-12-19T13:39:26.351 state -> child
[parse] 2025-12-19T13:39:26.357 parent RLOC16 -> e000
[/dev/ttyACM0] ping parent fd72:e9dd:7d27:e872:0:ff:fe00:e000
[parse] 2025-12-19T13:39:27.337 state -> child
[parse] 2025-12-19T13:39:27.341 parent RLOC16 -> e000
[/dev/ttyACM0] ping parent fd72:e9dd:7d27:e872:0:ff:fe00:e000
[parse] 2025-12-19T13:39:28.404 state -> child
[parse] 2025-12-19T13:39:28.409 parent RLOC16 -> e000
[/dev/ttyACM0] ping parent fd72:e9dd:7d27:e872:0:ff:fe00:e000
[parse] 2025-12-19T13:39:29.365 state -> child
[parse] 2025-12-19T13:39:29.371 parent RLOC16 -> e000
[/dev/ttyACM0] ping parent fd72:e9dd:7d27:e872:0:ff:fe00:e000
[parse] 2025-12-19T13:39:30.348 state -> child
[parse] 2025-12-19T13:39:30.355 parent RLOC16 -> e000
[/dev/ttyACM0] ping parent fd72:e9dd:7d27:e872:0:ff:fe00:e000
[parse] 2025-12-19T13:39:31.376 state -> child
[parse] 2025-12-19T13:39:31.379 parent RLOC16 -> e000
[/dev/ttyACM0] ping parent fd72:e9dd:7d27:e872:0:ff:fe00:e000
[parse] 2025-12-19T13:39:32.337 state -> child
[parse] 2025-12-19T13:39:32.341 parent RLOC16 -> e000
[/dev/ttyACM0] ping parent fd72:e9dd:7d27:e872:0:ff:fe00:e000
[parse] 2025-12-19T13:39:33.401 state -> child
[parse] 2025-12-19T13:39:33.406 parent RLOC16 -> e000
[/dev/ttyACM0] ping parent fd72:e9dd:7d27:e872:0:ff:fe00:e000
[parse] 2025-12-19T13:39:34.410 state -> child
[parse] 2025-12-19T13:39:34.415 parent RLOC16 -> e000
[/dev/ttyACM0] ping parent fd72:e9dd:7d27:e872:0:ff:fe00:e000
[parse] 2025-12-19T13:39:35.376 state -> child
[parse] 2025-12-19T13:39:35.382 parent RLOC16 -> e000
[/dev/ttyACM0] ping parent fd72:e9dd:7d27:e872:0:ff:fe00:e000
[parse] 2025-12-19T13:39:36.353 state -> child
[parse] 2025-12-19T13:39:36.358 parent RLOC16 -> e000
[/dev/ttyACM0] ping parent fd72:e9dd:7d27:e872:0:ff:fe00:e000
[parse] 2025-12-19T13:39:37.437 state -> child
[parse] 2025-12-19T13:39:37.443 parent RLOC16 -> e000
[/dev/ttyACM0] ping parent fd72:e9dd:7d27:e872:0:ff:fe00:e000
[parse] 2025-12-19T13:39:38.400 state -> child
[parse] 2025-12-19T13:39:38.406 parent RLOC16 -> e000
[/dev/ttyACM0] ping parent fd72:e9dd:7d27:e872:0:ff:fe00:e000
[parse] 2025-12-19T13:39:39.418 state -> child
[parse] 2025-12-19T13:39:39.425 parent RLOC16 -> e000
[/dev/ttyACM0] ping parent fd72:e9dd:7d27:e872:0:ff:fe00:e000
[parse] 2025-12-19T13:39:40.415 state -> child
[parse] 2025-12-19T13:39:40.421 parent RLOC16 -> e000
[/dev/ttyACM0] ping parent fd72:e9dd:7d27:e872:0:ff:fe00:e000
[parse] 2025-12-19T13:39:41.382 state -> child
[parse] 2025-12-19T13:39:41.387 parent RLOC16 -> e000
[/dev/ttyACM0] ping parent fd72:e9dd:7d27:e872:0:ff:fe00:e000
[parse] 2025-12-19T13:39:42.347 state -> child
[parse] 2025-12-19T13:39:42.352 parent RLOC16 -> e000
[/dev/ttyACM0] ping parent fd72:e9dd:7d27:e872:0:ff:fe00:e000
[parse] 2025-12-19T13:39:43.413 state -> child
[parse] 2025-12-19T13:39:43.419 parent RLOC16 -> e000
[/dev/ttyACM0] ping parent fd72:e9dd:7d27:e872:0:ff:fe00:e000
[parse] 2025-12-19T13:39:44.399 state -> child
[parse] 2025-12-19T13:39:44.404 parent RLOC16 -> e000
[/dev/ttyACM0] ping parent fd72:e9dd:7d27:e872:0:ff:fe00:e000
[parse] 2025-12-19T13:39:45.364 state -> child
[parse] 2025-12-19T13:39:45.370 parent RLOC16 -> e000
[/dev/ttyACM0] ping parent fd72:e9dd:7d27:e872:0:ff:fe00:e000
[parse] 2025-12-19T13:39:46.438 state -> child
[parse] 2025-12-19T13:39:46.443 parent RLOC16 -> e000
[/dev/ttyACM0] ping parent fd72:e9dd:7d27:e872:0:ff:fe00:e000
[parse] 2025-12-19T13:39:47.403 state -> child
[parse] 2025-12-19T13:39:47.407 parent RLOC16 -> e000
[/dev/ttyACM0] ping parent fd72:e9dd:7d27:e872:0:ff:fe00:e000
[parse] 2025-12-19T13:39:48.372 state -> child
[parse] 2025-12-19T13:39:48.378 parent RLOC16 -> e000
[/dev/ttyACM0] ping parent fd72:e9dd:7d27:e872:0:ff:fe00:e000
[/dev/ttyACM0] ping parent fd72:e9dd:7d27:e872:0:ff:fe00:e000
[parse] 2025-12-19T13:39:51.001 state -> child
[parse] 2025-12-19T13:39:51.006 parent RLOC16 -> e000
[parse] 2025-12-19T13:39:51.101 state -> child
[parse] 2025-12-19T13:39:51.104 parent RLOC16 -> e000
[/dev/ttyACM0] ping parent fd72:e9dd:7d27:e872:0:ff:fe00:e000
[parse] 2025-12-19T13:39:51.379 state -> child
[parse] 2025-12-19T13:39:51.384 parent RLOC16 -> e000
[/dev/ttyACM0] ping parent fd72:e9dd:7d27:e872:0:ff:fe00:e000
[parse] 2025-12-19T13:39:52.352 state -> child
[parse] 2025-12-19T13:39:52.357 parent RLOC16 -> e000
[/dev/ttyACM0] ping parent fd72:e9dd:7d27:e872:0:ff:fe00:e000
[parse] 2025-12-19T13:39:53.366 state -> child
[parse] 2025-12-19T13:39:53.372 parent RLOC16 -> e000
[/dev/ttyACM0] ping parent fd72:e9dd:7d27:e872:0:ff:fe00:e000
[parse] 2025-12-19T13:39:54.378 state -> child
[parse] 2025-12-19T13:39:54.383 parent RLOC16 -> e000
[/dev/ttyACM0] ping parent fd72:e9dd:7d27:e872:0:ff:fe00:e000
[parse] 2025-12-19T13:39:55.341 state -> child
[parse] 2025-12-19T13:39:55.346 parent RLOC16 -> e000
[/dev/ttyACM0] ping parent fd72:e9dd:7d27:e872:0:ff:fe00:e000
[parse] 2025-12-19T13:39:56.413 state -> child
[parse] 2025-12-19T13:39:56.418 parent RLOC16 -> e000
[/dev/ttyACM0] ping parent fd72:e9dd:7d27:e872:0:ff:fe00:e000
[parse] 2025-12-19T13:39:57.380 state -> child
[parse] 2025-12-19T13:39:57.385 parent RLOC16 -> e000
[/dev/ttyACM0] ping parent fd72:e9dd:7d27:e872:0:ff:fe00:e000
[parse] 2025-12-19T13:39:58.345 state -> child
[parse] 2025-12-19T13:39:58.352 parent RLOC16 -> e000
[/dev/ttyACM0] ping parent fd72:e9dd:7d27:e872:0:ff:fe00:e000
[parse] 2025-12-19T13:39:59.379 state -> child
[parse] 2025-12-19T13:39:59.385 parent RLOC16 -> e000
[/dev/ttyACM0] ping parent fd72:e9dd:7d27:e872:0:ff:fe00:e000
[parse] 2025-12-19T13:40:00.345 state -> child
[parse] 2025-12-19T13:40:00.350 parent RLOC16 -> e000
[/dev/ttyACM0] ping parent fd72:e9dd:7d27:e872:0:ff:fe00:e000
[parse] 2025-12-19T13:40:01.411 state -> child
[parse] 2025-12-19T13:40:01.418 parent RLOC16 -> e000
[/dev/ttyACM0] ping parent fd72:e9dd:7d27:e872:0:ff:fe00:e000
[parse] 2025-12-19T13:40:02.376 state -> child
[parse] 2025-12-19T13:40:02.381 parent RLOC16 -> e000
[/dev/ttyACM0] ping parent fd72:e9dd:7d27:e872:0:ff:fe00:e000
[parse] 2025-12-19T13:40:03.340 state -> child
[parse] 2025-12-19T13:40:03.345 parent RLOC16 -> e000
[/dev/ttyACM0] ping parent fd72:e9dd:7d27:e872:0:ff:fe00:e000
[parse] 2025-12-19T13:40:04.407 state -> child
[parse] 2025-12-19T13:40:04.412 parent RLOC16 -> e000
[/dev/ttyACM0] ping parent fd72:e9dd:7d27:e872:0:ff:fe00:e000
[parse] 2025-12-19T13:40:05.386 state -> child
[parse] 2025-12-19T13:40:05.392 parent RLOC16 -> e000
[/dev/ttyACM0] ping parent fd72:e9dd:7d27:e872:0:ff:fe00:e000
[parse] 2025-12-19T13:40:06.366 state -> child
[parse] 2025-12-19T13:40:06.373 parent RLOC16 -> e000
[/dev/ttyACM0] ping parent fd72:e9dd:7d27:e872:0:ff:fe00:e000
[parse] 2025-12-19T13:40:07.344 state -> child
[parse] 2025-12-19T13:40:07.350 parent RLOC16 -> e000
[/dev/ttyACM0] ping parent fd72:e9dd:7d27:e872:0:ff:fe00:e000
[parse] 2025-12-19T13:40:08.428 state -> child
[parse] 2025-12-19T13:40:08.435 parent RLOC16 -> e000
[/dev/ttyACM0] ping parent fd72:e9dd:7d27:e872:0:ff:fe00:e000
[parse] 2025-12-19T13:40:09.404 state -> child
[parse] 2025-12-19T13:40:09.410 parent RLOC16 -> e000
[/dev/ttyACM0] ping parent fd72:e9dd:7d27:e872:0:ff:fe00:e000
[parse] 2025-12-19T13:40:10.370 state -> child
[parse] 2025-12-19T13:40:10.376 parent RLOC16 -> e000
[/dev/ttyACM0] ping parent fd72:e9dd:7d27:e872:0:ff:fe00:e000
[parse] 2025-12-19T13:40:11.370 state -> child
[parse] 2025-12-19T13:40:11.376 parent RLOC16 -> e000
[/dev/ttyACM0] ping parent fd72:e9dd:7d27:e872:0:ff:fe00:e000
[parse] 2025-12-19T13:40:12.437 state -> child
[parse] 2025-12-19T13:40:12.443 parent RLOC16 -> e000
[/dev/ttyACM0] ping parent fd72:e9dd:7d27:e872:0:ff:fe00:e000
[parse] 2025-12-19T13:40:13.401 state -> child
[parse] 2025-12-19T13:40:13.406 parent RLOC16 -> e000
[/dev/ttyACM0] ping parent fd72:e9dd:7d27:e872:0:ff:fe00:e000
[parse] 2025-12-19T13:40:14.362 state -> child
[parse] 2025-12-19T13:40:14.367 parent RLOC16 -> e000
[/dev/ttyACM0] ping parent fd72:e9dd:7d27:e872:0:ff:fe00:e000
[parse] 2025-12-19T13:40:15.419 state -> child
[parse] 2025-12-19T13:40:15.424 parent RLOC16 -> e000
[/dev/ttyACM0] ping parent fd72:e9dd:7d27:e872:0:ff:fe00:e000
[parse] 2025-12-19T13:40:16.345 state -> child
[parse] 2025-12-19T13:40:16.350 parent RLOC16 -> e000
[/dev/ttyACM0] ping parent fd72:e9dd:7d27:e872:0:ff:fe00:e000
[parse] 2025-12-19T13:40:17.411 state -> child
[parse] 2025-12-19T13:40:17.417 parent RLOC16 -> e000
[/dev/ttyACM0] ping parent fd72:e9dd:7d27:e872:0:ff:fe00:e000
[/dev/ttyACM0] ping parent fd72:e9dd:7d27:e872:0:ff:fe00:e000
[parse] 2025-12-19T13:40:19.465 state -> child
[parse] 2025-12-19T13:40:19.473 parent RLOC16 -> e000
[parse] 2025-12-19T13:40:19.526 state -> child
[parse] 2025-12-19T13:40:19.529 parent RLOC16 -> e000
[/dev/ttyACM0] ping parent fd72:e9dd:7d27:e872:0:ff:fe00:e000
[parse] 2025-12-19T13:40:20.367 state -> child
[parse] 2025-12-19T13:40:20.372 parent RLOC16 -> e000
[/dev/ttyACM0] ping parent fd72:e9dd:7d27:e872:0:ff:fe00:e000
[parse] 2025-12-19T13:40:21.361 state -> child
[parse] 2025-12-19T13:40:21.367 parent RLOC16 -> e000
[/dev/ttyACM0] ping parent fd72:e9dd:7d27:e872:0:ff:fe00:e000
[parse] 2025-12-19T13:40:22.427 state -> child
[parse] 2025-12-19T13:40:22.434 parent RLOC16 -> e000
[/dev/ttyACM0] ping parent fd72:e9dd:7d27:e872:0:ff:fe00:e000
[parse] 2025-12-19T13:40:23.413 state -> child
[parse] 2025-12-19T13:40:23.419 parent RLOC16 -> e000
[/dev/ttyACM0] ping parent fd72:e9dd:7d27:e872:0:ff:fe00:e000
[parse] 2025-12-19T13:40:24.395 state -> child
[parse] 2025-12-19T13:40:24.399 parent RLOC16 -> e000
[/dev/ttyACM0] ping parent fd72:e9dd:7d27:e872:0:ff:fe00:e000
[parse] 2025-12-19T13:40:25.338 state -> child
[parse] 2025-12-19T13:40:25.343 parent RLOC16 -> e000
[/dev/ttyACM0] ping parent fd72:e9dd:7d27:e872:0:ff:fe00:e000
[parse] 2025-12-19T13:40:26.406 state -> child
[parse] 2025-12-19T13:40:26.410 parent RLOC16 -> e000
[/dev/ttyACM0] ping parent fd72:e9dd:7d27:e872:0:ff:fe00:e000
[parse] 2025-12-19T13:40:27.371 state -> child
[parse] 2025-12-19T13:40:27.377 parent RLOC16 -> e000
[/dev/ttyACM0] ping parent fd72:e9dd:7d27:e872:0:ff:fe00:e000
[parse] 2025-12-19T13:40:28.339 state -> child
[parse] 2025-12-19T13:40:28.343 parent RLOC16 -> e000
[/dev/ttyACM0] ping parent fd72:e9dd:7d27:e872:0:ff:fe00:e000
[parse] 2025-12-19T13:40:29.402 state -> child
[parse] 2025-12-19T13:40:29.407 parent RLOC16 -> e000
[/dev/ttyACM0] ping parent fd72:e9dd:7d27:e872:0:ff:fe00:e000
[parse] 2025-12-19T13:40:30.370 state -> child
[parse] 2025-12-19T13:40:30.375 parent RLOC16 -> e000
[/dev/ttyACM0] ping parent fd72:e9dd:7d27:e872:0:ff:fe00:e000
[parse] 2025-12-19T13:40:31.341 state -> child
[parse] 2025-12-19T13:40:31.347 parent RLOC16 -> e000
[/dev/ttyACM0] ping parent fd72:e9dd:7d27:e872:0:ff:fe00:e000
[parse] 2025-12-19T13:40:32.406 state -> child
[parse] 2025-12-19T13:40:32.411 parent RLOC16 -> e000
[/dev/ttyACM0] ping parent fd72:e9dd:7d27:e872:0:ff:fe00:e000
[parse] 2025-12-19T13:40:33.382 state -> child
[parse] 2025-12-19T13:40:33.388 parent RLOC16 -> e000
[/dev/ttyACM0] ping parent fd72:e9dd:7d27:e872:0:ff:fe00:e000
[parse] 2025-12-19T13:40:34.350 state -> child
[parse] 2025-12-19T13:40:34.355 parent RLOC16 -> e000
[/dev/ttyACM0] ping parent fd72:e9dd:7d27:e872:0:ff:fe00:e000
[parse] 2025-12-19T13:40:35.376 state -> child
[parse] 2025-12-19T13:40:35.382 parent RLOC16 -> e000
[/dev/ttyACM0] ping parent fd72:e9dd:7d27:e872:0:ff:fe00:e000
[parse] 2025-12-19T13:40:36.340 state -> child
[parse] 2025-12-19T13:40:36.345 parent RLOC16 -> e000
[/dev/ttyACM0] ping parent fd72:e9dd:7d27:e872:0:ff:fe00:e000
[parse] 2025-12-19T13:40:37.404 state -> child
[parse] 2025-12-19T13:40:37.410 parent RLOC16 -> e000
[/dev/ttyACM0] ping parent fd72:e9dd:7d27:e872:0:ff:fe00:e000
[parse] 2025-12-19T13:40:38.372 state -> child
[parse] 2025-12-19T13:40:38.379 parent RLOC16 -> e000
[/dev/ttyACM0] ping parent fd72:e9dd:7d27:e872:0:ff:fe00:e000
[parse] 2025-12-19T13:40:39.396 state -> child
[parse] 2025-12-19T13:40:39.402 parent RLOC16 -> e000
[/dev/ttyACM0] ping parent fd72:e9dd:7d27:e872:0:ff:fe00:e000
[parse] 2025-12-19T13:40:40.391 state -> child
[parse] 2025-12-19T13:40:40.397 parent RLOC16 -> e000
[/dev/ttyACM0] ping parent fd72:e9dd:7d27:e872:0:ff:fe00:e000
[parse] 2025-12-19T13:40:41.361 state -> child
[parse] 2025-12-19T13:40:41.366 parent RLOC16 -> e000
[/dev/ttyACM0] ping parent fd72:e9dd:7d27:e872:0:ff:fe00:e000
[parse] 2025-12-19T13:40:42.427 state -> child
[parse] 2025-12-19T13:40:42.434 parent RLOC16 -> e000
[/dev/ttyACM0] ping parent fd72:e9dd:7d27:e872:0:ff:fe00:e000
[parse] 2025-12-19T13:40:43.404 state -> child
[parse] 2025-12-19T13:40:43.409 parent RLOC16 -> e000
[/dev/ttyACM0] ping parent fd72:e9dd:7d27:e872:0:ff:fe00:e000
[parse] 2025-12-19T13:40:44.383 state -> child
[parse] 2025-12-19T13:40:44.388 parent RLOC16 -> e000
[/dev/ttyACM0] ping parent fd72:e9dd:7d27:e872:0:ff:fe00:e000
[parse] 2025-12-19T13:40:45.347 state -> child
[parse] 2025-12-19T13:40:45.351 parent RLOC16 -> e000
[/dev/ttyACM0] ping parent fd72:e9dd:7d27:e872:0:ff:fe00:e000
[parse] 2025-12-19T13:40:46.408 state -> child
[parse] 2025-12-19T13:40:46.411 parent RLOC16 -> e000
[/dev/ttyACM0] ping parent fd72:e9dd:7d27:e872:0:ff:fe00:e000
[parse] 2025-12-19T13:40:47.389 state -> child
[parse] 2025-12-19T13:40:47.395 parent RLOC16 -> e000
[/dev/ttyACM0] ping parent fd72:e9dd:7d27:e872:0:ff:fe00:e000
[parse] 2025-12-19T13:40:48.364 state -> child
[parse] 2025-12-19T13:40:48.370 parent RLOC16 -> e000
[/dev/ttyACM0] ping parent fd72:e9dd:7d27:e872:0:ff:fe00:e000
[parse] 2025-12-19T13:40:49.431 state -> child
[parse] 2025-12-19T13:40:49.437 parent RLOC16 -> e000
[/dev/ttyACM0] ping parent fd72:e9dd:7d27:e872:0:ff:fe00:e000
[parse] 2025-12-19T13:40:50.398 state -> child
[parse] 2025-12-19T13:40:50.404 parent RLOC16 -> e000
[/dev/ttyACM0] ping parent fd72:e9dd:7d27:e872:0:ff:fe00:e000
[parse] 2025-12-19T13:40:51.374 state -> child
[parse] 2025-12-19T13:40:51.379 parent RLOC16 -> e000
[/dev/ttyACM0] ping parent fd72:e9dd:7d27:e872:0:ff:fe00:e000
[parse] 2025-12-19T13:40:52.571 state -> child
[parse] 2025-12-19T13:40:52.577 parent RLOC16 -> e000
[/dev/ttyACM0] ping parent fd72:e9dd:7d27:e872:0:ff:fe00:e000
[parse] 2025-12-19T13:40:53.439 state -> child
[parse] 2025-12-19T13:40:53.444 parent RLOC16 -> e000
[/dev/ttyACM0] ping parent fd72:e9dd:7d27:e872:0:ff:fe00:e000
[parse] 2025-12-19T13:40:54.414 state -> child
[parse] 2025-12-19T13:40:54.420 parent RLOC16 -> e000
[/dev/ttyACM0] ping parent fd72:e9dd:7d27:e872:0:ff:fe00:e000
[parse] 2025-12-19T13:40:55.379 state -> child
[parse] 2025-12-19T13:40:55.385 parent RLOC16 -> e000
[/dev/ttyACM0] ping parent fd72:e9dd:7d27:e872:0:ff:fe00:e000
[parse] 2025-12-19T13:40:56.392 state -> child
[parse] 2025-12-19T13:40:56.397 parent RLOC16 -> e000
[/dev/ttyACM0] ping parent fd72:e9dd:7d27:e872:0:ff:fe00:e000
[parse] 2025-12-19T13:40:57.356 state -> child
[parse] 2025-12-19T13:40:57.362 parent RLOC16 -> e000
[/dev/ttyACM0] ping parent fd72:e9dd:7d27:e872:0:ff:fe00:e000
[parse] 2025-12-19T13:40:58.424 state -> child
[parse] 2025-12-19T13:40:58.429 parent RLOC16 -> e000
[/dev/ttyACM0] ping parent fd72:e9dd:7d27:e872:0:ff:fe00:e000
[parse] 2025-12-19T13:40:59.407 state -> child
[parse] 2025-12-19T13:40:59.412 parent RLOC16 -> e000
[/dev/ttyACM0] ping parent fd72:e9dd:7d27:e872:0:ff:fe00:e000
[parse] 2025-12-19T13:41:00.380 state -> child
[parse] 2025-12-19T13:41:00.386 parent RLOC16 -> e000
[/dev/ttyACM0] ping parent fd72:e9dd:7d27:e872:0:ff:fe00:e000
[parse] 2025-12-19T13:41:01.399 state -> child
[parse] 2025-12-19T13:41:01.404 parent RLOC16 -> e000
[/dev/ttyACM0] ping parent fd72:e9dd:7d27:e872:0:ff:fe00:e000
[parse] 2025-12-19T13:41:02.382 state -> child
[parse] 2025-12-19T13:41:02.388 parent RLOC16 -> e000
[/dev/ttyACM0] ping parent fd72:e9dd:7d27:e872:0:ff:fe00:e000
[parse] 2025-12-19T13:41:03.345 state -> child
[parse] 2025-12-19T13:41:03.350 parent RLOC16 -> e000
[/dev/ttyACM0] ping parent fd72:e9dd:7d27:e872:0:ff:fe00:e000
[parse] 2025-12-19T13:41:04.413 state -> child
[parse] 2025-12-19T13:41:04.418 parent RLOC16 -> e000
[/dev/ttyACM0] ping parent fd72:e9dd:7d27:e872:0:ff:fe00:e000
[parse] 2025-12-19T13:41:05.409 state -> child
[parse] 2025-12-19T13:41:05.414 parent RLOC16 -> e000
[/dev/ttyACM0] ping parent fd72:e9dd:7d27:e872:0:ff:fe00:e000
[parse] 2025-12-19T13:41:06.374 state -> child
[parse] 2025-12-19T13:41:06.380 parent RLOC16 -> e000
[/dev/ttyACM0] ping parent fd72:e9dd:7d27:e872:0:ff:fe00:e000
[parse] 2025-12-19T13:41:07.339 state -> child
[parse] 2025-12-19T13:41:07.343 parent RLOC16 -> e000
[/dev/ttyACM0] ping parent fd72:e9dd:7d27:e872:0:ff:fe00:e000
[parse] 2025-12-19T13:41:08.403 state -> child
[parse] 2025-12-19T13:41:08.408 parent RLOC16 -> e000
[/dev/ttyACM0] ping parent fd72:e9dd:7d27:e872:0:ff:fe00:e000
[parse] 2025-12-19T13:41:09.391 state -> child
[parse] 2025-12-19T13:41:09.395 parent RLOC16 -> e000
[/dev/ttyACM0] ping parent fd72:e9dd:7d27:e872:0:ff:fe00:e000
[parse] 2025-12-19T13:41:10.353 state -> child
[parse] 2025-12-19T13:41:10.357 parent RLOC16 -> e000
[/dev/ttyACM0] ping parent fd72:e9dd:7d27:e872:0:ff:fe00:e000
[parse] 2025-12-19T13:41:11.358 state -> child
[parse] 2025-12-19T13:41:11.363 parent RLOC16 -> e000
[/dev/ttyACM0] ping parent fd72:e9dd:7d27:e872:0:ff:fe00:e000
[parse] 2025-12-19T13:41:12.439 state -> child
[parse] 2025-12-19T13:41:12.445 parent RLOC16 -> e000
[/dev/ttyACM0] ping parent fd72:e9dd:7d27:e872:0:ff:fe00:e000
[parse] 2025-12-19T13:41:13.413 state -> child
[parse] 2025-12-19T13:41:13.419 parent RLOC16 -> e000
[/dev/ttyACM0] ping parent fd72:e9dd:7d27:e872:0:ff:fe00:e000
[/dev/ttyACM0] ping parent fd72:e9dd:7d27:e872:0:ff:fe00:e000
[parse] 2025-12-19T13:41:15.474 state -> child
[parse] 2025-12-19T13:41:15.551 parent RLOC16 -> e000
[parse] 2025-12-19T13:41:15.619 state -> child
[parse] 2025-12-19T13:41:15.622 parent RLOC16 -> e000
[/dev/ttyACM0] ping parent fd72:e9dd:7d27:e872:0:ff:fe00:e000
[parse] 2025-12-19T13:41:16.381 state -> child
[parse] 2025-12-19T13:41:16.387 parent RLOC16 -> e000
[/dev/ttyACM0] ping parent fd72:e9dd:7d27:e872:0:ff:fe00:e000
[parse] 2025-12-19T13:41:17.347 state -> child
[parse] 2025-12-19T13:41:17.353 parent RLOC16 -> e000
[/dev/ttyACM0] ping parent fd72:e9dd:7d27:e872:0:ff:fe00:e000
[parse] 2025-12-19T13:41:18.412 state -> child
[parse] 2025-12-19T13:41:18.418 parent RLOC16 -> e000
[/dev/ttyACM0] ping parent fd72:e9dd:7d27:e872:0:ff:fe00:e000
[parse] 2025-12-19T13:41:19.377 state -> child
[parse] 2025-12-19T13:41:19.383 parent RLOC16 -> e000
[/dev/ttyACM0] ping parent fd72:e9dd:7d27:e872:0:ff:fe00:e000
[parse] 2025-12-19T13:41:20.341 state -> child
[parse] 2025-12-19T13:41:20.346 parent RLOC16 -> e000
[/dev/ttyACM0] ping parent fd72:e9dd:7d27:e872:0:ff:fe00:e000
[/dev/ttyACM0] ping parent fd72:e9dd:7d27:e872:0:ff:fe00:e000
[/dev/ttyACM0] ping parent fd72:e9dd:7d27:e872:0:ff:fe00:e000
[parse] 2025-12-19T13:41:23.406 state -> child
[parse] 2025-12-19T13:41:23.413 parent RLOC16 -> e000
[parse] 2025-12-19T13:41:23.467 state -> child
[parse] 2025-12-19T13:41:23.470 parent RLOC16 -> e000
[parse] 2025-12-19T13:41:23.523 state -> child
[parse] 2025-12-19T13:41:23.526 parent RLOC16 -> e000
[/dev/ttyACM0] ping parent fd72:e9dd:7d27:e872:0:ff:fe00:e000
[parse] 2025-12-19T13:41:24.377 state -> child
[parse] 2025-12-19T13:41:24.384 parent RLOC16 -> e000
[/dev/ttyACM0] ping parent fd72:e9dd:7d27:e872:0:ff:fe00:e000
[parse] 2025-12-19T13:41:25.342 state -> child
[parse] 2025-12-19T13:41:25.347 parent RLOC16 -> e000
[/dev/ttyACM0] ping parent fd72:e9dd:7d27:e872:0:ff:fe00:e000
[parse] 2025-12-19T13:41:26.422 state -> child
[parse] 2025-12-19T13:41:26.427 parent RLOC16 -> e000
[/dev/ttyACM0] ping parent fd72:e9dd:7d27:e872:0:ff:fe00:e000
[parse] 2025-12-19T13:41:27.386 state -> child
[parse] 2025-12-19T13:41:27.392 parent RLOC16 -> e000
[/dev/ttyACM0] ping parent fd72:e9dd:7d27:e872:0:ff:fe00:e000
[parse] 2025-12-19T13:41:28.365 state -> child
[parse] 2025-12-19T13:41:28.371 parent RLOC16 -> e000
[/dev/ttyACM0] ping parent fd72:e9dd:7d27:e872:0:ff:fe00:e000
[parse] 2025-12-19T13:41:29.345 state -> child
[parse] 2025-12-19T13:41:29.350 parent RLOC16 -> e000
[/dev/ttyACM0] ping parent fd72:e9dd:7d27:e872:0:ff:fe00:e000
[parse] 2025-12-19T13:41:30.419 state -> child
[parse] 2025-12-19T13:41:30.425 parent RLOC16 -> e000
[/dev/ttyACM0] ping parent fd72:e9dd:7d27:e872:0:ff:fe00:e000
[parse] 2025-12-19T13:41:31.393 state -> child
[parse] 2025-12-19T13:41:31.399 parent RLOC16 -> e000
[/dev/ttyACM0] ping parent fd72:e9dd:7d27:e872:0:ff:fe00:e000
[parse] 2025-12-19T13:41:32.375 state -> child
[parse] 2025-12-19T13:41:32.381 parent RLOC16 -> e000
[/dev/ttyACM0] ping parent fd72:e9dd:7d27:e872:0:ff:fe00:e000
[parse] 2025-12-19T13:41:33.377 state -> child
[parse] 2025-12-19T13:41:33.382 parent RLOC16 -> e000
[/dev/ttyACM0] ping parent fd72:e9dd:7d27:e872:0:ff:fe00:e000
[parse] 2025-12-19T13:41:34.377 state -> child
[parse] 2025-12-19T13:41:34.382 parent RLOC16 -> e000
[/dev/ttyACM0] ping parent fd72:e9dd:7d27:e872:0:ff:fe00:e000
[parse] 2025-12-19T13:41:35.353 state -> child
[parse] 2025-12-19T13:41:35.358 parent RLOC16 -> e000
[/dev/ttyACM0] ping parent fd72:e9dd:7d27:e872:0:ff:fe00:e000
[parse] 2025-12-19T13:41:36.342 state -> child
[parse] 2025-12-19T13:41:36.349 parent RLOC16 -> e000
[/dev/ttyACM0] ping parent fd72:e9dd:7d27:e872:0:ff:fe00:e000
[parse] 2025-12-19T13:41:37.422 state -> child
[parse] 2025-12-19T13:41:37.428 parent RLOC16 -> e000
[/dev/ttyACM0] ping parent fd72:e9dd:7d27:e872:0:ff:fe00:e000
[parse] 2025-12-19T13:41:38.387 state -> child
[parse] 2025-12-19T13:41:38.393 parent RLOC16 -> e000
[/dev/ttyACM0] ping parent fd72:e9dd:7d27:e872:0:ff:fe00:e000
[parse] 2025-12-19T13:41:40.788 state -> child
[parse] 2025-12-19T13:41:40.795 parent RLOC16 -> e000
[/dev/ttyACM0] ping parent fd72:e9dd:7d27:e872:0:ff:fe00:e000
[parse] 2025-12-19T13:41:41.362 state -> child
[parse] 2025-12-19T13:41:41.366 parent RLOC16 -> e000
[/dev/ttyACM0] ping parent fd72:e9dd:7d27:e872:0:ff:fe00:e000
[parse] 2025-12-19T13:41:42.342 state -> child
[parse] 2025-12-19T13:41:42.347 parent RLOC16 -> e000
[/dev/ttyACM0] ping parent fd72:e9dd:7d27:e872:0:ff:fe00:e000
[parse] 2025-12-19T13:41:43.414 state -> child
[parse] 2025-12-19T13:41:43.419 parent RLOC16 -> e000
[/dev/ttyACM0] ping parent fd72:e9dd:7d27:e872:0:ff:fe00:e000
[parse] 2025-12-19T13:41:44.386 state -> child
[parse] 2025-12-19T13:41:44.393 parent RLOC16 -> e000
[/dev/ttyACM0] ping parent fd72:e9dd:7d27:e872:0:ff:fe00:e000
[parse] 2025-12-19T13:41:45.365 state -> child
[parse] 2025-12-19T13:41:45.372 parent RLOC16 -> e000
[/dev/ttyACM0] ping parent fd72:e9dd:7d27:e872:0:ff:fe00:e000
[parse] 2025-12-19T13:41:46.433 state -> child
[parse] 2025-12-19T13:41:46.439 parent RLOC16 -> e000
[/dev/ttyACM0] ping parent fd72:e9dd:7d27:e872:0:ff:fe00:e000
[parse] 2025-12-19T13:41:47.398 state -> child
[parse] 2025-12-19T13:41:47.404 parent RLOC16 -> e000
[/dev/ttyACM0] ping parent fd72:e9dd:7d27:e872:0:ff:fe00:e000
[parse] 2025-12-19T13:41:48.393 state -> child
[parse] 2025-12-19T13:41:48.398 parent RLOC16 -> e000
[/dev/ttyACM0] ping parent fd72:e9dd:7d27:e872:0:ff:fe00:e000
[parse] 2025-12-19T13:41:49.352 state -> child
[parse] 2025-12-19T13:41:49.358 parent RLOC16 -> e000
[/dev/ttyACM0] ping parent fd72:e9dd:7d27:e872:0:ff:fe00:e000
[parse] 2025-12-19T13:41:50.367 state -> child
[parse] 2025-12-19T13:41:50.373 parent RLOC16 -> e000
[/dev/ttyACM0] ping parent fd72:e9dd:7d27:e872:0:ff:fe00:e000
[parse] 2025-12-19T13:41:51.345 state -> child
[parse] 2025-12-19T13:41:51.351 parent RLOC16 -> e000
[/dev/ttyACM0] ping parent fd72:e9dd:7d27:e872:0:ff:fe00:e000
[parse] 2025-12-19T13:41:52.411 state -> child
[parse] 2025-12-19T13:41:52.418 parent RLOC16 -> e000
[/dev/ttyACM0] ping parent fd72:e9dd:7d27:e872:0:ff:fe00:e000
[parse] 2025-12-19T13:41:53.359 state -> child
[parse] 2025-12-19T13:41:53.364 parent RLOC16 -> e000
[/dev/ttyACM0] ping parent fd72:e9dd:7d27:e872:0:ff:fe00:e000
[parse] 2025-12-19T13:41:54.382 state -> child
[parse] 2025-12-19T13:41:54.389 parent RLOC16 -> e000
[/dev/ttyACM0] ping parent fd72:e9dd:7d27:e872:0:ff:fe00:e000
[parse] 2025-12-19T13:41:55.354 state -> child
[parse] 2025-12-19T13:41:55.360 parent RLOC16 -> e000
[/dev/ttyACM0] ping parent fd72:e9dd:7d27:e872:0:ff:fe00:e000
[parse] 2025-12-19T13:41:56.422 state -> child
[parse] 2025-12-19T13:41:56.428 parent RLOC16 -> e000
[/dev/ttyACM0] ping parent fd72:e9dd:7d27:e872:0:ff:fe00:e000
[parse] 2025-12-19T13:41:57.396 state -> child
[parse] 2025-12-19T13:41:57.402 parent RLOC16 -> e000
[/dev/ttyACM0] ping parent fd72:e9dd:7d27:e872:0:ff:fe00:e000
[parse] 2025-12-19T13:41:58.386 state -> child
[parse] 2025-12-19T13:41:58.391 parent RLOC16 -> e000
[/dev/ttyACM0] ping parent fd72:e9dd:7d27:e872:0:ff:fe00:e000
[parse] 2025-12-19T13:41:59.407 state -> child
[parse] 2025-12-19T13:41:59.411 parent RLOC16 -> e000
[/dev/ttyACM0] ping parent fd72:e9dd:7d27:e872:0:ff:fe00:e000
[parse] 2025-12-19T13:42:00.373 state -> child
[parse] 2025-12-19T13:42:00.379 parent RLOC16 -> e000
[/dev/ttyACM0] ping parent fd72:e9dd:7d27:e872:0:ff:fe00:e000
[parse] 2025-12-19T13:42:01.341 state -> child
[parse] 2025-12-19T13:42:01.344 parent RLOC16 -> e000
[/dev/ttyACM0] ping parent fd72:e9dd:7d27:e872:0:ff:fe00:e000
[parse] 2025-12-19T13:42:02.404 state -> child
[parse] 2025-12-19T13:42:02.409 parent RLOC16 -> e000
[/dev/ttyACM0] ping parent fd72:e9dd:7d27:e872:0:ff:fe00:e000
[parse] 2025-12-19T13:42:03.382 state -> child
[parse] 2025-12-19T13:42:03.389 parent RLOC16 -> e000
[/dev/ttyACM0] ping parent fd72:e9dd:7d27:e872:0:ff:fe00:e000
[parse] 2025-12-19T13:42:04.407 state -> child
[parse] 2025-12-19T13:42:04.414 parent RLOC16 -> e000
[/dev/ttyACM0] ping parent fd72:e9dd:7d27:e872:0:ff:fe00:e000
[parse] 2025-12-19T13:42:05.375 state -> child
[parse] 2025-12-19T13:42:05.380 parent RLOC16 -> e000
[/dev/ttyACM0] ping parent fd72:e9dd:7d27:e872:0:ff:fe00:e000
[parse] 2025-12-19T13:42:06.337 state -> child
[parse] 2025-12-19T13:42:06.340 parent RLOC16 -> e000
[/dev/ttyACM0] ping parent fd72:e9dd:7d27:e872:0:ff:fe00:e000
[parse] 2025-12-19T13:42:07.403 state -> child
[parse] 2025-12-19T13:42:07.408 parent RLOC16 -> e000
[/dev/ttyACM0] ping parent fd72:e9dd:7d27:e872:0:ff:fe00:e000
[parse] 2025-12-19T13:42:08.373 state -> child
[parse] 2025-12-19T13:42:08.379 parent RLOC16 -> e000
[/dev/ttyACM0] ping parent fd72:e9dd:7d27:e872:0:ff:fe00:e000
[parse] 2025-12-19T13:42:09.340 state -> child
[parse] 2025-12-19T13:42:09.343 parent RLOC16 -> e000
[/dev/ttyACM0] ping parent fd72:e9dd:7d27:e872:0:ff:fe00:e000
[parse] 2025-12-19T13:42:10.404 state -> child
[parse] 2025-12-19T13:42:10.409 parent RLOC16 -> e000
[/dev/ttyACM0] ping parent fd72:e9dd:7d27:e872:0:ff:fe00:e000
[parse] 2025-12-19T13:42:11.370 state -> child
[parse] 2025-12-19T13:42:11.377 parent RLOC16 -> e000
[/dev/ttyACM0] ping parent fd72:e9dd:7d27:e872:0:ff:fe00:e000
[parse] 2025-12-19T13:42:12.355 state -> child
[parse] 2025-12-19T13:42:12.360 parent RLOC16 -> e000
[/dev/ttyACM0] ping parent fd72:e9dd:7d27:e872:0:ff:fe00:e000
[parse] 2025-12-19T13:42:13.422 state -> child
[parse] 2025-12-19T13:42:13.428 parent RLOC16 -> e000
[/dev/ttyACM0] ping parent fd72:e9dd:7d27:e872:0:ff:fe00:e000
[parse] 2025-12-19T13:42:14.352 state -> child
[parse] 2025-12-19T13:42:14.356 parent RLOC16 -> e000
[/dev/ttyACM0] ping parent fd72:e9dd:7d27:e872:0:ff:fe00:e000
[parse] 2025-12-19T13:42:15.418 state -> child
[parse] 2025-12-19T13:42:15.424 parent RLOC16 -> e000
[/dev/ttyACM0] ping parent fd72:e9dd:7d27:e872:0:ff:fe00:e000
[parse] 2025-12-19T13:42:16.350 state -> child
[parse] 2025-12-19T13:42:16.356 parent RLOC16 -> e000
[/dev/ttyACM0] ping parent fd72:e9dd:7d27:e872:0:ff:fe00:e000
[parse] 2025-12-19T13:42:17.394 state -> child
[parse] 2025-12-19T13:42:17.398 parent RLOC16 -> e000
[/dev/ttyACM0] ping parent fd72:e9dd:7d27:e872:0:ff:fe00:e000
[parse] 2025-12-19T13:42:18.356 state -> child
[parse] 2025-12-19T13:42:18.361 parent RLOC16 -> e000
[/dev/ttyACM0] ping parent fd72:e9dd:7d27:e872:0:ff:fe00:e000
[/dev/ttyACM0] ping parent fd72:e9dd:7d27:e872:0:ff:fe00:e000
[parse] 2025-12-19T13:42:21.045 state -> child
[parse] 2025-12-19T13:42:21.050 parent RLOC16 -> e000
[parse] 2025-12-19T13:42:21.103 state -> child
[parse] 2025-12-19T13:42:21.107 parent RLOC16 -> e000
[/dev/ttyACM0] ping parent fd72:e9dd:7d27:e872:0:ff:fe00:e000
[parse] 2025-12-19T13:42:21.365 state -> child
[parse] 2025-12-19T13:42:21.370 parent RLOC16 -> e000
[/dev/ttyACM0] ping parent fd72:e9dd:7d27:e872:0:ff:fe00:e000
[parse] 2025-12-19T13:42:22.432 state -> child
[parse] 2025-12-19T13:42:22.438 parent RLOC16 -> e000
[/dev/ttyACM0] ping parent fd72:e9dd:7d27:e872:0:ff:fe00:e000
[parse] 2025-12-19T13:42:23.399 state -> child
[parse] 2025-12-19T13:42:23.404 parent RLOC16 -> e000
[/dev/ttyACM0] ping parent fd72:e9dd:7d27:e872:0:ff:fe00:e000
[parse] 2025-12-19T13:42:24.409 state -> child
[parse] 2025-12-19T13:42:24.414 parent RLOC16 -> e000
[/dev/ttyACM0] ping parent fd72:e9dd:7d27:e872:0:ff:fe00:e000
[parse] 2025-12-19T13:42:25.376 state -> child
[parse] 2025-12-19T13:42:25.383 parent RLOC16 -> e000
[/dev/ttyACM0] ping parent fd72:e9dd:7d27:e872:0:ff:fe00:e000
[parse] 2025-12-19T13:42:26.341 state -> child
[parse] 2025-12-19T13:42:26.346 parent RLOC16 -> e000
[/dev/ttyACM0] ping parent fd72:e9dd:7d27:e872:0:ff:fe00:e000
[parse] 2025-12-19T13:42:27.414 state -> child
[parse] 2025-12-19T13:42:27.419 parent RLOC16 -> e000
[/dev/ttyACM0] ping parent fd72:e9dd:7d27:e872:0:ff:fe00:e000
[parse] 2025-12-19T13:42:28.381 state -> child
[parse] 2025-12-19T13:42:28.386 parent RLOC16 -> e000
[/dev/ttyACM0] ping parent fd72:e9dd:7d27:e872:0:ff:fe00:e000
[parse] 2025-12-19T13:42:29.378 state -> child
[parse] 2025-12-19T13:42:29.382 parent RLOC16 -> e000
[/dev/ttyACM0] ping parent fd72:e9dd:7d27:e872:0:ff:fe00:e000
[parse] 2025-12-19T13:42:30.407 state -> child
[parse] 2025-12-19T13:42:30.410 parent RLOC16 -> e000
[/dev/ttyACM0] ping parent fd72:e9dd:7d27:e872:0:ff:fe00:e000
[parse] 2025-12-19T13:42:31.395 state -> child
[parse] 2025-12-19T13:42:31.400 parent RLOC16 -> e000
[/dev/ttyACM0] ping parent fd72:e9dd:7d27:e872:0:ff:fe00:e000
[parse] 2025-12-19T13:42:34.184 state -> child
[parse] 2025-12-19T13:42:34.191 parent RLOC16 -> e000
[/dev/ttyACM0] ping parent fd72:e9dd:7d27:e872:0:ff:fe00:e000
[parse] 2025-12-19T13:42:34.363 state -> child
[parse] 2025-12-19T13:42:34.369 parent RLOC16 -> e000
[/dev/ttyACM0] ping parent fd72:e9dd:7d27:e872:0:ff:fe00:e000
[parse] 2025-12-19T13:42:35.346 state -> child
[parse] 2025-12-19T13:42:35.352 parent RLOC16 -> e000
[/dev/ttyACM0] ping parent fd72:e9dd:7d27:e872:0:ff:fe00:e000
[parse] 2025-12-19T13:42:36.395 state -> child
[parse] 2025-12-19T13:42:36.400 parent RLOC16 -> e000
[/dev/ttyACM0] ping parent fd72:e9dd:7d27:e872:0:ff:fe00:e000
[parse] 2025-12-19T13:42:37.361 state -> child
[parse] 2025-12-19T13:42:37.367 parent RLOC16 -> e000
[/dev/ttyACM0] ping parent fd72:e9dd:7d27:e872:0:ff:fe00:e000
[parse] 2025-12-19T13:42:38.452 state -> child
[parse] 2025-12-19T13:42:38.456 parent RLOC16 -> e000
[/dev/ttyACM0] ping parent fd72:e9dd:7d27:e872:0:ff:fe00:e000
[parse] 2025-12-19T13:42:39.440 state -> child
[parse] 2025-12-19T13:42:39.445 parent RLOC16 -> e000
[/dev/ttyACM0] ping parent fd72:e9dd:7d27:e872:0:ff:fe00:e000
[parse] 2025-12-19T13:42:40.384 state -> child
[parse] 2025-12-19T13:42:40.389 parent RLOC16 -> e000
[/dev/ttyACM0] ping parent fd72:e9dd:7d27:e872:0:ff:fe00:e000
[parse] 2025-12-19T13:42:41.349 state -> child
[parse] 2025-12-19T13:42:41.355 parent RLOC16 -> e000
[/dev/ttyACM0] ping parent fd72:e9dd:7d27:e872:0:ff:fe00:e000
[parse] 2025-12-19T13:42:42.424 state -> child
[parse] 2025-12-19T13:42:42.430 parent RLOC16 -> e000
[/dev/ttyACM0] ping parent fd72:e9dd:7d27:e872:0:ff:fe00:e000
[parse] 2025-12-19T13:42:43.390 state -> child
[parse] 2025-12-19T13:42:43.396 parent RLOC16 -> e000
[/dev/ttyACM0] ping parent fd72:e9dd:7d27:e872:0:ff:fe00:e000
[parse] 2025-12-19T13:42:44.364 state -> child
[parse] 2025-12-19T13:42:44.370 parent RLOC16 -> e000
[/dev/ttyACM0] ping parent fd72:e9dd:7d27:e872:0:ff:fe00:e000
[parse] 2025-12-19T13:42:45.434 state -> child
[parse] 2025-12-19T13:42:45.439 parent RLOC16 -> e000
[/dev/ttyACM0] ping parent fd72:e9dd:7d27:e872:0:ff:fe00:e000
[parse] 2025-12-19T13:42:46.406 state -> child
[parse] 2025-12-19T13:42:46.411 parent RLOC16 -> e000
[/dev/ttyACM0] ping parent fd72:e9dd:7d27:e872:0:ff:fe00:e000
[parse] 2025-12-19T13:42:47.373 state -> child
[parse] 2025-12-19T13:42:47.379 parent RLOC16 -> e000
[/dev/ttyACM0] ping parent fd72:e9dd:7d27:e872:0:ff:fe00:e000
[parse] 2025-12-19T13:42:48.341 state -> child
[parse] 2025-12-19T13:42:48.347 parent RLOC16 -> e000
[/dev/ttyACM0] ping parent fd72:e9dd:7d27:e872:0:ff:fe00:e000
[parse] 2025-12-19T13:42:49.414 state -> child
[parse] 2025-12-19T13:42:49.419 parent RLOC16 -> e000
[/dev/ttyACM0] ping parent fd72:e9dd:7d27:e872:0:ff:fe00:e000
[parse] 2025-12-19T13:42:50.384 state -> child
[parse] 2025-12-19T13:42:50.389 parent RLOC16 -> e000
[/dev/ttyACM0] ping parent fd72:e9dd:7d27:e872:0:ff:fe00:e000
[parse] 2025-12-19T13:42:51.351 state -> child
[parse] 2025-12-19T13:42:51.356 parent RLOC16 -> e000
[/dev/ttyACM0] ping parent fd72:e9dd:7d27:e872:0:ff:fe00:e000
[parse] 2025-12-19T13:42:52.423 state -> child
[parse] 2025-12-19T13:42:52.430 parent RLOC16 -> e000
[/dev/ttyACM0] ping parent fd72:e9dd:7d27:e872:0:ff:fe00:e000
[parse] 2025-12-19T13:42:53.393 state -> child
[parse] 2025-12-19T13:42:53.399 parent RLOC16 -> e000
[/dev/ttyACM0] ping parent fd72:e9dd:7d27:e872:0:ff:fe00:e000
[parse] 2025-12-19T13:42:54.358 state -> child
[parse] 2025-12-19T13:42:54.363 parent RLOC16 -> e000
[/dev/ttyACM0] ping parent fd72:e9dd:7d27:e872:0:ff:fe00:e000
[parse] 2025-12-19T13:42:55.368 state -> child
[parse] 2025-12-19T13:42:55.374 parent RLOC16 -> e000
[/dev/ttyACM0] ping parent fd72:e9dd:7d27:e872:0:ff:fe00:e000
[parse] 2025-12-19T13:42:56.345 state -> child
[parse] 2025-12-19T13:42:56.350 parent RLOC16 -> e000
[/dev/ttyACM0] ping parent fd72:e9dd:7d27:e872:0:ff:fe00:e000
[parse] 2025-12-19T13:42:57.410 state -> child
[parse] 2025-12-19T13:42:57.416 parent RLOC16 -> e000
[/dev/ttyACM0] ping parent fd72:e9dd:7d27:e872:0:ff:fe00:e000
[parse] 2025-12-19T13:42:58.399 state -> child
[parse] 2025-12-19T13:42:58.406 parent RLOC16 -> e000
[/dev/ttyACM0] ping parent fd72:e9dd:7d27:e872:0:ff:fe00:e000
[parse] 2025-12-19T13:42:59.374 state -> child
[parse] 2025-12-19T13:42:59.380 parent RLOC16 -> e000
[/dev/ttyACM0] ping parent fd72:e9dd:7d27:e872:0:ff:fe00:e000
[parse] 2025-12-19T13:43:00.350 state -> child
[parse] 2025-12-19T13:43:00.356 parent RLOC16 -> e000
[/dev/ttyACM0] ping parent fd72:e9dd:7d27:e872:0:ff:fe00:e000
[parse] 2025-12-19T13:43:01.397 state -> child
[parse] 2025-12-19T13:43:01.402 parent RLOC16 -> e000
[/dev/ttyACM0] ping parent fd72:e9dd:7d27:e872:0:ff:fe00:e000
[parse] 2025-12-19T13:43:02.343 state -> child
[parse] 2025-12-19T13:43:02.349 parent RLOC16 -> e000
[/dev/ttyACM0] ping parent fd72:e9dd:7d27:e872:0:ff:fe00:e000
[parse] 2025-12-19T13:43:03.429 state -> child
[parse] 2025-12-19T13:43:03.435 parent RLOC16 -> e000
[/dev/ttyACM0] ping parent fd72:e9dd:7d27:e872:0:ff:fe00:e000
[parse] 2025-12-19T13:43:04.399 state -> child
[parse] 2025-12-19T13:43:04.404 parent RLOC16 -> e000
[/dev/ttyACM0] ping parent fd72:e9dd:7d27:e872:0:ff:fe00:e000
[parse] 2025-12-19T13:43:05.425 state -> child
[parse] 2025-12-19T13:43:05.431 parent RLOC16 -> e000
[/dev/ttyACM0] ping parent fd72:e9dd:7d27:e872:0:ff:fe00:e000
[parse] 2025-12-19T13:43:06.405 state -> child
[parse] 2025-12-19T13:43:06.411 parent RLOC16 -> e000
[/dev/ttyACM0] ping parent fd72:e9dd:7d27:e872:0:ff:fe00:e000
[parse] 2025-12-19T13:43:07.384 state -> child
[parse] 2025-12-19T13:43:07.390 parent RLOC16 -> e000
[/dev/ttyACM0] ping parent fd72:e9dd:7d27:e872:0:ff:fe00:e000
[parse] 2025-12-19T13:43:08.369 state -> child
[parse] 2025-12-19T13:43:08.375 parent RLOC16 -> e000
[/dev/ttyACM0] ping parent fd72:e9dd:7d27:e872:0:ff:fe00:e000
[parse] 2025-12-19T13:43:09.343 state -> child
[parse] 2025-12-19T13:43:09.348 parent RLOC16 -> e000
[/dev/ttyACM0] ping parent fd72:e9dd:7d27:e872:0:ff:fe00:e000
[parse] 2025-12-19T13:43:10.416 state -> child
[parse] 2025-12-19T13:43:10.423 parent RLOC16 -> e000
[/dev/ttyACM0] ping parent fd72:e9dd:7d27:e872:0:ff:fe00:e000
[parse] 2025-12-19T13:43:11.381 state -> child
[parse] 2025-12-19T13:43:11.387 parent RLOC16 -> e000
[/dev/ttyACM0] ping parent fd72:e9dd:7d27:e872:0:ff:fe00:e000
[parse] 2025-12-19T13:43:12.347 state -> child
[parse] 2025-12-19T13:43:12.352 parent RLOC16 -> e000
[/dev/ttyACM0] ping parent fd72:e9dd:7d27:e872:0:ff:fe00:e000
[parse] 2025-12-19T13:43:14.556 state -> child
[parse] 2025-12-19T13:43:14.560 parent RLOC16 -> e000
[/dev/ttyACM0] ping parent fd72:e9dd:7d27:e872:0:ff:fe00:e000
[parse] 2025-12-19T13:43:15.434 state -> child
[parse] 2025-12-19T13:43:15.439 parent RLOC16 -> e000
[/dev/ttyACM0] ping parent fd72:e9dd:7d27:e872:0:ff:fe00:e000
[parse] 2025-12-19T13:43:16.401 state -> child
[parse] 2025-12-19T13:43:16.408 parent RLOC16 -> e000
[/dev/ttyACM0] ping parent fd72:e9dd:7d27:e872:0:ff:fe00:e000
[parse] 2025-12-19T13:43:17.438 state -> child
[parse] 2025-12-19T13:43:17.444 parent RLOC16 -> e000
[/dev/ttyACM0] ping parent fd72:e9dd:7d27:e872:0:ff:fe00:e000
[parse] 2025-12-19T13:43:18.403 state -> child
[parse] 2025-12-19T13:43:18.408 parent RLOC16 -> e000
[/dev/ttyACM0] ping parent fd72:e9dd:7d27:e872:0:ff:fe00:e000
[parse] 2025-12-19T13:43:19.376 state -> child
[parse] 2025-12-19T13:43:19.384 parent RLOC16 -> e000
[/dev/ttyACM0] ping parent fd72:e9dd:7d27:e872:0:ff:fe00:e000
[/dev/ttyACM0] ping parent fd72:e9dd:7d27:e872:0:ff:fe00:e000
[parse] 2025-12-19T13:43:24.210 state -> child
[parse] 2025-12-19T13:43:24.216 parent RLOC16 -> e000
[/dev/ttyACM0] ping parent fd72:e9dd:7d27:e872:0:ff:fe00:e000
[parse] 2025-12-19T13:43:24.354 state -> child
[parse] 2025-12-19T13:43:24.358 parent RLOC16 -> e000
[parse] 2025-12-19T13:43:24.425 state -> child
[parse] 2025-12-19T13:43:24.429 parent RLOC16 -> e000
[/dev/ttyACM0] ping parent fd72:e9dd:7d27:e872:0:ff:fe00:e000
[parse] 2025-12-19T13:43:25.406 state -> child
[parse] 2025-12-19T13:43:25.411 parent RLOC16 -> e000
[/dev/ttyACM0] ping parent fd72:e9dd:7d27:e872:0:ff:fe00:e000
[parse] 2025-12-19T13:43:26.374 state -> child
[parse] 2025-12-19T13:43:26.379 parent RLOC16 -> e000
[/dev/ttyACM0] ping parent fd72:e9dd:7d27:e872:0:ff:fe00:e000
[parse] 2025-12-19T13:43:27.350 state -> child
[parse] 2025-12-19T13:43:27.355 parent RLOC16 -> e000
[/dev/ttyACM0] ping parent fd72:e9dd:7d27:e872:0:ff:fe00:e000
[parse] 2025-12-19T13:43:28.427 state -> child
[parse] 2025-12-19T13:43:28.434 parent RLOC16 -> e000
[/dev/ttyACM0] ping parent fd72:e9dd:7d27:e872:0:ff:fe00:e000
[/dev/ttyACM0] ping parent fd72:e9dd:7d27:e872:0:ff:fe00:e000
[parse] 2025-12-19T13:43:31.941 state -> child
[parse] 2025-12-19T13:43:31.947 parent RLOC16 -> e000
[parse] 2025-12-19T13:43:32.020 state -> child
[parse] 2025-12-19T13:43:32.024 parent RLOC16 -> e000
[/dev/ttyACM0] ping parent fd72:e9dd:7d27:e872:0:ff:fe00:e000
[parse] 2025-12-19T13:43:32.380 state -> child
[parse] 2025-12-19T13:43:32.386 parent RLOC16 -> e000
[/dev/ttyACM0] ping parent fd72:e9dd:7d27:e872:0:ff:fe00:e000
[parse] 2025-12-19T13:43:33.352 state -> child
[parse] 2025-12-19T13:43:33.357 parent RLOC16 -> e000
[/dev/ttyACM0] ping parent fd72:e9dd:7d27:e872:0:ff:fe00:e000
[parse] 2025-12-19T13:43:34.419 state -> child
[parse] 2025-12-19T13:43:34.426 parent RLOC16 -> e000
[/dev/ttyACM0] ping parent fd72:e9dd:7d27:e872:0:ff:fe00:e000
[parse] 2025-12-19T13:43:35.394 state -> child
[parse] 2025-12-19T13:43:35.400 parent RLOC16 -> e000
[/dev/ttyACM0] ping parent fd72:e9dd:7d27:e872:0:ff:fe00:e000
[parse] 2025-12-19T13:43:36.361 state -> child
[parse] 2025-12-19T13:43:36.367 parent RLOC16 -> e000
[/dev/ttyACM0] ping parent fd72:e9dd:7d27:e872:0:ff:fe00:e000
[parse] 2025-12-19T13:43:37.429 state -> child
[parse] 2025-12-19T13:43:37.434 parent RLOC16 -> e000
[/dev/ttyACM0] ping parent fd72:e9dd:7d27:e872:0:ff:fe00:e000
[parse] 2025-12-19T13:43:38.392 state -> child
[parse] 2025-12-19T13:43:38.396 parent RLOC16 -> e000
[/dev/ttyACM0] ping parent fd72:e9dd:7d27:e872:0:ff:fe00:e000
[parse] 2025-12-19T13:43:39.356 state -> child
[parse] 2025-12-19T13:43:39.361 parent RLOC16 -> e000
[/dev/ttyACM0] ping parent fd72:e9dd:7d27:e872:0:ff:fe00:e000
[parse] 2025-12-19T13:43:40.423 state -> child
[parse] 2025-12-19T13:43:40.430 parent RLOC16 -> e000
[/dev/ttyACM0] ping parent fd72:e9dd:7d27:e872:0:ff:fe00:e000
[parse] 2025-12-19T13:43:41.391 state -> child
[parse] 2025-12-19T13:43:41.396 parent RLOC16 -> e000
[/dev/ttyACM0] ping parent fd72:e9dd:7d27:e872:0:ff:fe00:e000
[parse] 2025-12-19T13:43:42.406 state -> child
[parse] 2025-12-19T13:43:42.409 parent RLOC16 -> 7000
[/dev/ttyACM0] ping parent fd72:e9dd:7d27:e872:0:ff:fe00:7000
[parse] 2025-12-19T13:43:43.345 state -> child
[parse] 2025-12-19T13:43:43.349 parent RLOC16 -> 7000
[/dev/ttyACM0] ping parent fd72:e9dd:7d27:e872:0:ff:fe00:7000
[parse] 2025-12-19T13:43:44.358 state -> child
[parse] 2025-12-19T13:43:44.362 parent RLOC16 -> 7000
[/dev/ttyACM0] ping parent fd72:e9dd:7d27:e872:0:ff:fe00:7000
[parse] 2025-12-19T13:43:45.351 state -> child
[parse] 2025-12-19T13:43:45.356 parent RLOC16 -> e000
[/dev/ttyACM0] ping parent fd72:e9dd:7d27:e872:0:ff:fe00:e000
[parse] 2025-12-19T13:43:46.375 state -> child
[parse] 2025-12-19T13:43:46.382 parent RLOC16 -> e000
[/dev/ttyACM0] ping parent fd72:e9dd:7d27:e872:0:ff:fe00:e000
[parse] 2025-12-19T13:43:47.421 state -> child
[parse] 2025-12-19T13:43:47.427 parent RLOC16 -> e000
[/dev/ttyACM0] ping parent fd72:e9dd:7d27:e872:0:ff:fe00:e000
[parse] 2025-12-19T13:43:48.389 state -> child
[parse] 2025-12-19T13:43:48.396 parent RLOC16 -> e000
[/dev/ttyACM0] ping parent fd72:e9dd:7d27:e872:0:ff:fe00:e000
[parse] 2025-12-19T13:43:49.354 state -> child
[parse] 2025-12-19T13:43:49.359 parent RLOC16 -> e000
[/dev/ttyACM0] ping parent fd72:e9dd:7d27:e872:0:ff:fe00:e000
[parse] 2025-12-19T13:43:50.437 state -> child
[parse] 2025-12-19T13:43:50.443 parent RLOC16 -> e000
[/dev/ttyACM0] ping parent fd72:e9dd:7d27:e872:0:ff:fe00:e000
[parse] 2025-12-19T13:43:51.402 state -> child
[parse] 2025-12-19T13:43:51.408 parent RLOC16 -> e000
[/dev/ttyACM0] ping parent fd72:e9dd:7d27:e872:0:ff:fe00:e000
[parse] 2025-12-19T13:43:52.369 state -> child
[parse] 2025-12-19T13:43:52.375 parent RLOC16 -> e000
[/dev/ttyACM0] ping parent fd72:e9dd:7d27:e872:0:ff:fe00:e000
[parse] 2025-12-19T13:43:54.888 state -> child
[parse] 2025-12-19T13:43:54.893 parent RLOC16 -> e000
[/dev/ttyACM0] ping parent fd72:e9dd:7d27:e872:0:ff:fe00:e000
[parse] 2025-12-19T13:43:55.369 state -> child
[parse] 2025-12-19T13:43:55.375 parent RLOC16 -> e000
[/dev/ttyACM0] ping parent fd72:e9dd:7d27:e872:0:ff:fe00:e000
[parse] 2025-12-19T13:43:56.455 state -> child
[parse] 2025-12-19T13:43:56.459 parent RLOC16 -> e000
[/dev/ttyACM0] ping parent fd72:e9dd:7d27:e872:0:ff:fe00:e000
[/dev/ttyACM0] ping parent fd72:e9dd:7d27:e872:0:ff:fe00:e000
[parse] 2025-12-19T13:43:58.550 state -> child
[parse] 2025-12-19T13:43:58.557 parent RLOC16 -> 7000
[parse] 2025-12-19T13:43:58.611 state -> child
[parse] 2025-12-19T13:43:58.615 parent RLOC16 -> 7000
[/dev/ttyACM0] ping parent fd72:e9dd:7d27:e872:0:ff:fe00:7000
[parse] 2025-12-19T13:43:59.374 state -> child
[parse] 2025-12-19T13:43:59.380 parent RLOC16 -> 7000
[/dev/ttyACM0] ping parent fd72:e9dd:7d27:e872:0:ff:fe00:7000
[parse] 2025-12-19T13:44:00.342 state -> child
[parse] 2025-12-19T13:44:00.349 parent RLOC16 -> 7000
[/dev/ttyACM0] ping parent fd72:e9dd:7d27:e872:0:ff:fe00:7000
[parse] 2025-12-19T13:44:01.408 state -> child
[parse] 2025-12-19T13:44:01.413 parent RLOC16 -> 7000
[/dev/ttyACM0] ping parent fd72:e9dd:7d27:e872:0:ff:fe00:7000
[parse] 2025-12-19T13:44:02.380 state -> child
[parse] 2025-12-19T13:44:02.386 parent RLOC16 -> 7000
[/dev/ttyACM0] ping parent fd72:e9dd:7d27:e872:0:ff:fe00:7000
[parse] 2025-12-19T13:44:03.392 state -> child
[parse] 2025-12-19T13:44:03.398 parent RLOC16 -> 7000
[/dev/ttyACM0] ping parent fd72:e9dd:7d27:e872:0:ff:fe00:7000
[parse] 2025-12-19T13:44:04.356 state -> child
[parse] 2025-12-19T13:44:04.360 parent RLOC16 -> 7000
[/dev/ttyACM0] ping parent fd72:e9dd:7d27:e872:0:ff:fe00:7000
[parse] 2025-12-19T13:44:05.442 state -> child
[parse] 2025-12-19T13:44:05.446 parent RLOC16 -> 7000
[/dev/ttyACM0] ping parent fd72:e9dd:7d27:e872:0:ff:fe00:7000
[parse] 2025-12-19T13:44:08.711 state -> child
[parse] 2025-12-19T13:44:08.715 parent RLOC16 -> 7000
[/dev/ttyACM0] ping parent fd72:e9dd:7d27:e872:0:ff:fe00:7000
[parse] 2025-12-19T13:44:09.379 state -> child
[parse] 2025-12-19T13:44:09.383 parent RLOC16 -> 7000
[/dev/ttyACM0] ping parent fd72:e9dd:7d27:e872:0:ff:fe00:7000
[parse] 2025-12-19T13:44:10.407 state -> child
[parse] 2025-12-19T13:44:10.412 parent RLOC16 -> 7000
[/dev/ttyACM0] ping parent fd72:e9dd:7d27:e872:0:ff:fe00:7000
[parse] 2025-12-19T13:44:11.438 state -> child
[parse] 2025-12-19T13:44:11.444 parent RLOC16 -> 7000
[/dev/ttyACM0] ping parent fd72:e9dd:7d27:e872:0:ff:fe00:7000
[parse] 2025-12-19T13:44:12.371 state -> child
[parse] 2025-12-19T13:44:12.377 parent RLOC16 -> 7000
[/dev/ttyACM0] ping parent fd72:e9dd:7d27:e872:0:ff:fe00:7000
[parse] 2025-12-19T13:44:13.437 state -> child
[parse] 2025-12-19T13:44:13.443 parent RLOC16 -> 7000
[/dev/ttyACM0] ping parent fd72:e9dd:7d27:e872:0:ff:fe00:7000
[parse] 2025-12-19T13:44:14.404 state -> child
[parse] 2025-12-19T13:44:14.409 parent RLOC16 -> 7000
[/dev/ttyACM0] ping parent fd72:e9dd:7d27:e872:0:ff:fe00:7000
[parse] 2025-12-19T13:44:15.394 state -> child
[parse] 2025-12-19T13:44:15.400 parent RLOC16 -> 7000
[/dev/ttyACM0] ping parent fd72:e9dd:7d27:e872:0:ff:fe00:7000
[parse] 2025-12-19T13:44:16.363 state -> child
[parse] 2025-12-19T13:44:16.369 parent RLOC16 -> 7000
[/dev/ttyACM0] ping parent fd72:e9dd:7d27:e872:0:ff:fe00:7000
[parse] 2025-12-19T13:44:17.352 state -> child
[parse] 2025-12-19T13:44:17.357 parent RLOC16 -> 7000
[/dev/ttyACM0] ping parent fd72:e9dd:7d27:e872:0:ff:fe00:7000
[parse] 2025-12-19T13:44:18.419 state -> child
[parse] 2025-12-19T13:44:18.425 parent RLOC16 -> 7000
[/dev/ttyACM0] ping parent fd72:e9dd:7d27:e872:0:ff:fe00:7000
[parse] 2025-12-19T13:44:19.461 state -> child
[parse] 2025-12-19T13:44:19.464 parent RLOC16 -> 7000
[/dev/ttyACM0] ping parent fd72:e9dd:7d27:e872:0:ff:fe00:7000
[parse] 2025-12-19T13:44:20.424 state -> child
[parse] 2025-12-19T13:44:20.431 parent RLOC16 -> 7000
[/dev/ttyACM0] ping parent fd72:e9dd:7d27:e872:0:ff:fe00:7000
[parse] 2025-12-19T13:44:21.353 state -> child
[parse] 2025-12-19T13:44:21.358 parent RLOC16 -> 7000
[/dev/ttyACM0] ping parent fd72:e9dd:7d27:e872:0:ff:fe00:7000
[parse] 2025-12-19T13:44:22.381 state -> child
[parse] 2025-12-19T13:44:22.387 parent RLOC16 -> e000
[/dev/ttyACM0] ping parent fd72:e9dd:7d27:e872:0:ff:fe00:e000
[parse] 2025-12-19T13:44:23.346 state -> child
[parse] 2025-12-19T13:44:23.351 parent RLOC16 -> e000
[/dev/ttyACM0] ping parent fd72:e9dd:7d27:e872:0:ff:fe00:e000
[/dev/ttyACM0] ping parent fd72:e9dd:7d27:e872:0:ff:fe00:e000
[parse] 2025-12-19T13:44:26.512 state -> child
[parse] 2025-12-19T13:44:26.518 parent RLOC16 -> e000
[parse] 2025-12-19T13:44:26.585 state -> child
[parse] 2025-12-19T13:44:26.589 parent RLOC16 -> e000
[/dev/ttyACM0] ping parent fd72:e9dd:7d27:e872:0:ff:fe00:e000
[parse] 2025-12-19T13:44:27.347 state -> child
[parse] 2025-12-19T13:44:27.353 parent RLOC16 -> e000
[/dev/ttyACM0] ping parent fd72:e9dd:7d27:e872:0:ff:fe00:e000
[parse] 2025-12-19T13:44:28.428 state -> child
[parse] 2025-12-19T13:44:28.434 parent RLOC16 -> e000
[/dev/ttyACM0] ping parent fd72:e9dd:7d27:e872:0:ff:fe00:e000
[parse] 2025-12-19T13:44:29.408 state -> child
[parse] 2025-12-19T13:44:29.413 parent RLOC16 -> e000
[/dev/ttyACM0] ping parent fd72:e9dd:7d27:e872:0:ff:fe00:e000
[parse] 2025-12-19T13:44:30.375 state -> child
[parse] 2025-12-19T13:44:30.382 parent RLOC16 -> e000
[/dev/ttyACM0] ping parent fd72:e9dd:7d27:e872:0:ff:fe00:e000
[parse] 2025-12-19T13:44:31.355 state -> child
[parse] 2025-12-19T13:44:31.358 parent RLOC16 -> 7000
[/dev/ttyACM0] ping parent fd72:e9dd:7d27:e872:0:ff:fe00:7000
[parse] 2025-12-19T13:44:32.418 state -> child
[parse] 2025-12-19T13:44:32.424 parent RLOC16 -> 7000
[/dev/ttyACM0] ping parent fd72:e9dd:7d27:e872:0:ff:fe00:7000
[parse] 2025-12-19T13:44:33.384 state -> child
[parse] 2025-12-19T13:44:33.390 parent RLOC16 -> 7000
[/dev/ttyACM0] ping parent fd72:e9dd:7d27:e872:0:ff:fe00:7000
[parse] 2025-12-19T13:44:34.386 state -> child
[parse] 2025-12-19T13:44:34.391 parent RLOC16 -> 7000
[/dev/ttyACM0] ping parent fd72:e9dd:7d27:e872:0:ff:fe00:7000
[parse] 2025-12-19T13:44:35.365 state -> child
[parse] 2025-12-19T13:44:35.371 parent RLOC16 -> 7000
[/dev/ttyACM0] ping parent fd72:e9dd:7d27:e872:0:ff:fe00:7000
[parse] 2025-12-19T13:44:36.435 state -> child
[parse] 2025-12-19T13:44:36.440 parent RLOC16 -> 7000
[/dev/ttyACM0] ping parent fd72:e9dd:7d27:e872:0:ff:fe00:7000
[parse] 2025-12-19T13:44:37.393 state -> child
[parse] 2025-12-19T13:44:37.399 parent RLOC16 -> 7000
[/dev/ttyACM0] ping parent fd72:e9dd:7d27:e872:0:ff:fe00:7000
[parse] 2025-12-19T13:44:38.346 state -> child
[parse] 2025-12-19T13:44:38.351 parent RLOC16 -> 7000
[/dev/ttyACM0] ping parent fd72:e9dd:7d27:e872:0:ff:fe00:7000
[parse] 2025-12-19T13:44:39.399 state -> child
[parse] 2025-12-19T13:44:39.404 parent RLOC16 -> 7000
[/dev/ttyACM0] ping parent fd72:e9dd:7d27:e872:0:ff:fe00:7000
[parse] 2025-12-19T13:44:40.363 state -> child
[parse] 2025-12-19T13:44:40.370 parent RLOC16 -> 7000
[/dev/ttyACM0] ping parent fd72:e9dd:7d27:e872:0:ff:fe00:7000
[parse] 2025-12-19T13:44:41.436 state -> child
[parse] 2025-12-19T13:44:41.443 parent RLOC16 -> 7000
[/dev/ttyACM0] ping parent fd72:e9dd:7d27:e872:0:ff:fe00:7000
[parse] 2025-12-19T13:44:42.402 state -> child
[parse] 2025-12-19T13:44:42.407 parent RLOC16 -> 7000
[/dev/ttyACM0] ping parent fd72:e9dd:7d27:e872:0:ff:fe00:7000
[parse] 2025-12-19T13:44:43.374 state -> child
[parse] 2025-12-19T13:44:43.380 parent RLOC16 -> 7000
[/dev/ttyACM0] ping parent fd72:e9dd:7d27:e872:0:ff:fe00:7000
[parse] 2025-12-19T13:44:44.349 state -> child
[parse] 2025-12-19T13:44:44.355 parent RLOC16 -> 7000
[/dev/ttyACM0] ping parent fd72:e9dd:7d27:e872:0:ff:fe00:7000
[parse] 2025-12-19T13:44:45.364 state -> child
[parse] 2025-12-19T13:44:45.370 parent RLOC16 -> 7000
[/dev/ttyACM0] ping parent fd72:e9dd:7d27:e872:0:ff:fe00:7000
[parse] 2025-12-19T13:44:46.434 state -> child
[parse] 2025-12-19T13:44:46.440 parent RLOC16 -> 7000
[/dev/ttyACM0] ping parent fd72:e9dd:7d27:e872:0:ff:fe00:7000
[parse] 2025-12-19T13:44:47.402 state -> child
[parse] 2025-12-19T13:44:47.407 parent RLOC16 -> 7000
[/dev/ttyACM0] ping parent fd72:e9dd:7d27:e872:0:ff:fe00:7000
[parse] 2025-12-19T13:44:48.368 state -> child
[parse] 2025-12-19T13:44:48.374 parent RLOC16 -> 7000
[/dev/ttyACM0] ping parent fd72:e9dd:7d27:e872:0:ff:fe00:7000
[parse] 2025-12-19T13:44:49.434 state -> child
[parse] 2025-12-19T13:44:49.440 parent RLOC16 -> 7000
[/dev/ttyACM0] ping parent fd72:e9dd:7d27:e872:0:ff:fe00:7000
[parse] 2025-12-19T13:44:50.405 state -> child
[parse] 2025-12-19T13:44:50.409 parent RLOC16 -> 7000
[/dev/ttyACM0] ping parent fd72:e9dd:7d27:e872:0:ff:fe00:7000
[parse] 2025-12-19T13:44:51.370 state -> child
[parse] 2025-12-19T13:44:51.375 parent RLOC16 -> 7000
[/dev/ttyACM0] ping parent fd72:e9dd:7d27:e872:0:ff:fe00:7000
[parse] 2025-12-19T13:44:52.437 state -> child
[parse] 2025-12-19T13:44:52.443 parent RLOC16 -> 7000
[/dev/ttyACM0] ping parent fd72:e9dd:7d27:e872:0:ff:fe00:7000
[parse] 2025-12-19T13:44:53.417 state -> child
[parse] 2025-12-19T13:44:53.423 parent RLOC16 -> 7000
[/dev/ttyACM0] ping parent fd72:e9dd:7d27:e872:0:ff:fe00:7000
[parse] 2025-12-19T13:44:54.395 state -> child
[parse] 2025-12-19T13:44:54.401 parent RLOC16 -> 7000
[/dev/ttyACM0] ping parent fd72:e9dd:7d27:e872:0:ff:fe00:7000
[parse] 2025-12-19T13:44:55.367 state -> child
[parse] 2025-12-19T13:44:55.372 parent RLOC16 -> 7000
[/dev/ttyACM0] ping parent fd72:e9dd:7d27:e872:0:ff:fe00:7000
[parse] 2025-12-19T13:44:56.435 state -> child
[parse] 2025-12-19T13:44:56.440 parent RLOC16 -> 7000
[/dev/ttyACM0] ping parent fd72:e9dd:7d27:e872:0:ff:fe00:7000
[parse] 2025-12-19T13:44:57.404 state -> child
[parse] 2025-12-19T13:44:57.409 parent RLOC16 -> 7000
[/dev/ttyACM0] ping parent fd72:e9dd:7d27:e872:0:ff:fe00:7000
[parse] 2025-12-19T13:44:58.387 state -> child
[parse] 2025-12-19T13:44:58.392 parent RLOC16 -> 7000
[/dev/ttyACM0] ping parent fd72:e9dd:7d27:e872:0:ff:fe00:7000
[parse] 2025-12-19T13:44:59.352 state -> child
[parse] 2025-12-19T13:44:59.357 parent RLOC16 -> 7000
[/dev/ttyACM0] ping parent fd72:e9dd:7d27:e872:0:ff:fe00:7000
[parse] 2025-12-19T13:45:00.421 state -> child
[parse] 2025-12-19T13:45:00.427 parent RLOC16 -> 7000
[/dev/ttyACM0] ping parent fd72:e9dd:7d27:e872:0:ff:fe00:7000
[parse] 2025-12-19T13:45:01.390 state -> child
[parse] 2025-12-19T13:45:01.396 parent RLOC16 -> 7000
[/dev/ttyACM0] ping parent fd72:e9dd:7d27:e872:0:ff:fe00:7000
[parse] 2025-12-19T13:45:02.356 state -> child
[parse] 2025-12-19T13:45:02.361 parent RLOC16 -> 7000
[/dev/ttyACM0] ping parent fd72:e9dd:7d27:e872:0:ff:fe00:7000
[parse] 2025-12-19T13:45:03.423 state -> child
[parse] 2025-12-19T13:45:03.429 parent RLOC16 -> 7000
[/dev/ttyACM0] ping parent fd72:e9dd:7d27:e872:0:ff:fe00:7000
[parse] 2025-12-19T13:45:04.361 state -> child
[parse] 2025-12-19T13:45:04.366 parent RLOC16 -> 7000
[/dev/ttyACM0] ping parent fd72:e9dd:7d27:e872:0:ff:fe00:7000
[/dev/ttyACM0] ping parent fd72:e9dd:7d27:e872:0:ff:fe00:7000
[parse] 2025-12-19T13:45:08.222 state -> child
[parse] 2025-12-19T13:45:08.228 parent RLOC16 -> 7000
[parse] 2025-12-19T13:45:08.302 state -> child
[parse] 2025-12-19T13:45:08.305 parent RLOC16 -> 7000
[/dev/ttyACM0] ping parent fd72:e9dd:7d27:e872:0:ff:fe00:7000
[parse] 2025-12-19T13:45:08.395 state -> child
[parse] 2025-12-19T13:45:08.400 parent RLOC16 -> 7000
[/dev/ttyACM0] ping parent fd72:e9dd:7d27:e872:0:ff:fe00:7000
[parse] 2025-12-19T13:45:09.378 state -> child
[parse] 2025-12-19T13:45:09.383 parent RLOC16 -> 7000
[/dev/ttyACM0] ping parent fd72:e9dd:7d27:e872:0:ff:fe00:7000
[parse] 2025-12-19T13:45:10.355 state -> child
[parse] 2025-12-19T13:45:10.361 parent RLOC16 -> 7000
[/dev/ttyACM0] ping parent fd72:e9dd:7d27:e872:0:ff:fe00:7000
[parse] 2025-12-19T13:45:11.421 state -> child
[parse] 2025-12-19T13:45:11.427 parent RLOC16 -> 7000
[/dev/ttyACM0] ping parent fd72:e9dd:7d27:e872:0:ff:fe00:7000
[parse] 2025-12-19T13:45:12.385 state -> child
[parse] 2025-12-19T13:45:12.390 parent RLOC16 -> 7000
[/dev/ttyACM0] ping parent fd72:e9dd:7d27:e872:0:ff:fe00:7000
[parse] 2025-12-19T13:45:13.357 state -> child
[parse] 2025-12-19T13:45:13.363 parent RLOC16 -> 7000
[/dev/ttyACM0] ping parent fd72:e9dd:7d27:e872:0:ff:fe00:7000
[parse] 2025-12-19T13:45:14.424 state -> child
[parse] 2025-12-19T13:45:14.430 parent RLOC16 -> 7000
[/dev/ttyACM0] ping parent fd72:e9dd:7d27:e872:0:ff:fe00:7000
[parse] 2025-12-19T13:45:15.389 state -> child
[parse] 2025-12-19T13:45:15.395 parent RLOC16 -> 7000
[/dev/ttyACM0] ping parent fd72:e9dd:7d27:e872:0:ff:fe00:7000
[parse] 2025-12-19T13:45:16.365 state -> child
[parse] 2025-12-19T13:45:16.371 parent RLOC16 -> 7000
[/dev/ttyACM0] ping parent fd72:e9dd:7d27:e872:0:ff:fe00:7000
[parse] 2025-12-19T13:45:17.434 state -> child
[parse] 2025-12-19T13:45:17.439 parent RLOC16 -> 7000
[/dev/ttyACM0] ping parent fd72:e9dd:7d27:e872:0:ff:fe00:7000
[parse] 2025-12-19T13:45:18.398 state -> child
[parse] 2025-12-19T13:45:18.404 parent RLOC16 -> 7000
[/dev/ttyACM0] ping parent fd72:e9dd:7d27:e872:0:ff:fe00:7000
[parse] 2025-12-19T13:45:19.376 state -> child
[parse] 2025-12-19T13:45:19.382 parent RLOC16 -> 7000
[/dev/ttyACM0] ping parent fd72:e9dd:7d27:e872:0:ff:fe00:7000
[/dev/ttyACM0] ping parent fd72:e9dd:7d27:e872:0:ff:fe00:7000
[parse] 2025-12-19T13:45:22.101 state -> child
[parse] 2025-12-19T13:45:22.106 parent RLOC16 -> 7000
[parse] 2025-12-19T13:45:22.159 state -> child
[parse] 2025-12-19T13:45:22.162 parent RLOC16 -> 7000
[/dev/ttyACM0] ping parent fd72:e9dd:7d27:e872:0:ff:fe00:7000
[parse] 2025-12-19T13:45:22.420 state -> child
[parse] 2025-12-19T13:45:22.427 parent RLOC16 -> 7000
[/dev/ttyACM0] ping parent fd72:e9dd:7d27:e872:0:ff:fe00:7000
[parse] 2025-12-19T13:45:23.385 state -> child
[parse] 2025-12-19T13:45:23.391 parent RLOC16 -> 7000
[/dev/ttyACM0] ping parent fd72:e9dd:7d27:e872:0:ff:fe00:7000
[parse] 2025-12-19T13:45:24.345 state -> child
[parse] 2025-12-19T13:45:24.351 parent RLOC16 -> 7000
[/dev/ttyACM0] ping parent fd72:e9dd:7d27:e872:0:ff:fe00:7000
[parse] 2025-12-19T13:45:25.413 state -> child
[parse] 2025-12-19T13:45:25.419 parent RLOC16 -> 7000
[/dev/ttyACM0] ping parent fd72:e9dd:7d27:e872:0:ff:fe00:7000
[parse] 2025-12-19T13:45:26.434 state -> child
[parse] 2025-12-19T13:45:26.439 parent RLOC16 -> 7000
[/dev/ttyACM0] ping parent fd72:e9dd:7d27:e872:0:ff:fe00:7000
[parse] 2025-12-19T13:45:27.401 state -> child
[parse] 2025-12-19T13:45:27.409 parent RLOC16 -> 7000
[/dev/ttyACM0] ping parent fd72:e9dd:7d27:e872:0:ff:fe00:7000
[parse] 2025-12-19T13:45:28.378 state -> child
[parse] 2025-12-19T13:45:28.384 parent RLOC16 -> 7000
[/dev/ttyACM0] ping parent fd72:e9dd:7d27:e872:0:ff:fe00:7000
[parse] 2025-12-19T13:45:29.343 state -> child
[parse] 2025-12-19T13:45:29.348 parent RLOC16 -> 7000
[/dev/ttyACM0] ping parent fd72:e9dd:7d27:e872:0:ff:fe00:7000
[parse] 2025-12-19T13:45:30.482 state -> child
[parse] 2025-12-19T13:45:30.488 parent RLOC16 -> 7000
[/dev/ttyACM0] ping parent fd72:e9dd:7d27:e872:0:ff:fe00:7000
[parse] 2025-12-19T13:45:31.350 state -> child
[parse] 2025-12-19T13:45:31.357 parent RLOC16 -> 7000
[/dev/ttyACM0] ping parent fd72:e9dd:7d27:e872:0:ff:fe00:7000
[parse] 2025-12-19T13:45:32.425 state -> child
[parse] 2025-12-19T13:45:32.432 parent RLOC16 -> 7000
[/dev/ttyACM0] ping parent fd72:e9dd:7d27:e872:0:ff:fe00:7000
[parse] 2025-12-19T13:45:33.406 state -> child
[parse] 2025-12-19T13:45:33.410 parent RLOC16 -> 7000
[/dev/ttyACM0] ping parent fd72:e9dd:7d27:e872:0:ff:fe00:7000
[parse] 2025-12-19T13:45:34.374 state -> child
[parse] 2025-12-19T13:45:34.379 parent RLOC16 -> 7000
[/dev/ttyACM0] ping parent fd72:e9dd:7d27:e872:0:ff:fe00:7000
[parse] 2025-12-19T13:45:35.366 state -> child
[parse] 2025-12-19T13:45:35.372 parent RLOC16 -> 7000
[/dev/ttyACM0] ping parent fd72:e9dd:7d27:e872:0:ff:fe00:7000
[parse] 2025-12-19T13:45:36.404 state -> child
[parse] 2025-12-19T13:45:36.410 parent RLOC16 -> 7000
[/dev/ttyACM0] ping parent fd72:e9dd:7d27:e872:0:ff:fe00:7000
[parse] 2025-12-19T13:45:37.371 state -> child
[parse] 2025-12-19T13:45:37.376 parent RLOC16 -> 7000
[/dev/ttyACM0] ping parent fd72:e9dd:7d27:e872:0:ff:fe00:7000
[parse] 2025-12-19T13:45:38.344 state -> child
[parse] 2025-12-19T13:45:38.350 parent RLOC16 -> 7000
[/dev/ttyACM0] ping parent fd72:e9dd:7d27:e872:0:ff:fe00:7000
[parse] 2025-12-19T13:45:39.414 state -> child
[parse] 2025-12-19T13:45:39.420 parent RLOC16 -> 7000
[/dev/ttyACM0] ping parent fd72:e9dd:7d27:e872:0:ff:fe00:7000
[parse] 2025-12-19T13:45:40.379 state -> child
[parse] 2025-12-19T13:45:40.385 parent RLOC16 -> 7000
[/dev/ttyACM0] ping parent fd72:e9dd:7d27:e872:0:ff:fe00:7000
[parse] 2025-12-19T13:45:41.346 state -> child
[parse] 2025-12-19T13:45:41.350 parent RLOC16 -> 7000
[/dev/ttyACM0] ping parent fd72:e9dd:7d27:e872:0:ff:fe00:7000
[parse] 2025-12-19T13:45:42.411 state -> child
[parse] 2025-12-19T13:45:42.417 parent RLOC16 -> 7000
[/dev/ttyACM0] ping parent fd72:e9dd:7d27:e872:0:ff:fe00:7000
[parse] 2025-12-19T13:45:43.351 state -> child
[parse] 2025-12-19T13:45:43.357 parent RLOC16 -> 7000
[/dev/ttyACM0] ping parent fd72:e9dd:7d27:e872:0:ff:fe00:7000
[parse] 2025-12-19T13:45:44.417 state -> child
[parse] 2025-12-19T13:45:44.424 parent RLOC16 -> 7000
[/dev/ttyACM0] ping parent fd72:e9dd:7d27:e872:0:ff:fe00:7000
[parse] 2025-12-19T13:45:45.385 state -> child
[parse] 2025-12-19T13:45:45.392 parent RLOC16 -> 7000
[/dev/ttyACM0] ping parent fd72:e9dd:7d27:e872:0:ff:fe00:7000
[parse] 2025-12-19T13:45:46.374 state -> child
[parse] 2025-12-19T13:45:46.379 parent RLOC16 -> 7000
[/dev/ttyACM0] ping parent fd72:e9dd:7d27:e872:0:ff:fe00:7000
[parse] 2025-12-19T13:45:47.440 state -> child
[parse] 2025-12-19T13:45:47.447 parent RLOC16 -> 7000
[/dev/ttyACM0] ping parent fd72:e9dd:7d27:e872:0:ff:fe00:7000
[parse] 2025-12-19T13:45:48.389 state -> child
[parse] 2025-12-19T13:45:48.395 parent RLOC16 -> 7000
[/dev/ttyACM0] ping parent fd72:e9dd:7d27:e872:0:ff:fe00:7000
[/dev/ttyACM0] ping parent fd72:e9dd:7d27:e872:0:ff:fe00:7000
[parse] 2025-12-19T13:45:50.412 state -> child
[parse] 2025-12-19T13:45:50.416 parent RLOC16 -> 7000
[parse] 2025-12-19T13:45:50.661 state -> child
[parse] 2025-12-19T13:45:50.664 parent RLOC16 -> 7000
[/dev/ttyACM0] ping parent fd72:e9dd:7d27:e872:0:ff:fe00:7000
[parse] 2025-12-19T13:45:51.423 state -> child
[parse] 2025-12-19T13:45:51.429 parent RLOC16 -> 7000
[/dev/ttyACM0] ping parent fd72:e9dd:7d27:e872:0:ff:fe00:7000
[parse] 2025-12-19T13:45:52.388 state -> child
[parse] 2025-12-19T13:45:52.394 parent RLOC16 -> 7000
[/dev/ttyACM0] ping parent fd72:e9dd:7d27:e872:0:ff:fe00:7000
[parse] 2025-12-19T13:45:53.367 state -> child
[parse] 2025-12-19T13:45:53.374 parent RLOC16 -> 7000
[/dev/ttyACM0] ping parent fd72:e9dd:7d27:e872:0:ff:fe00:7000
[parse] 2025-12-19T13:45:54.346 state -> child
[parse] 2025-12-19T13:45:54.351 parent RLOC16 -> 7000
[/dev/ttyACM0] ping parent fd72:e9dd:7d27:e872:0:ff:fe00:7000
[parse] 2025-12-19T13:45:55.406 state -> child
[parse] 2025-12-19T13:45:55.424 parent RLOC16 -> 7000
[/dev/ttyACM0] ping parent fd72:e9dd:7d27:e872:0:ff:fe00:7000
[parse] 2025-12-19T13:45:56.420 state -> child
[parse] 2025-12-19T13:45:56.426 parent RLOC16 -> 7000
[/dev/ttyACM0] ping parent fd72:e9dd:7d27:e872:0:ff:fe00:7000
[parse] 2025-12-19T13:45:57.374 state -> child
[parse] 2025-12-19T13:45:57.377 parent RLOC16 -> 7000
[/dev/ttyACM0] ping parent fd72:e9dd:7d27:e872:0:ff:fe00:7000
[parse] 2025-12-19T13:45:58.438 state -> child
[parse] 2025-12-19T13:45:58.444 parent RLOC16 -> 7000
[/dev/ttyACM0] ping parent fd72:e9dd:7d27:e872:0:ff:fe00:7000
[parse] 2025-12-19T13:45:59.432 state -> child
[parse] 2025-12-19T13:45:59.437 parent RLOC16 -> 7000
[/dev/ttyACM0] ping parent fd72:e9dd:7d27:e872:0:ff:fe00:7000
[parse] 2025-12-19T13:46:00.353 state -> child
[parse] 2025-12-19T13:46:00.359 parent RLOC16 -> 7000
[/dev/ttyACM0] ping parent fd72:e9dd:7d27:e872:0:ff:fe00:7000
[parse] 2025-12-19T13:46:01.375 state -> child
[parse] 2025-12-19T13:46:01.382 parent RLOC16 -> 7000
[/dev/ttyACM0] ping parent fd72:e9dd:7d27:e872:0:ff:fe00:7000
[parse] 2025-12-19T13:46:02.341 state -> child
[parse] 2025-12-19T13:46:02.345 parent RLOC16 -> 7000
[/dev/ttyACM0] ping parent fd72:e9dd:7d27:e872:0:ff:fe00:7000
[parse] 2025-12-19T13:46:03.423 state -> child
[parse] 2025-12-19T13:46:03.429 parent RLOC16 -> 7000
[/dev/ttyACM0] ping parent fd72:e9dd:7d27:e872:0:ff:fe00:7000
[parse] 2025-12-19T13:46:04.388 state -> child
[parse] 2025-12-19T13:46:04.394 parent RLOC16 -> 7000
[/dev/ttyACM0] ping parent fd72:e9dd:7d27:e872:0:ff:fe00:7000
[parse] 2025-12-19T13:46:05.354 state -> child
[parse] 2025-12-19T13:46:05.361 parent RLOC16 -> 7000
[/dev/ttyACM0] ping parent fd72:e9dd:7d27:e872:0:ff:fe00:7000
[parse] 2025-12-19T13:46:06.421 state -> child
[parse] 2025-12-19T13:46:06.426 parent RLOC16 -> 7000
[/dev/ttyACM0] ping parent fd72:e9dd:7d27:e872:0:ff:fe00:7000
[parse] 2025-12-19T13:46:07.420 state -> child
[parse] 2025-12-19T13:46:07.425 parent RLOC16 -> 7000
[/dev/ttyACM0] ping parent fd72:e9dd:7d27:e872:0:ff:fe00:7000
[parse] 2025-12-19T13:46:08.368 state -> child
[parse] 2025-12-19T13:46:08.373 parent RLOC16 -> 7000
[/dev/ttyACM0] ping parent fd72:e9dd:7d27:e872:0:ff:fe00:7000
[parse] 2025-12-19T13:46:09.362 state -> child
[parse] 2025-12-19T13:46:09.369 parent RLOC16 -> 7000
[/dev/ttyACM0] ping parent fd72:e9dd:7d27:e872:0:ff:fe00:7000
[parse] 2025-12-19T13:46:10.342 state -> child
[parse] 2025-12-19T13:46:10.346 parent RLOC16 -> 7000
[/dev/ttyACM0] ping parent fd72:e9dd:7d27:e872:0:ff:fe00:7000
[parse] 2025-12-19T13:46:11.406 state -> child
[parse] 2025-12-19T13:46:11.412 parent RLOC16 -> 7000
[/dev/ttyACM0] ping parent fd72:e9dd:7d27:e872:0:ff:fe00:7000
[parse] 2025-12-19T13:46:12.372 state -> child
[parse] 2025-12-19T13:46:12.377 parent RLOC16 -> 7000
[/dev/ttyACM0] ping parent fd72:e9dd:7d27:e872:0:ff:fe00:7000
[parse] 2025-12-19T13:46:13.368 state -> child
[parse] 2025-12-19T13:46:13.374 parent RLOC16 -> 7000
[/dev/ttyACM0] ping parent fd72:e9dd:7d27:e872:0:ff:fe00:7000
[parse] 2025-12-19T13:46:14.435 state -> child
[parse] 2025-12-19T13:46:14.442 parent RLOC16 -> 7000
[/dev/ttyACM0] ping parent fd72:e9dd:7d27:e872:0:ff:fe00:7000
[parse] 2025-12-19T13:46:15.405 state -> child
[parse] 2025-12-19T13:46:15.409 parent RLOC16 -> 7000
[/dev/ttyACM0] ping parent fd72:e9dd:7d27:e872:0:ff:fe00:7000
[parse] 2025-12-19T13:46:16.368 state -> child
[parse] 2025-12-19T13:46:16.375 parent RLOC16 -> 7000
[/dev/ttyACM0] ping parent fd72:e9dd:7d27:e872:0:ff:fe00:7000
[parse] 2025-12-19T13:46:17.347 state -> child
[parse] 2025-12-19T13:46:17.353 parent RLOC16 -> 7000
[/dev/ttyACM0] ping parent fd72:e9dd:7d27:e872:0:ff:fe00:7000
[parse] 2025-12-19T13:46:18.427 state -> child
[parse] 2025-12-19T13:46:18.432 parent RLOC16 -> 7000
[/dev/ttyACM0] ping parent fd72:e9dd:7d27:e872:0:ff:fe00:7000
[parse] 2025-12-19T13:46:19.344 state -> child
[parse] 2025-12-19T13:46:19.349 parent RLOC16 -> 7000
[/dev/ttyACM0] ping parent fd72:e9dd:7d27:e872:0:ff:fe00:7000
[/dev/ttyACM0] ping parent fd72:e9dd:7d27:e872:0:ff:fe00:7000
[parse] 2025-12-19T13:46:22.953 state -> child
[parse] 2025-12-19T13:46:22.960 parent RLOC16 -> 7000
[parse] 2025-12-19T13:46:23.169 state -> child
[parse] 2025-12-19T13:46:23.173 parent RLOC16 -> e000
[/dev/ttyACM0] ping parent fd72:e9dd:7d27:e872:0:ff:fe00:e000
[parse] 2025-12-19T13:46:23.350 state -> child
[parse] 2025-12-19T13:46:23.356 parent RLOC16 -> e000
[/dev/ttyACM0] ping parent fd72:e9dd:7d27:e872:0:ff:fe00:e000
[parse] 2025-12-19T13:46:24.418 state -> child
[parse] 2025-12-19T13:46:24.424 parent RLOC16 -> e000
[/dev/ttyACM0] ping parent fd72:e9dd:7d27:e872:0:ff:fe00:e000
[parse] 2025-12-19T13:46:25.386 state -> child
[parse] 2025-12-19T13:46:25.393 parent RLOC16 -> e000
[/dev/ttyACM0] ping parent fd72:e9dd:7d27:e872:0:ff:fe00:e000
[parse] 2025-12-19T13:46:26.403 state -> child
[parse] 2025-12-19T13:46:26.409 parent RLOC16 -> e000
[/dev/ttyACM0] ping parent fd72:e9dd:7d27:e872:0:ff:fe00:e000
[parse] 2025-12-19T13:46:27.373 state -> child
[parse] 2025-12-19T13:46:27.378 parent RLOC16 -> e000
[/dev/ttyACM0] ping parent fd72:e9dd:7d27:e872:0:ff:fe00:e000
[parse] 2025-12-19T13:46:28.353 state -> child
[parse] 2025-12-19T13:46:28.358 parent RLOC16 -> e000
[/dev/ttyACM0] ping parent fd72:e9dd:7d27:e872:0:ff:fe00:e000
[parse] 2025-12-19T13:46:29.418 state -> child
[parse] 2025-12-19T13:46:29.424 parent RLOC16 -> e000
[/dev/ttyACM0] ping parent fd72:e9dd:7d27:e872:0:ff:fe00:e000
[parse] 2025-12-19T13:46:30.444 state -> child
[parse] 2025-12-19T13:46:30.451 parent RLOC16 -> e000
[/dev/ttyACM0] ping parent fd72:e9dd:7d27:e872:0:ff:fe00:e000
[parse] 2025-12-19T13:46:31.414 state -> child
[parse] 2025-12-19T13:46:31.419 parent RLOC16 -> e000
[/dev/ttyACM0] ping parent fd72:e9dd:7d27:e872:0:ff:fe00:e000
[parse] 2025-12-19T13:46:32.378 state -> child
[parse] 2025-12-19T13:46:32.383 parent RLOC16 -> e000
[/dev/ttyACM0] ping parent fd72:e9dd:7d27:e872:0:ff:fe00:e000
[parse] 2025-12-19T13:46:33.357 state -> child
[parse] 2025-12-19T13:46:33.363 parent RLOC16 -> e000
[/dev/ttyACM0] ping parent fd72:e9dd:7d27:e872:0:ff:fe00:e000
[parse] 2025-12-19T13:46:34.429 state -> child
[parse] 2025-12-19T13:46:34.434 parent RLOC16 -> e000
[/dev/ttyACM0] ping parent fd72:e9dd:7d27:e872:0:ff:fe00:e000
[parse] 2025-12-19T13:46:35.393 state -> child
[parse] 2025-12-19T13:46:35.399 parent RLOC16 -> e000
[/dev/ttyACM0] ping parent fd72:e9dd:7d27:e872:0:ff:fe00:e000
[parse] 2025-12-19T13:46:36.360 state -> child
[parse] 2025-12-19T13:46:36.366 parent RLOC16 -> e000
[/dev/ttyACM0] ping parent fd72:e9dd:7d27:e872:0:ff:fe00:e000
[parse] 2025-12-19T13:46:37.437 state -> child
[parse] 2025-12-19T13:46:37.443 parent RLOC16 -> e000
[/dev/ttyACM0] ping parent fd72:e9dd:7d27:e872:0:ff:fe00:e000
[parse] 2025-12-19T13:46:38.409 state -> child
[parse] 2025-12-19T13:46:38.414 parent RLOC16 -> e000
[/dev/ttyACM0] ping parent fd72:e9dd:7d27:e872:0:ff:fe00:e000
[parse] 2025-12-19T13:46:39.425 state -> child
[parse] 2025-12-19T13:46:39.430 parent RLOC16 -> e000
[/dev/ttyACM0] ping parent fd72:e9dd:7d27:e872:0:ff:fe00:e000
[parse] 2025-12-19T13:46:40.446 state -> child
[parse] 2025-12-19T13:46:40.452 parent RLOC16 -> e000
[/dev/ttyACM0] ping parent fd72:e9dd:7d27:e872:0:ff:fe00:e000
[parse] 2025-12-19T13:46:41.414 state -> child
[parse] 2025-12-19T13:46:41.420 parent RLOC16 -> e000
[/dev/ttyACM0] ping parent fd72:e9dd:7d27:e872:0:ff:fe00:e000
[parse] 2025-12-19T13:46:42.385 state -> child
[parse] 2025-12-19T13:46:42.390 parent RLOC16 -> e000
[/dev/ttyACM0] ping parent fd72:e9dd:7d27:e872:0:ff:fe00:e000
[parse] 2025-12-19T13:46:43.350 state -> child
[parse] 2025-12-19T13:46:43.356 parent RLOC16 -> e000
[/dev/ttyACM0] ping parent fd72:e9dd:7d27:e872:0:ff:fe00:e000
[parse] 2025-12-19T13:46:44.425 state -> child
[parse] 2025-12-19T13:46:44.431 parent RLOC16 -> e000
[/dev/ttyACM0] ping parent fd72:e9dd:7d27:e872:0:ff:fe00:e000
[parse] 2025-12-19T13:46:45.395 state -> child
[parse] 2025-12-19T13:46:45.448 parent RLOC16 -> e000
[/dev/ttyACM0] ping parent fd72:e9dd:7d27:e872:0:ff:fe00:e000
[parse] 2025-12-19T13:46:46.413 state -> child
[parse] 2025-12-19T13:46:46.420 parent RLOC16 -> e000
[/dev/ttyACM0] ping parent fd72:e9dd:7d27:e872:0:ff:fe00:e000
[parse] 2025-12-19T13:46:47.384 state -> child
[parse] 2025-12-19T13:46:47.389 parent RLOC16 -> e000
[/dev/ttyACM0] ping parent fd72:e9dd:7d27:e872:0:ff:fe00:e000
[parse] 2025-12-19T13:46:48.363 state -> child
[parse] 2025-12-19T13:46:48.369 parent RLOC16 -> e000
[/dev/ttyACM0] ping parent fd72:e9dd:7d27:e872:0:ff:fe00:e000
[parse] 2025-12-19T13:46:49.430 state -> child
[parse] 2025-12-19T13:46:49.435 parent RLOC16 -> e000
[/dev/ttyACM0] ping parent fd72:e9dd:7d27:e872:0:ff:fe00:e000
[parse] 2025-12-19T13:46:50.406 state -> child
[parse] 2025-12-19T13:46:50.411 parent RLOC16 -> e000
[/dev/ttyACM0] ping parent fd72:e9dd:7d27:e872:0:ff:fe00:e000
[parse] 2025-12-19T13:46:51.387 state -> child
[parse] 2025-12-19T13:46:51.393 parent RLOC16 -> e000
[/dev/ttyACM0] ping parent fd72:e9dd:7d27:e872:0:ff:fe00:e000
[parse] 2025-12-19T13:46:52.350 state -> child
[parse] 2025-12-19T13:46:52.357 parent RLOC16 -> e000
[/dev/ttyACM0] ping parent fd72:e9dd:7d27:e872:0:ff:fe00:e000
[parse] 2025-12-19T13:46:53.422 state -> child
[parse] 2025-12-19T13:46:53.429 parent RLOC16 -> e000
[/dev/ttyACM0] ping parent fd72:e9dd:7d27:e872:0:ff:fe00:e000
[parse] 2025-12-19T13:46:54.413 state -> child
[parse] 2025-12-19T13:46:54.417 parent RLOC16 -> e000
[/dev/ttyACM0] ping parent fd72:e9dd:7d27:e872:0:ff:fe00:e000
[parse] 2025-12-19T13:46:55.391 state -> child
[parse] 2025-12-19T13:46:55.396 parent RLOC16 -> e000
[/dev/ttyACM0] ping parent fd72:e9dd:7d27:e872:0:ff:fe00:e000
[parse] 2025-12-19T13:46:56.412 state -> child
[parse] 2025-12-19T13:46:56.417 parent RLOC16 -> e000
[/dev/ttyACM0] ping parent fd72:e9dd:7d27:e872:0:ff:fe00:e000
[parse] 2025-12-19T13:46:57.391 state -> child
[parse] 2025-12-19T13:46:57.396 parent RLOC16 -> e000
[/dev/ttyACM0] ping parent fd72:e9dd:7d27:e872:0:ff:fe00:e000
[parse] 2025-12-19T13:46:58.367 state -> child
[parse] 2025-12-19T13:46:58.371 parent RLOC16 -> e000
[/dev/ttyACM0] ping parent fd72:e9dd:7d27:e872:0:ff:fe00:e000
[parse] 2025-12-19T13:46:59.343 state -> child
[parse] 2025-12-19T13:46:59.348 parent RLOC16 -> e000
[/dev/ttyACM0] ping parent fd72:e9dd:7d27:e872:0:ff:fe00:e000
[parse] 2025-12-19T13:47:00.376 state -> child
[parse] 2025-12-19T13:47:00.379 parent RLOC16 -> e000
[/dev/ttyACM0] ping parent fd72:e9dd:7d27:e872:0:ff:fe00:e000
[parse] 2025-12-19T13:47:01.377 state -> child
[parse] 2025-12-19T13:47:01.383 parent RLOC16 -> e000
[/dev/ttyACM0] ping parent fd72:e9dd:7d27:e872:0:ff:fe00:e000
[parse] 2025-12-19T13:47:02.341 state -> child
[parse] 2025-12-19T13:47:02.346 parent RLOC16 -> e000
[/dev/ttyACM0] ping parent fd72:e9dd:7d27:e872:0:ff:fe00:e000
[parse] 2025-12-19T13:47:03.406 state -> child
[parse] 2025-12-19T13:47:03.411 parent RLOC16 -> e000
[/dev/ttyACM0] ping parent fd72:e9dd:7d27:e872:0:ff:fe00:e000
[parse] 2025-12-19T13:47:04.374 state -> child
[parse] 2025-12-19T13:47:04.380 parent RLOC16 -> e000
[/dev/ttyACM0] ping parent fd72:e9dd:7d27:e872:0:ff:fe00:e000
[parse] 2025-12-19T13:47:05.338 state -> child
[parse] 2025-12-19T13:47:05.343 parent RLOC16 -> e000
[/dev/ttyACM0] ping parent fd72:e9dd:7d27:e872:0:ff:fe00:e000
[parse] 2025-12-19T13:47:06.403 state -> child
[parse] 2025-12-19T13:47:06.408 parent RLOC16 -> e000
[/dev/ttyACM0] ping parent fd72:e9dd:7d27:e872:0:ff:fe00:e000
[parse] 2025-12-19T13:47:07.369 state -> child
[parse] 2025-12-19T13:47:07.375 parent RLOC16 -> e000
[/dev/ttyACM0] ping parent fd72:e9dd:7d27:e872:0:ff:fe00:e000
[parse] 2025-12-19T13:47:08.419 state -> child
[parse] 2025-12-19T13:47:08.424 parent RLOC16 -> e000
[/dev/ttyACM0] ping parent fd72:e9dd:7d27:e872:0:ff:fe00:e000
[parse] 2025-12-19T13:47:09.384 state -> child
[parse] 2025-12-19T13:47:09.390 parent RLOC16 -> e000
[/dev/ttyACM0] ping parent fd72:e9dd:7d27:e872:0:ff:fe00:e000
[parse] 2025-12-19T13:47:10.427 state -> child
[parse] 2025-12-19T13:47:10.433 parent RLOC16 -> e000
[/dev/ttyACM0] ping parent fd72:e9dd:7d27:e872:0:ff:fe00:e000
[parse] 2025-12-19T13:47:11.391 state -> child
[parse] 2025-12-19T13:47:11.397 parent RLOC16 -> e000
[/dev/ttyACM0] ping parent fd72:e9dd:7d27:e872:0:ff:fe00:e000
[parse] 2025-12-19T13:47:12.358 state -> child
[parse] 2025-12-19T13:47:12.363 parent RLOC16 -> e000
[/dev/ttyACM0] ping parent fd72:e9dd:7d27:e872:0:ff:fe00:e000
[parse] 2025-12-19T13:47:13.426 state -> child
[parse] 2025-12-19T13:47:13.433 parent RLOC16 -> e000
[/dev/ttyACM0] ping parent fd72:e9dd:7d27:e872:0:ff:fe00:e000
[parse] 2025-12-19T13:47:14.392 state -> child
[parse] 2025-12-19T13:47:14.398 parent RLOC16 -> e000
[/dev/ttyACM0] ping parent fd72:e9dd:7d27:e872:0:ff:fe00:e000
[parse] 2025-12-19T13:47:15.364 state -> child
[parse] 2025-12-19T13:47:15.370 parent RLOC16 -> e000
[/dev/ttyACM0] ping parent fd72:e9dd:7d27:e872:0:ff:fe00:e000
[parse] 2025-12-19T13:47:16.349 state -> child
[parse] 2025-12-19T13:47:16.355 parent RLOC16 -> e000
[/dev/ttyACM0] ping parent fd72:e9dd:7d27:e872:0:ff:fe00:e000
[parse] 2025-12-19T13:47:17.414 state -> child
[parse] 2025-12-19T13:47:17.420 parent RLOC16 -> e000
[/dev/ttyACM0] ping parent fd72:e9dd:7d27:e872:0:ff:fe00:e000
[parse] 2025-12-19T13:47:18.384 state -> child
[parse] 2025-12-19T13:47:18.390 parent RLOC16 -> e000
[/dev/ttyACM0] ping parent fd72:e9dd:7d27:e872:0:ff:fe00:e000
[parse] 2025-12-19T13:47:19.348 state -> child
[parse] 2025-12-19T13:47:19.354 parent RLOC16 -> e000
[/dev/ttyACM0] ping parent fd72:e9dd:7d27:e872:0:ff:fe00:e000
[parse] 2025-12-19T13:47:20.427 state -> child
[parse] 2025-12-19T13:47:20.433 parent RLOC16 -> e000
[/dev/ttyACM0] ping parent fd72:e9dd:7d27:e872:0:ff:fe00:e000
[parse] 2025-12-19T13:47:21.409 state -> child
[parse] 2025-12-19T13:47:21.417 parent RLOC16 -> e000
[/dev/ttyACM0] ping parent fd72:e9dd:7d27:e872:0:ff:fe00:e000
[parse] 2025-12-19T13:47:22.394 state -> child
[parse] 2025-12-19T13:47:22.399 parent RLOC16 -> e000
[/dev/ttyACM0] ping parent fd72:e9dd:7d27:e872:0:ff:fe00:e000
[parse] 2025-12-19T13:47:23.419 state -> child
[parse] 2025-12-19T13:47:23.425 parent RLOC16 -> e000
[/dev/ttyACM0] ping parent fd72:e9dd:7d27:e872:0:ff:fe00:e000
[parse] 2025-12-19T13:47:24.386 state -> child
[parse] 2025-12-19T13:47:24.391 parent RLOC16 -> e000
[/dev/ttyACM0] ping parent fd72:e9dd:7d27:e872:0:ff:fe00:e000
[parse] 2025-12-19T13:47:25.401 state -> child
[parse] 2025-12-19T13:47:25.406 parent RLOC16 -> e000
[/dev/ttyACM0] ping parent fd72:e9dd:7d27:e872:0:ff:fe00:e000
[parse] 2025-12-19T13:47:26.378 state -> child
[parse] 2025-12-19T13:47:26.386 parent RLOC16 -> e000
[/dev/ttyACM0] ping parent fd72:e9dd:7d27:e872:0:ff:fe00:e000
[parse] 2025-12-19T13:47:27.343 state -> child
[parse] 2025-12-19T13:47:27.347 parent RLOC16 -> e000
[/dev/ttyACM0] ping parent fd72:e9dd:7d27:e872:0:ff:fe00:e000
[parse] 2025-12-19T13:47:28.417 state -> child
[parse] 2025-12-19T13:47:28.423 parent RLOC16 -> e000
[/dev/ttyACM0] ping parent fd72:e9dd:7d27:e872:0:ff:fe00:e000
[parse] 2025-12-19T13:47:29.384 state -> child
[parse] 2025-12-19T13:47:29.389 parent RLOC16 -> e000
[/dev/ttyACM0] ping parent fd72:e9dd:7d27:e872:0:ff:fe00:e000
[parse] 2025-12-19T13:47:30.403 state -> child
[parse] 2025-12-19T13:47:30.408 parent RLOC16 -> e000
[/dev/ttyACM0] ping parent fd72:e9dd:7d27:e872:0:ff:fe00:e000
[parse] 2025-12-19T13:47:31.430 state -> child
[parse] 2025-12-19T13:47:31.435 parent RLOC16 -> e000
[/dev/ttyACM0] ping parent fd72:e9dd:7d27:e872:0:ff:fe00:e000
[parse] 2025-12-19T13:47:32.407 state -> child
[parse] 2025-12-19T13:47:32.412 parent RLOC16 -> e000
[/dev/ttyACM0] ping parent fd72:e9dd:7d27:e872:0:ff:fe00:e000
[parse] 2025-12-19T13:47:33.374 state -> child
[parse] 2025-12-19T13:47:33.379 parent RLOC16 -> e000
[/dev/ttyACM0] ping parent fd72:e9dd:7d27:e872:0:ff:fe00:e000
[parse] 2025-12-19T13:47:34.337 state -> child
[parse] 2025-12-19T13:47:34.341 parent RLOC16 -> e000
[/dev/ttyACM0] ping parent fd72:e9dd:7d27:e872:0:ff:fe00:e000
[parse] 2025-12-19T13:47:35.357 state -> child
[parse] 2025-12-19T13:47:35.362 parent RLOC16 -> e000
[/dev/ttyACM0] ping parent fd72:e9dd:7d27:e872:0:ff:fe00:e000
[/dev/ttyACM0] ping parent fd72:e9dd:7d27:e872:0:ff:fe00:e000
[parse] 2025-12-19T13:47:38.783 state -> child
[parse] 2025-12-19T13:47:38.789 parent RLOC16 -> e000
[parse] 2025-12-19T13:47:38.850 state -> child
[parse] 2025-12-19T13:47:38.853 parent RLOC16 -> e000
[/dev/ttyACM0] ping parent fd72:e9dd:7d27:e872:0:ff:fe00:e000
[parse] 2025-12-19T13:47:39.410 state -> child
[parse] 2025-12-19T13:47:39.416 parent RLOC16 -> e000
[/dev/ttyACM0] ping parent fd72:e9dd:7d27:e872:0:ff:fe00:e000
[parse] 2025-12-19T13:47:40.385 state -> child
[parse] 2025-12-19T13:47:40.392 parent RLOC16 -> e000
[/dev/ttyACM0] ping parent fd72:e9dd:7d27:e872:0:ff:fe00:e000
[parse] 2025-12-19T13:47:41.369 state -> child
[parse] 2025-12-19T13:47:41.375 parent RLOC16 -> e000
[/dev/ttyACM0] ping parent fd72:e9dd:7d27:e872:0:ff:fe00:e000
[parse] 2025-12-19T13:47:42.399 state -> child
[parse] 2025-12-19T13:47:42.402 parent RLOC16 -> e000
[/dev/ttyACM0] ping parent fd72:e9dd:7d27:e872:0:ff:fe00:e000
[parse] 2025-12-19T13:47:43.372 state -> child
[parse] 2025-12-19T13:47:43.378 parent RLOC16 -> e000
[/dev/ttyACM0] ping parent fd72:e9dd:7d27:e872:0:ff:fe00:e000
[parse] 2025-12-19T13:47:44.439 state -> child
[parse] 2025-12-19T13:47:44.447 parent RLOC16 -> e000
[/dev/ttyACM0] ping parent fd72:e9dd:7d27:e872:0:ff:fe00:e000
[parse] 2025-12-19T13:47:45.415 state -> child
[parse] 2025-12-19T13:47:45.421 parent RLOC16 -> e000
[/dev/ttyACM0] ping parent fd72:e9dd:7d27:e872:0:ff:fe00:e000
[parse] 2025-12-19T13:47:46.382 state -> child
[parse] 2025-12-19T13:47:46.387 parent RLOC16 -> e000
[/dev/ttyACM0] ping parent fd72:e9dd:7d27:e872:0:ff:fe00:e000
[parse] 2025-12-19T13:47:47.357 state -> child
[parse] 2025-12-19T13:47:47.363 parent RLOC16 -> e000
[/dev/ttyACM0] ping parent fd72:e9dd:7d27:e872:0:ff:fe00:e000
[parse] 2025-12-19T13:47:48.341 state -> child
[parse] 2025-12-19T13:47:48.346 parent RLOC16 -> e000
[/dev/ttyACM0] ping parent fd72:e9dd:7d27:e872:0:ff:fe00:e000
[parse] 2025-12-19T13:47:49.417 state -> child
[parse] 2025-12-19T13:47:49.422 parent RLOC16 -> e000
[/dev/ttyACM0] ping parent fd72:e9dd:7d27:e872:0:ff:fe00:e000
[parse] 2025-12-19T13:47:50.399 state -> child
[parse] 2025-12-19T13:47:50.405 parent RLOC16 -> e000
[/dev/ttyACM0] ping parent fd72:e9dd:7d27:e872:0:ff:fe00:e000
[parse] 2025-12-19T13:47:51.377 state -> child
[parse] 2025-12-19T13:47:51.383 parent RLOC16 -> e000
[/dev/ttyACM0] ping parent fd72:e9dd:7d27:e872:0:ff:fe00:e000
[parse] 2025-12-19T13:47:52.743 state -> child
[parse] 2025-12-19T13:47:52.746 parent RLOC16 -> e000
[/dev/ttyACM0] ping parent fd72:e9dd:7d27:e872:0:ff:fe00:e000
[parse] 2025-12-19T13:47:53.350 state -> child
[parse] 2025-12-19T13:47:53.356 parent RLOC16 -> e000
[/dev/ttyACM0] ping parent fd72:e9dd:7d27:e872:0:ff:fe00:e000
[parse] 2025-12-19T13:47:54.427 state -> child
[parse] 2025-12-19T13:47:54.433 parent RLOC16 -> e000
[/dev/ttyACM0] ping parent fd72:e9dd:7d27:e872:0:ff:fe00:e000
[parse] 2025-12-19T13:47:55.402 state -> child
[parse] 2025-12-19T13:47:55.408 parent RLOC16 -> e000
[/dev/ttyACM0] ping parent fd72:e9dd:7d27:e872:0:ff:fe00:e000
[parse] 2025-12-19T13:47:56.367 state -> child
[parse] 2025-12-19T13:47:56.373 parent RLOC16 -> e000
[/dev/ttyACM0] ping parent fd72:e9dd:7d27:e872:0:ff:fe00:e000
[parse] 2025-12-19T13:47:57.400 state -> child
[parse] 2025-12-19T13:47:57.406 parent RLOC16 -> e000
[/dev/ttyACM0] ping parent fd72:e9dd:7d27:e872:0:ff:fe00:e000
[parse] 2025-12-19T13:47:58.365 state -> child
[parse] 2025-12-19T13:47:58.371 parent RLOC16 -> e000
[/dev/ttyACM0] ping parent fd72:e9dd:7d27:e872:0:ff:fe00:e000
[parse] 2025-12-19T13:47:59.438 state -> child
[parse] 2025-12-19T13:47:59.443 parent RLOC16 -> e000
[/dev/ttyACM0] ping parent fd72:e9dd:7d27:e872:0:ff:fe00:e000
[parse] 2025-12-19T13:48:00.418 state -> child
[parse] 2025-12-19T13:48:00.424 parent RLOC16 -> e000
[/dev/ttyACM0] ping parent fd72:e9dd:7d27:e872:0:ff:fe00:e000
[parse] 2025-12-19T13:48:01.383 state -> child
[parse] 2025-12-19T13:48:01.390 parent RLOC16 -> e000
[/dev/ttyACM0] ping parent fd72:e9dd:7d27:e872:0:ff:fe00:e000
[parse] 2025-12-19T13:48:02.370 state -> child
[parse] 2025-12-19T13:48:02.375 parent RLOC16 -> e000
[/dev/ttyACM0] ping parent fd72:e9dd:7d27:e872:0:ff:fe00:e000
[parse] 2025-12-19T13:48:03.345 state -> child
[parse] 2025-12-19T13:48:03.350 parent RLOC16 -> e000
[/dev/ttyACM0] ping parent fd72:e9dd:7d27:e872:0:ff:fe00:e000
[parse] 2025-12-19T13:48:04.415 state -> child
[parse] 2025-12-19T13:48:04.421 parent RLOC16 -> e000
[/dev/ttyACM0] ping parent fd72:e9dd:7d27:e872:0:ff:fe00:e000
[parse] 2025-12-19T13:48:05.404 state -> child
[parse] 2025-12-19T13:48:05.411 parent RLOC16 -> e000
[/dev/ttyACM0] ping parent fd72:e9dd:7d27:e872:0:ff:fe00:e000
[parse] 2025-12-19T13:48:06.374 state -> child
[parse] 2025-12-19T13:48:06.380 parent RLOC16 -> e000
[/dev/ttyACM0] ping parent fd72:e9dd:7d27:e872:0:ff:fe00:e000
[/dev/ttyACM0] ping parent fd72:e9dd:7d27:e872:0:ff:fe00:e000
[parse] 2025-12-19T13:48:09.247 state -> child
[parse] 2025-12-19T13:48:09.251 parent RLOC16 -> e000
[parse] 2025-12-19T13:48:09.314 state -> child
[parse] 2025-12-19T13:48:09.318 parent RLOC16 -> e000
[/dev/ttyACM0] ping parent fd72:e9dd:7d27:e872:0:ff:fe00:e000
[parse] 2025-12-19T13:48:09.371 state -> child
[parse] 2025-12-19T13:48:09.375 parent RLOC16 -> e000
[/dev/ttyACM0] ping parent fd72:e9dd:7d27:e872:0:ff:fe00:e000
[parse] 2025-12-19T13:48:10.436 state -> child
[parse] 2025-12-19T13:48:10.443 parent RLOC16 -> e000
[/dev/ttyACM0] ping parent fd72:e9dd:7d27:e872:0:ff:fe00:e000
[parse] 2025-12-19T13:48:11.402 state -> child
[parse] 2025-12-19T13:48:11.408 parent RLOC16 -> e000
[/dev/ttyACM0] ping parent fd72:e9dd:7d27:e872:0:ff:fe00:e000
[parse] 2025-12-19T13:48:12.375 state -> child
[parse] 2025-12-19T13:48:12.381 parent RLOC16 -> e000
[/dev/ttyACM0] ping parent fd72:e9dd:7d27:e872:0:ff:fe00:e000
[parse] 2025-12-19T13:48:13.343 state -> child
[parse] 2025-12-19T13:48:13.348 parent RLOC16 -> e000
[/dev/ttyACM0] ping parent fd72:e9dd:7d27:e872:0:ff:fe00:e000
[parse] 2025-12-19T13:48:14.370 state -> child
[parse] 2025-12-19T13:48:14.377 parent RLOC16 -> e000
[/dev/ttyACM0] ping parent fd72:e9dd:7d27:e872:0:ff:fe00:e000
[/dev/ttyACM0] ping parent fd72:e9dd:7d27:e872:0:ff:fe00:e000
[parse] 2025-12-19T13:48:16.594 state -> child
[parse] 2025-12-19T13:48:16.600 parent RLOC16 -> e000
[parse] 2025-12-19T13:48:16.653 state -> child
[parse] 2025-12-19T13:48:16.657 parent RLOC16 -> e000
[/dev/ttyACM0] ping parent fd72:e9dd:7d27:e872:0:ff:fe00:e000
[parse] 2025-12-19T13:48:17.415 state -> child
[parse] 2025-12-19T13:48:17.421 parent RLOC16 -> e000
[/dev/ttyACM0] ping parent fd72:e9dd:7d27:e872:0:ff:fe00:e000
[parse] 2025-12-19T13:48:18.358 state -> child
[parse] 2025-12-19T13:48:18.361 parent RLOC16 -> e000
[/dev/ttyACM0] ping parent fd72:e9dd:7d27:e872:0:ff:fe00:e000
[parse] 2025-12-19T13:48:19.422 state -> child
[parse] 2025-12-19T13:48:19.427 parent RLOC16 -> e000
[/dev/ttyACM0] ping parent fd72:e9dd:7d27:e872:0:ff:fe00:e000
[parse] 2025-12-19T13:48:20.386 state -> child
[parse] 2025-12-19T13:48:20.391 parent RLOC16 -> e000
[/dev/ttyACM0] ping parent fd72:e9dd:7d27:e872:0:ff:fe00:e000
[parse] 2025-12-19T13:48:21.396 state -> child
[parse] 2025-12-19T13:48:21.402 parent RLOC16 -> e000
[/dev/ttyACM0] ping parent fd72:e9dd:7d27:e872:0:ff:fe00:e000
[parse] 2025-12-19T13:48:22.360 state -> child
[parse] 2025-12-19T13:48:22.366 parent RLOC16 -> e000
[/dev/ttyACM0] ping parent fd72:e9dd:7d27:e872:0:ff:fe00:e000
[parse] 2025-12-19T13:48:23.436 state -> child
[parse] 2025-12-19T13:48:23.443 parent RLOC16 -> e000
[/dev/ttyACM0] ping parent fd72:e9dd:7d27:e872:0:ff:fe00:e000
[parse] 2025-12-19T13:48:24.403 state -> child
[parse] 2025-12-19T13:48:24.408 parent RLOC16 -> e000
[/dev/ttyACM0] ping parent fd72:e9dd:7d27:e872:0:ff:fe00:e000
[parse] 2025-12-19T13:48:25.377 state -> child
[parse] 2025-12-19T13:48:25.383 parent RLOC16 -> e000
[/dev/ttyACM0] ping parent fd72:e9dd:7d27:e872:0:ff:fe00:e000
[parse] 2025-12-19T13:48:26.343 state -> child
[parse] 2025-12-19T13:48:26.349 parent RLOC16 -> e000
[/dev/ttyACM0] ping parent fd72:e9dd:7d27:e872:0:ff:fe00:e000
[parse] 2025-12-19T13:48:27.409 state -> child
[parse] 2025-12-19T13:48:27.414 parent RLOC16 -> e000
[/dev/ttyACM0] ping parent fd72:e9dd:7d27:e872:0:ff:fe00:e000
[parse] 2025-12-19T13:48:28.386 state -> child
[parse] 2025-12-19T13:48:28.392 parent RLOC16 -> e000
[/dev/ttyACM0] ping parent fd72:e9dd:7d27:e872:0:ff:fe00:e000
[parse] 2025-12-19T13:48:29.371 state -> child
[parse] 2025-12-19T13:48:29.376 parent RLOC16 -> e000
[/dev/ttyACM0] ping parent fd72:e9dd:7d27:e872:0:ff:fe00:e000
[parse] 2025-12-19T13:48:30.438 state -> child
[parse] 2025-12-19T13:48:30.444 parent RLOC16 -> e000
[/dev/ttyACM0] ping parent fd72:e9dd:7d27:e872:0:ff:fe00:e000
[parse] 2025-12-19T13:48:31.418 state -> child
[parse] 2025-12-19T13:48:31.423 parent RLOC16 -> e000
[/dev/ttyACM0] ping parent fd72:e9dd:7d27:e872:0:ff:fe00:e000
[parse] 2025-12-19T13:48:32.383 state -> child
[parse] 2025-12-19T13:48:32.389 parent RLOC16 -> e000
[/dev/ttyACM0] ping parent fd72:e9dd:7d27:e872:0:ff:fe00:e000
[parse] 2025-12-19T13:48:33.353 state -> child
[parse] 2025-12-19T13:48:33.359 parent RLOC16 -> e000
[/dev/ttyACM0] ping parent fd72:e9dd:7d27:e872:0:ff:fe00:e000
[parse] 2025-12-19T13:48:34.426 state -> child
[parse] 2025-12-19T13:48:34.432 parent RLOC16 -> e000
[/dev/ttyACM0] ping parent fd72:e9dd:7d27:e872:0:ff:fe00:e000
[parse] 2025-12-19T13:48:35.523 state -> child
[parse] 2025-12-19T13:48:35.531 parent RLOC16 -> e000
[/dev/ttyACM0] ping parent fd72:e9dd:7d27:e872:0:ff:fe00:e000
[parse] 2025-12-19T13:48:36.398 state -> child
[parse] 2025-12-19T13:48:36.403 parent RLOC16 -> e000
[/dev/ttyACM0] ping parent fd72:e9dd:7d27:e872:0:ff:fe00:e000
[parse] 2025-12-19T13:48:37.426 state -> child
[parse] 2025-12-19T13:48:37.431 parent RLOC16 -> e000
[/dev/ttyACM0] ping parent fd72:e9dd:7d27:e872:0:ff:fe00:e000
[parse] 2025-12-19T13:48:38.392 state -> child
[parse] 2025-12-19T13:48:38.398 parent RLOC16 -> e000
[/dev/ttyACM0] ping parent fd72:e9dd:7d27:e872:0:ff:fe00:e000
[parse] 2025-12-19T13:48:39.358 state -> child
[parse] 2025-12-19T13:48:39.364 parent RLOC16 -> e000
[/dev/ttyACM0] ping parent fd72:e9dd:7d27:e872:0:ff:fe00:e000
[/dev/ttyACM0] ping parent fd72:e9dd:7d27:e872:0:ff:fe00:e000
[parse] 2025-12-19T13:48:41.716 state -> child
[parse] 2025-12-19T13:48:41.723 parent RLOC16 -> e000
[parse] 2025-12-19T13:48:41.776 state -> child
[parse] 2025-12-19T13:48:41.779 parent RLOC16 -> e000
[/dev/ttyACM0] ping parent fd72:e9dd:7d27:e872:0:ff:fe00:e000
[parse] 2025-12-19T13:48:42.438 state -> child
[parse] 2025-12-19T13:48:42.446 parent RLOC16 -> e000
[/dev/ttyACM0] ping parent fd72:e9dd:7d27:e872:0:ff:fe00:e000
[parse] 2025-12-19T13:48:43.421 state -> child
[parse] 2025-12-19T13:48:43.427 parent RLOC16 -> e000
[/dev/ttyACM0] ping parent fd72:e9dd:7d27:e872:0:ff:fe00:e000
[parse] 2025-12-19T13:48:44.354 state -> child
[parse] 2025-12-19T13:48:44.359 parent RLOC16 -> e000
[/dev/ttyACM0] ping parent fd72:e9dd:7d27:e872:0:ff:fe00:e000
[parse] 2025-12-19T13:48:45.420 state -> child
[parse] 2025-12-19T13:48:45.426 parent RLOC16 -> e000
[/dev/ttyACM0] ping parent fd72:e9dd:7d27:e872:0:ff:fe00:e000
[parse] 2025-12-19T13:48:46.384 state -> child
[parse] 2025-12-19T13:48:46.390 parent RLOC16 -> e000
[/dev/ttyACM0] ping parent fd72:e9dd:7d27:e872:0:ff:fe00:e000
[parse] 2025-12-19T13:48:47.373 state -> child
[parse] 2025-12-19T13:48:47.379 parent RLOC16 -> e000
[/dev/ttyACM0] ping parent fd72:e9dd:7d27:e872:0:ff:fe00:e000
[parse] 2025-12-19T13:48:48.338 state -> child
[parse] 2025-12-19T13:48:48.343 parent RLOC16 -> e000
[/dev/ttyACM0] ping parent fd72:e9dd:7d27:e872:0:ff:fe00:e000
[parse] 2025-12-19T13:48:49.418 state -> child
[parse] 2025-12-19T13:48:49.424 parent RLOC16 -> e000
[/dev/ttyACM0] ping parent fd72:e9dd:7d27:e872:0:ff:fe00:e000
[parse] 2025-12-19T13:48:50.397 state -> child
[parse] 2025-12-19T13:48:50.403 parent RLOC16 -> e000
[/dev/ttyACM0] ping parent fd72:e9dd:7d27:e872:0:ff:fe00:e000
[parse] 2025-12-19T13:48:51.865 state -> child
[parse] 2025-12-19T13:48:51.868 parent RLOC16 -> e000
[/dev/ttyACM0] ping parent fd72:e9dd:7d27:e872:0:ff:fe00:e000
[parse] 2025-12-19T13:48:52.427 state -> child
[parse] 2025-12-19T13:48:52.434 parent RLOC16 -> e000
[/dev/ttyACM0] ping parent fd72:e9dd:7d27:e872:0:ff:fe00:e000
[parse] 2025-12-19T13:48:53.396 state -> child
[parse] 2025-12-19T13:48:53.403 parent RLOC16 -> e000
[/dev/ttyACM0] ping parent fd72:e9dd:7d27:e872:0:ff:fe00:e000
[parse] 2025-12-19T13:48:54.348 state -> child
[parse] 2025-12-19T13:48:54.355 parent RLOC16 -> e000
[/dev/ttyACM0] ping parent fd72:e9dd:7d27:e872:0:ff:fe00:e000
[parse] 2025-12-19T13:48:55.416 state -> child
[parse] 2025-12-19T13:48:55.421 parent RLOC16 -> e000
[/dev/ttyACM0] ping parent fd72:e9dd:7d27:e872:0:ff:fe00:e000
[parse] 2025-12-19T13:48:57.741 state -> child
[parse] 2025-12-19T13:48:57.744 parent RLOC16 -> e000
[/dev/ttyACM0] ping parent fd72:e9dd:7d27:e872:0:ff:fe00:e000
[parse] 2025-12-19T13:48:58.341 state -> child
[parse] 2025-12-19T13:48:58.346 parent RLOC16 -> e000
[/dev/ttyACM0] ping parent fd72:e9dd:7d27:e872:0:ff:fe00:e000
[parse] 2025-12-19T13:48:59.417 state -> child
[parse] 2025-12-19T13:48:59.423 parent RLOC16 -> e000
[/dev/ttyACM0] ping parent fd72:e9dd:7d27:e872:0:ff:fe00:e000
[parse] 2025-12-19T13:49:00.384 state -> child
[parse] 2025-12-19T13:49:00.390 parent RLOC16 -> e000
[/dev/ttyACM0] ping parent fd72:e9dd:7d27:e872:0:ff:fe00:e000
[parse] 2025-12-19T13:49:01.734 state -> child
[parse] 2025-12-19T13:49:01.737 parent RLOC16 -> e000
[/dev/ttyACM0] ping parent fd72:e9dd:7d27:e872:0:ff:fe00:e000
[parse] 2025-12-19T13:49:02.396 state -> child
[parse] 2025-12-19T13:49:02.402 parent RLOC16 -> e000
[/dev/ttyACM0] ping parent fd72:e9dd:7d27:e872:0:ff:fe00:e000
[parse] 2025-12-19T13:49:03.361 state -> child
[parse] 2025-12-19T13:49:03.367 parent RLOC16 -> e000
[/dev/ttyACM0] ping parent fd72:e9dd:7d27:e872:0:ff:fe00:e000
[parse] 2025-12-19T13:49:04.429 state -> child
[parse] 2025-12-19T13:49:04.435 parent RLOC16 -> e000
[/dev/ttyACM0] ping parent fd72:e9dd:7d27:e872:0:ff:fe00:e000
[parse] 2025-12-19T13:49:05.350 state -> child
[parse] 2025-12-19T13:49:05.356 parent RLOC16 -> e000
[/dev/ttyACM0] ping parent fd72:e9dd:7d27:e872:0:ff:fe00:e000
[parse] 2025-12-19T13:49:06.338 state -> child
[parse] 2025-12-19T13:49:06.343 parent RLOC16 -> e000
[/dev/ttyACM0] ping parent fd72:e9dd:7d27:e872:0:ff:fe00:e000
[parse] 2025-12-19T13:49:07.403 state -> child
[parse] 2025-12-19T13:49:07.410 parent RLOC16 -> e000
[/dev/ttyACM0] ping parent fd72:e9dd:7d27:e872:0:ff:fe00:e000
[parse] 2025-12-19T13:49:08.372 state -> child
[parse] 2025-12-19T13:49:08.377 parent RLOC16 -> e000
[/dev/ttyACM0] ping parent fd72:e9dd:7d27:e872:0:ff:fe00:e000
[parse] 2025-12-19T13:49:09.343 state -> child
[parse] 2025-12-19T13:49:09.348 parent RLOC16 -> e000
[/dev/ttyACM0] ping parent fd72:e9dd:7d27:e872:0:ff:fe00:e000
[parse] 2025-12-19T13:49:10.408 state -> child
[parse] 2025-12-19T13:49:10.413 parent RLOC16 -> e000
[/dev/ttyACM0] ping parent fd72:e9dd:7d27:e872:0:ff:fe00:e000
[parse] 2025-12-19T13:49:11.386 state -> child
[parse] 2025-12-19T13:49:11.391 parent RLOC16 -> e000
[/dev/ttyACM0] ping parent fd72:e9dd:7d27:e872:0:ff:fe00:e000
[parse] 2025-12-19T13:49:12.353 state -> child
[parse] 2025-12-19T13:49:12.358 parent RLOC16 -> e000
[/dev/ttyACM0] ping parent fd72:e9dd:7d27:e872:0:ff:fe00:e000
[parse] 2025-12-19T13:49:13.419 state -> child
[parse] 2025-12-19T13:49:13.425 parent RLOC16 -> e000
[/dev/ttyACM0] ping parent fd72:e9dd:7d27:e872:0:ff:fe00:e000
[parse] 2025-12-19T13:49:14.387 state -> child
[parse] 2025-12-19T13:49:14.392 parent RLOC16 -> e000
[/dev/ttyACM0] ping parent fd72:e9dd:7d27:e872:0:ff:fe00:e000
[parse] 2025-12-19T13:49:15.353 state -> child
[parse] 2025-12-19T13:49:15.359 parent RLOC16 -> e000
[/dev/ttyACM0] ping parent fd72:e9dd:7d27:e872:0:ff:fe00:e000
[parse] 2025-12-19T13:49:16.419 state -> child
[parse] 2025-12-19T13:49:16.424 parent RLOC16 -> e000
[/dev/ttyACM0] ping parent fd72:e9dd:7d27:e872:0:ff:fe00:e000
[parse] 2025-12-19T13:49:17.388 state -> child
[parse] 2025-12-19T13:49:17.395 parent RLOC16 -> e000
[/dev/ttyACM0] ping parent fd72:e9dd:7d27:e872:0:ff:fe00:e000
[parse] 2025-12-19T13:49:18.354 state -> child
[parse] 2025-12-19T13:49:18.360 parent RLOC16 -> e000
[/dev/ttyACM0] ping parent fd72:e9dd:7d27:e872:0:ff:fe00:e000
[parse] 2025-12-19T13:49:19.420 state -> child
[parse] 2025-12-19T13:49:19.426 parent RLOC16 -> e000
[/dev/ttyACM0] ping parent fd72:e9dd:7d27:e872:0:ff:fe00:e000
[parse] 2025-12-19T13:49:21.330 state -> child
[/dev/ttyACM0] ping parent fd72:e9dd:7d27:e872:0:ff:fe00:e000
[parse] 2025-12-19T13:49:21.335 parent RLOC16 -> e000
[parse] 2025-12-19T13:49:21.399 state -> child
[parse] 2025-12-19T13:49:21.403 parent RLOC16 -> e000
[/dev/ttyACM0] ping parent fd72:e9dd:7d27:e872:0:ff:fe00:e000
[parse] 2025-12-19T13:49:22.431 state -> child
[parse] 2025-12-19T13:49:22.436 parent RLOC16 -> e000
[/dev/ttyACM0] ping parent fd72:e9dd:7d27:e872:0:ff:fe00:e000
[parse] 2025-12-19T13:49:23.348 state -> child
[parse] 2025-12-19T13:49:23.352 parent RLOC16 -> e000
[/dev/ttyACM0] ping parent fd72:e9dd:7d27:e872:0:ff:fe00:e000
[parse] 2025-12-19T13:49:24.358 state -> child
[parse] 2025-12-19T13:49:24.363 parent RLOC16 -> e000
[/dev/ttyACM0] ping parent fd72:e9dd:7d27:e872:0:ff:fe00:e000
[parse] 2025-12-19T13:49:25.352 state -> child
[parse] 2025-12-19T13:49:25.358 parent RLOC16 -> e000
[/dev/ttyACM0] ping parent fd72:e9dd:7d27:e872:0:ff:fe00:e000
[parse] 2025-12-19T13:49:26.365 state -> child
[parse] 2025-12-19T13:49:26.371 parent RLOC16 -> e000
[/dev/ttyACM0] ping parent fd72:e9dd:7d27:e872:0:ff:fe00:e000
[parse] 2025-12-19T13:49:27.377 state -> child
[parse] 2025-12-19T13:49:27.383 parent RLOC16 -> e000
[/dev/ttyACM0] ping parent fd72:e9dd:7d27:e872:0:ff:fe00:e000
[parse] 2025-12-19T13:49:28.343 state -> child
[parse] 2025-12-19T13:49:28.348 parent RLOC16 -> e000
[/dev/ttyACM0] ping parent fd72:e9dd:7d27:e872:0:ff:fe00:e000
[parse] 2025-12-19T13:49:29.423 state -> child
[parse] 2025-12-19T13:49:29.428 parent RLOC16 -> e000
[/dev/ttyACM0] ping parent fd72:e9dd:7d27:e872:0:ff:fe00:e000
[parse] 2025-12-19T13:49:30.397 state -> child
[parse] 2025-12-19T13:49:30.404 parent RLOC16 -> e000
[/dev/ttyACM0] ping parent fd72:e9dd:7d27:e872:0:ff:fe00:e000
[parse] 2025-12-19T13:49:31.388 state -> child
[parse] 2025-12-19T13:49:31.394 parent RLOC16 -> e000
[/dev/ttyACM0] ping parent fd72:e9dd:7d27:e872:0:ff:fe00:e000
[parse] 2025-12-19T13:49:32.388 state -> child
[parse] 2025-12-19T13:49:32.392 parent RLOC16 -> e000
[/dev/ttyACM0] ping parent fd72:e9dd:7d27:e872:0:ff:fe00:e000
[parse] 2025-12-19T13:49:33.376 state -> child
[parse] 2025-12-19T13:49:33.383 parent RLOC16 -> e000
[/dev/ttyACM0] ping parent fd72:e9dd:7d27:e872:0:ff:fe00:e000
[parse] 2025-12-19T13:49:34.342 state -> child
[parse] 2025-12-19T13:49:34.347 parent RLOC16 -> e000
[/dev/ttyACM0] ping parent fd72:e9dd:7d27:e872:0:ff:fe00:e000
[parse] 2025-12-19T13:49:35.410 state -> child
[parse] 2025-12-19T13:49:35.414 parent RLOC16 -> e000
[/dev/ttyACM0] ping parent fd72:e9dd:7d27:e872:0:ff:fe00:e000
[parse] 2025-12-19T13:49:36.377 state -> child
[parse] 2025-12-19T13:49:36.383 parent RLOC16 -> e000
[/dev/ttyACM0] ping parent fd72:e9dd:7d27:e872:0:ff:fe00:e000
[/dev/ttyACM0] ping parent fd72:e9dd:7d27:e872:0:ff:fe00:e000
[parse] 2025-12-19T13:49:41.787 state -> child
[parse] 2025-12-19T13:49:41.795 parent RLOC16 -> e000
[parse] 2025-12-19T13:49:41.861 state -> child
[parse] 2025-12-19T13:49:41.864 parent RLOC16 -> e000
[/dev/ttyACM0] ping parent fd72:e9dd:7d27:e872:0:ff:fe00:e000
[parse] 2025-12-19T13:49:42.423 state -> child
[parse] 2025-12-19T13:49:42.430 parent RLOC16 -> e000
[/dev/ttyACM0] ping parent fd72:e9dd:7d27:e872:0:ff:fe00:e000
[parse] 2025-12-19T13:49:43.389 state -> child
[parse] 2025-12-19T13:49:43.395 parent RLOC16 -> e000
[/dev/ttyACM0] ping parent fd72:e9dd:7d27:e872:0:ff:fe00:e000
[parse] 2025-12-19T13:49:44.355 state -> child
[parse] 2025-12-19T13:49:44.360 parent RLOC16 -> e000
[/dev/ttyACM0] ping parent fd72:e9dd:7d27:e872:0:ff:fe00:e000
[parse] 2025-12-19T13:49:45.426 state -> child
[parse] 2025-12-19T13:49:45.431 parent RLOC16 -> e000
[/dev/ttyACM0] ping parent fd72:e9dd:7d27:e872:0:ff:fe00:e000
[parse] 2025-12-19T13:49:46.420 state -> child
[parse] 2025-12-19T13:49:46.426 parent RLOC16 -> e000
[/dev/ttyACM0] ping parent fd72:e9dd:7d27:e872:0:ff:fe00:e000
[parse] 2025-12-19T13:49:47.398 state -> child
[parse] 2025-12-19T13:49:47.404 parent RLOC16 -> e000
[/dev/ttyACM0] ping parent fd72:e9dd:7d27:e872:0:ff:fe00:e000
[parse] 2025-12-19T13:49:48.395 state -> child
[parse] 2025-12-19T13:49:48.399 parent RLOC16 -> e000
[/dev/ttyACM0] ping parent fd72:e9dd:7d27:e872:0:ff:fe00:e000
[parse] 2025-12-19T13:49:49.358 state -> child
[parse] 2025-12-19T13:49:49.364 parent RLOC16 -> e000
[/dev/ttyACM0] ping parent fd72:e9dd:7d27:e872:0:ff:fe00:e000
[parse] 2025-12-19T13:49:50.426 state -> child
[parse] 2025-12-19T13:49:50.432 parent RLOC16 -> e000
[/dev/ttyACM0] ping parent fd72:e9dd:7d27:e872:0:ff:fe00:e000
[parse] 2025-12-19T13:49:51.394 state -> child
[parse] 2025-12-19T13:49:51.400 parent RLOC16 -> e000
[/dev/ttyACM0] ping parent fd72:e9dd:7d27:e872:0:ff:fe00:e000
[parse] 2025-12-19T13:49:52.376 state -> child
[parse] 2025-12-19T13:49:52.383 parent RLOC16 -> e000
[/dev/ttyACM0] ping parent fd72:e9dd:7d27:e872:0:ff:fe00:e000
[parse] 2025-12-19T13:49:53.342 state -> child
[parse] 2025-12-19T13:49:53.347 parent RLOC16 -> e000
[/dev/ttyACM0] ping parent fd72:e9dd:7d27:e872:0:ff:fe00:e000
[parse] 2025-12-19T13:49:54.406 state -> child
[parse] 2025-12-19T13:49:54.412 parent RLOC16 -> e000
[/dev/ttyACM0] ping parent fd72:e9dd:7d27:e872:0:ff:fe00:e000
[parse] 2025-12-19T13:49:55.358 state -> child
[parse] 2025-12-19T13:49:55.362 parent RLOC16 -> e000
[/dev/ttyACM0] ping parent fd72:e9dd:7d27:e872:0:ff:fe00:e000
[parse] 2025-12-19T13:49:56.386 state -> child
[parse] 2025-12-19T13:49:56.391 parent RLOC16 -> e000
[/dev/ttyACM0] ping parent fd72:e9dd:7d27:e872:0:ff:fe00:e000
[parse] 2025-12-19T13:49:57.352 state -> child
[parse] 2025-12-19T13:49:57.358 parent RLOC16 -> e000
[/dev/ttyACM0] ping parent fd72:e9dd:7d27:e872:0:ff:fe00:e000
[parse] 2025-12-19T13:49:58.436 state -> child
[parse] 2025-12-19T13:49:58.441 parent RLOC16 -> e000
[/dev/ttyACM0] ping parent fd72:e9dd:7d27:e872:0:ff:fe00:e000
[parse] 2025-12-19T13:49:59.403 state -> child
[parse] 2025-12-19T13:49:59.408 parent RLOC16 -> e000
[/dev/ttyACM0] ping parent fd72:e9dd:7d27:e872:0:ff:fe00:e000
[parse] 2025-12-19T13:50:00.384 state -> child
[parse] 2025-12-19T13:50:00.390 parent RLOC16 -> e000
[/dev/ttyACM0] ping parent fd72:e9dd:7d27:e872:0:ff:fe00:e000
[parse] 2025-12-19T13:50:01.370 state -> child
[parse] 2025-12-19T13:50:01.377 parent RLOC16 -> e000
[/dev/ttyACM0] ping parent fd72:e9dd:7d27:e872:0:ff:fe00:e000
[parse] 2025-12-19T13:50:02.345 state -> child
[/dev/ttyACM0] ping parent fd72:e9dd:7d27:e872:0:ff:fe00:e000
[parse] 2025-12-19T13:50:03.611 parent RLOC16 -> e000
[parse] 2025-12-19T13:50:03.687 state -> child
[parse] 2025-12-19T13:50:03.690 parent RLOC16 -> e000
[/dev/ttyACM0] ping parent fd72:e9dd:7d27:e872:0:ff:fe00:e000
[parse] 2025-12-19T13:50:04.349 state -> child
[parse] 2025-12-19T13:50:04.355 parent RLOC16 -> e000
[/dev/ttyACM0] ping parent fd72:e9dd:7d27:e872:0:ff:fe00:e000
[parse] 2025-12-19T13:50:05.426 state -> child
[parse] 2025-12-19T13:50:05.433 parent RLOC16 -> e000
[/dev/ttyACM0] ping parent fd72:e9dd:7d27:e872:0:ff:fe00:e000
[parse] 2025-12-19T13:50:06.393 state -> child
[parse] 2025-12-19T13:50:06.399 parent RLOC16 -> e000
[/dev/ttyACM0] ping parent fd72:e9dd:7d27:e872:0:ff:fe00:e000
[parse] 2025-12-19T13:50:07.411 state -> child
[parse] 2025-12-19T13:50:07.417 parent RLOC16 -> e000
[/dev/ttyACM0] ping parent fd72:e9dd:7d27:e872:0:ff:fe00:e000
[parse] 2025-12-19T13:50:08.381 state -> child
[parse] 2025-12-19T13:50:08.387 parent RLOC16 -> e000
[/dev/ttyACM0] ping parent fd72:e9dd:7d27:e872:0:ff:fe00:e000
[parse] 2025-12-19T13:50:09.345 state -> child
[parse] 2025-12-19T13:50:09.350 parent RLOC16 -> e000
[/dev/ttyACM0] ping parent fd72:e9dd:7d27:e872:0:ff:fe00:e000
[parse] 2025-12-19T13:50:10.437 state -> child
[parse] 2025-12-19T13:50:10.443 parent RLOC16 -> e000
[/dev/ttyACM0] ping parent fd72:e9dd:7d27:e872:0:ff:fe00:e000
[parse] 2025-12-19T13:50:11.425 state -> child
[parse] 2025-12-19T13:50:11.430 parent RLOC16 -> e000
[/dev/ttyACM0] ping parent fd72:e9dd:7d27:e872:0:ff:fe00:e000
[parse] 2025-12-19T13:50:12.390 state -> child
[parse] 2025-12-19T13:50:12.396 parent RLOC16 -> e000
[/dev/ttyACM0] ping parent fd72:e9dd:7d27:e872:0:ff:fe00:e000
[parse] 2025-12-19T13:50:13.357 state -> child
[parse] 2025-12-19T13:50:13.361 parent RLOC16 -> e000
[/dev/ttyACM0] ping parent fd72:e9dd:7d27:e872:0:ff:fe00:e000
[parse] 2025-12-19T13:50:14.439 state -> child
[parse] 2025-12-19T13:50:14.444 parent RLOC16 -> e000
[/dev/ttyACM0] ping parent fd72:e9dd:7d27:e872:0:ff:fe00:e000
[parse] 2025-12-19T13:50:15.403 state -> child
[parse] 2025-12-19T13:50:15.409 parent RLOC16 -> e000
[/dev/ttyACM0] ping parent fd72:e9dd:7d27:e872:0:ff:fe00:e000
[parse] 2025-12-19T13:50:16.378 state -> child
[parse] 2025-12-19T13:50:16.384 parent RLOC16 -> e000
[/dev/ttyACM0] ping parent fd72:e9dd:7d27:e872:0:ff:fe00:e000
[parse] 2025-12-19T13:50:17.362 state -> child
[parse] 2025-12-19T13:50:17.365 parent RLOC16 -> e000
[/dev/ttyACM0] ping parent fd72:e9dd:7d27:e872:0:ff:fe00:e000
[parse] 2025-12-19T13:50:18.409 state -> child
[parse] 2025-12-19T13:50:18.414 parent RLOC16 -> e000
[/dev/ttyACM0] ping parent fd72:e9dd:7d27:e872:0:ff:fe00:e000
[parse] 2025-12-19T13:50:19.405 state -> child
[parse] 2025-12-19T13:50:19.410 parent RLOC16 -> e000
[/dev/ttyACM0] ping parent fd72:e9dd:7d27:e872:0:ff:fe00:e000
[parse] 2025-12-19T13:50:20.370 state -> child
[parse] 2025-12-19T13:50:20.376 parent RLOC16 -> e000
[/dev/ttyACM0] ping parent fd72:e9dd:7d27:e872:0:ff:fe00:e000
[parse] 2025-12-19T13:50:21.436 state -> child
[parse] 2025-12-19T13:50:21.443 parent RLOC16 -> e000
[/dev/ttyACM0] ping parent fd72:e9dd:7d27:e872:0:ff:fe00:e000
[parse] 2025-12-19T13:50:22.403 state -> child
[parse] 2025-12-19T13:50:22.409 parent RLOC16 -> e000
[/dev/ttyACM0] ping parent fd72:e9dd:7d27:e872:0:ff:fe00:e000
[parse] 2025-12-19T13:50:23.369 state -> child
[parse] 2025-12-19T13:50:23.375 parent RLOC16 -> e000
[/dev/ttyACM0] ping parent fd72:e9dd:7d27:e872:0:ff:fe00:e000
[parse] 2025-12-19T13:50:24.340 state -> child
[parse] 2025-12-19T13:50:24.345 parent RLOC16 -> e000
[/dev/ttyACM0] ping parent fd72:e9dd:7d27:e872:0:ff:fe00:e000
[parse] 2025-12-19T13:50:25.414 state -> child
[parse] 2025-12-19T13:50:25.419 parent RLOC16 -> e000
[/dev/ttyACM0] ping parent fd72:e9dd:7d27:e872:0:ff:fe00:e000
[parse] 2025-12-19T13:50:26.379 state -> child
[parse] 2025-12-19T13:50:26.386 parent RLOC16 -> e000
[/dev/ttyACM0] ping parent fd72:e9dd:7d27:e872:0:ff:fe00:e000
[parse] 2025-12-19T13:50:27.345 state -> child
[parse] 2025-12-19T13:50:27.350 parent RLOC16 -> e000
[/dev/ttyACM0] ping parent fd72:e9dd:7d27:e872:0:ff:fe00:e000
[parse] 2025-12-19T13:50:28.670 state -> child
[parse] 2025-12-19T13:50:28.675 parent RLOC16 -> e000
[/dev/ttyACM0] ping parent fd72:e9dd:7d27:e872:0:ff:fe00:e000
[parse] 2025-12-19T13:50:29.435 state -> child
[parse] 2025-12-19T13:50:29.442 parent RLOC16 -> e000
[/dev/ttyACM0] ping parent fd72:e9dd:7d27:e872:0:ff:fe00:e000
[parse] 2025-12-19T13:50:30.419 state -> child
[parse] 2025-12-19T13:50:30.425 parent RLOC16 -> e000
[/dev/ttyACM0] ping parent fd72:e9dd:7d27:e872:0:ff:fe00:e000
[parse] 2025-12-19T13:50:31.384 state -> child
[parse] 2025-12-19T13:50:31.390 parent RLOC16 -> e000
[/dev/ttyACM0] ping parent fd72:e9dd:7d27:e872:0:ff:fe00:e000
[parse] 2025-12-19T13:50:32.349 state -> child
[parse] 2025-12-19T13:50:32.355 parent RLOC16 -> e000
[/dev/ttyACM0] ping parent fd72:e9dd:7d27:e872:0:ff:fe00:e000
[parse] 2025-12-19T13:50:33.363 state -> child
[parse] 2025-12-19T13:50:33.369 parent RLOC16 -> e000
[/dev/ttyACM0] ping parent fd72:e9dd:7d27:e872:0:ff:fe00:e000
[parse] 2025-12-19T13:50:34.438 state -> child
[parse] 2025-12-19T13:50:34.443 parent RLOC16 -> e000
[/dev/ttyACM0] ping parent fd72:e9dd:7d27:e872:0:ff:fe00:e000
[parse] 2025-12-19T13:50:35.418 state -> child
[parse] 2025-12-19T13:50:35.424 parent RLOC16 -> e000
[/dev/ttyACM0] ping parent fd72:e9dd:7d27:e872:0:ff:fe00:e000
[parse] 2025-12-19T13:50:36.385 state -> child
[parse] 2025-12-19T13:50:36.391 parent RLOC16 -> e000
[/dev/ttyACM0] ping parent fd72:e9dd:7d27:e872:0:ff:fe00:e000
[parse] 2025-12-19T13:50:37.374 state -> child
[parse] 2025-12-19T13:50:37.379 parent RLOC16 -> e000
[/dev/ttyACM0] ping parent fd72:e9dd:7d27:e872:0:ff:fe00:e000
[parse] 2025-12-19T13:50:38.386 state -> child
[parse] 2025-12-19T13:50:38.392 parent RLOC16 -> e000
[/dev/ttyACM0] ping parent fd72:e9dd:7d27:e872:0:ff:fe00:e000
[parse] 2025-12-19T13:50:39.350 state -> child
[parse] 2025-12-19T13:50:39.356 parent RLOC16 -> e000
[/dev/ttyACM0] ping parent fd72:e9dd:7d27:e872:0:ff:fe00:e000
[parse] 2025-12-19T13:50:40.429 state -> child
[parse] 2025-12-19T13:50:40.435 parent RLOC16 -> e000
[/dev/ttyACM0] ping parent fd72:e9dd:7d27:e872:0:ff:fe00:e000
[parse] 2025-12-19T13:50:41.416 state -> child
[parse] 2025-12-19T13:50:41.422 parent RLOC16 -> e000
[/dev/ttyACM0] ping parent fd72:e9dd:7d27:e872:0:ff:fe00:e000
[parse] 2025-12-19T13:50:42.563 state -> child
[parse] 2025-12-19T13:50:42.567 parent RLOC16 -> e000
[/dev/ttyACM0] ping parent fd72:e9dd:7d27:e872:0:ff:fe00:e000
[parse] 2025-12-19T13:50:43.410 state -> child
[parse] 2025-12-19T13:50:43.416 parent RLOC16 -> 7000
[/dev/ttyACM0] ping parent fd72:e9dd:7d27:e872:0:ff:fe00:7000
[parse] 2025-12-19T13:50:44.414 state -> child
[parse] 2025-12-19T13:50:44.419 parent RLOC16 -> 7000
[/dev/ttyACM0] ping parent fd72:e9dd:7d27:e872:0:ff:fe00:7000
[parse] 2025-12-19T13:50:45.409 state -> child
[parse] 2025-12-19T13:50:45.414 parent RLOC16 -> 7000
[/dev/ttyACM0] ping parent fd72:e9dd:7d27:e872:0:ff:fe00:7000
[parse] 2025-12-19T13:50:46.387 state -> child
[parse] 2025-12-19T13:50:46.392 parent RLOC16 -> 7000
[/dev/ttyACM0] ping parent fd72:e9dd:7d27:e872:0:ff:fe00:7000
[parse] 2025-12-19T13:50:47.353 state -> child
[parse] 2025-12-19T13:50:47.359 parent RLOC16 -> 7000
[/dev/ttyACM0] ping parent fd72:e9dd:7d27:e872:0:ff:fe00:7000
[/dev/ttyACM0] ping parent fd72:e9dd:7d27:e872:0:ff:fe00:7000
[parse] 2025-12-19T13:50:50.194 state -> child
[parse] 2025-12-19T13:50:50.200 parent RLOC16 -> 7000
[parse] 2025-12-19T13:50:50.266 state -> child
[parse] 2025-12-19T13:50:50.270 parent RLOC16 -> 7000
[/dev/ttyACM0] ping parent fd72:e9dd:7d27:e872:0:ff:fe00:7000
[parse] 2025-12-19T13:50:50.427 state -> child
[parse] 2025-12-19T13:50:50.433 parent RLOC16 -> 7000
[/dev/ttyACM0] ping parent fd72:e9dd:7d27:e872:0:ff:fe00:7000
[parse] 2025-12-19T13:50:51.407 state -> child
[parse] 2025-12-19T13:50:51.412 parent RLOC16 -> 7000
[/dev/ttyACM0] ping parent fd72:e9dd:7d27:e872:0:ff:fe00:7000
[parse] 2025-12-19T13:50:52.392 state -> child
[parse] 2025-12-19T13:50:52.397 parent RLOC16 -> 7000
[/dev/ttyACM0] ping parent fd72:e9dd:7d27:e872:0:ff:fe00:7000
[parse] 2025-12-19T13:50:53.367 state -> child
[parse] 2025-12-19T13:50:53.372 parent RLOC16 -> 7000
[/dev/ttyACM0] ping parent fd72:e9dd:7d27:e872:0:ff:fe00:7000
[parse] 2025-12-19T13:50:54.436 state -> child
[parse] 2025-12-19T13:50:54.441 parent RLOC16 -> 7000
[/dev/ttyACM0] ping parent fd72:e9dd:7d27:e872:0:ff:fe00:7000
[parse] 2025-12-19T13:50:55.407 state -> child
[parse] 2025-12-19T13:50:55.412 parent RLOC16 -> 7000
[/dev/ttyACM0] ping parent fd72:e9dd:7d27:e872:0:ff:fe00:7000
[parse] 2025-12-19T13:50:56.373 state -> child
[parse] 2025-12-19T13:50:56.378 parent RLOC16 -> 7000
[/dev/ttyACM0] ping parent fd72:e9dd:7d27:e872:0:ff:fe00:7000
[parse] 2025-12-19T13:50:57.345 state -> child
[parse] 2025-12-19T13:50:57.350 parent RLOC16 -> 7000
[/dev/ttyACM0] ping parent fd72:e9dd:7d27:e872:0:ff:fe00:7000
[/dev/ttyACM0] ping parent fd72:e9dd:7d27:e872:0:ff:fe00:7000
[parse] 2025-12-19T13:50:59.706 state -> child
[parse] 2025-12-19T13:50:59.717 parent RLOC16 -> 7000
[parse] 2025-12-19T13:50:59.790 state -> child
[parse] 2025-12-19T13:50:59.795 parent RLOC16 -> 7000
[/dev/ttyACM0] ping parent fd72:e9dd:7d27:e872:0:ff:fe00:7000
[parse] 2025-12-19T13:51:00.366 state -> child
[parse] 2025-12-19T13:51:00.372 parent RLOC16 -> 7000
[/dev/ttyACM0] ping parent fd72:e9dd:7d27:e872:0:ff:fe00:7000
[parse] 2025-12-19T13:51:01.437 state -> child
[parse] 2025-12-19T13:51:01.442 parent RLOC16 -> 7000
[/dev/ttyACM0] ping parent fd72:e9dd:7d27:e872:0:ff:fe00:7000
[parse] 2025-12-19T13:51:02.403 state -> child
[parse] 2025-12-19T13:51:02.410 parent RLOC16 -> 7000
[/dev/ttyACM0] ping parent fd72:e9dd:7d27:e872:0:ff:fe00:7000
[parse] 2025-12-19T13:51:03.398 state -> child
[parse] 2025-12-19T13:51:03.403 parent RLOC16 -> 7000
[/dev/ttyACM0] ping parent fd72:e9dd:7d27:e872:0:ff:fe00:7000
[parse] 2025-12-19T13:51:04.402 state -> child
[parse] 2025-12-19T13:51:04.407 parent RLOC16 -> 7000
[/dev/ttyACM0] ping parent fd72:e9dd:7d27:e872:0:ff:fe00:7000
[/dev/ttyACM0] ping parent fd72:e9dd:7d27:e872:0:ff:fe00:7000
[parse] 2025-12-19T13:51:07.236 state -> child
[parse] 2025-12-19T13:51:07.240 parent RLOC16 -> 7000
[parse] 2025-12-19T13:51:07.325 state -> child
[parse] 2025-12-19T13:51:07.328 parent RLOC16 -> 7000
[/dev/ttyACM0] ping parent fd72:e9dd:7d27:e872:0:ff:fe00:7000
[parse] 2025-12-19T13:51:07.586 state -> child
[parse] 2025-12-19T13:51:07.590 parent RLOC16 -> 7000
[/dev/ttyACM0] ping parent fd72:e9dd:7d27:e872:0:ff:fe00:7000
[parse] 2025-12-19T13:51:08.379 state -> child
[parse] 2025-12-19T13:51:08.385 parent RLOC16 -> 7000
[/dev/ttyACM0] ping parent fd72:e9dd:7d27:e872:0:ff:fe00:7000
[parse] 2025-12-19T13:51:09.395 state -> child
[parse] 2025-12-19T13:51:09.399 parent RLOC16 -> 7000
[/dev/ttyACM0] ping parent fd72:e9dd:7d27:e872:0:ff:fe00:7000
[parse] 2025-12-19T13:51:10.361 state -> child
[parse] 2025-12-19T13:51:10.366 parent RLOC16 -> 7000
[/dev/ttyACM0] ping parent fd72:e9dd:7d27:e872:0:ff:fe00:7000
[parse] 2025-12-19T13:51:11.427 state -> child
[parse] 2025-12-19T13:51:11.432 parent RLOC16 -> 7000
[/dev/ttyACM0] ping parent fd72:e9dd:7d27:e872:0:ff:fe00:7000
[parse] 2025-12-19T13:51:12.408 state -> child
[parse] 2025-12-19T13:51:12.415 parent RLOC16 -> 7000
[/dev/ttyACM0] ping parent fd72:e9dd:7d27:e872:0:ff:fe00:7000
[parse] 2025-12-19T13:51:13.375 state -> child
[parse] 2025-12-19T13:51:13.382 parent RLOC16 -> 7000
[/dev/ttyACM0] ping parent fd72:e9dd:7d27:e872:0:ff:fe00:7000
[parse] 2025-12-19T13:51:14.394 state -> child
[parse] 2025-12-19T13:51:14.399 parent RLOC16 -> 7000
[/dev/ttyACM0] ping parent fd72:e9dd:7d27:e872:0:ff:fe00:7000
[parse] 2025-12-19T13:51:15.360 state -> child
[parse] 2025-12-19T13:51:15.365 parent RLOC16 -> 7000
[/dev/ttyACM0] ping parent fd72:e9dd:7d27:e872:0:ff:fe00:7000
[parse] 2025-12-19T13:51:16.435 state -> child
[parse] 2025-12-19T13:51:16.441 parent RLOC16 -> 7000
[/dev/ttyACM0] ping parent fd72:e9dd:7d27:e872:0:ff:fe00:7000
[parse] 2025-12-19T13:51:17.418 state -> child
[parse] 2025-12-19T13:51:17.424 parent RLOC16 -> 7000
[/dev/ttyACM0] ping parent fd72:e9dd:7d27:e872:0:ff:fe00:7000
[parse] 2025-12-19T13:51:18.399 state -> child
[parse] 2025-12-19T13:51:18.405 parent RLOC16 -> 7000
[/dev/ttyACM0] ping parent fd72:e9dd:7d27:e872:0:ff:fe00:7000
[parse] 2025-12-19T13:51:19.430 state -> child
[parse] 2025-12-19T13:51:19.437 parent RLOC16 -> 7000
[/dev/ttyACM0] ping parent fd72:e9dd:7d27:e872:0:ff:fe00:7000
[parse] 2025-12-19T13:51:20.406 state -> child
[parse] 2025-12-19T13:51:20.412 parent RLOC16 -> 7000
[/dev/ttyACM0] ping parent fd72:e9dd:7d27:e872:0:ff:fe00:7000
[parse] 2025-12-19T13:51:21.375 state -> child
[parse] 2025-12-19T13:51:21.380 parent RLOC16 -> 7000
[/dev/ttyACM0] ping parent fd72:e9dd:7d27:e872:0:ff:fe00:7000
[parse] 2025-12-19T13:51:22.345 state -> child
[parse] 2025-12-19T13:51:22.370 parent RLOC16 -> 7000
[/dev/ttyACM0] ping parent fd72:e9dd:7d27:e872:0:ff:fe00:7000
[parse] 2025-12-19T13:51:23.430 state -> child
[parse] 2025-12-19T13:51:23.435 parent RLOC16 -> 7000
[/dev/ttyACM0] ping parent fd72:e9dd:7d27:e872:0:ff:fe00:7000
[parse] 2025-12-19T13:51:24.399 state -> child
[parse] 2025-12-19T13:51:24.405 parent RLOC16 -> 7000
[/dev/ttyACM0] ping parent fd72:e9dd:7d27:e872:0:ff:fe00:7000
[parse] 2025-12-19T13:51:25.379 state -> child
[parse] 2025-12-19T13:51:25.386 parent RLOC16 -> 7000
[/dev/ttyACM0] ping parent fd72:e9dd:7d27:e872:0:ff:fe00:7000
[parse] 2025-12-19T13:51:26.389 state -> child
[parse] 2025-12-19T13:51:26.395 parent RLOC16 -> 7000
[/dev/ttyACM0] ping parent fd72:e9dd:7d27:e872:0:ff:fe00:7000
[parse] 2025-12-19T13:51:27.365 state -> child
[parse] 2025-12-19T13:51:27.371 parent RLOC16 -> 7000
[/dev/ttyACM0] ping parent fd72:e9dd:7d27:e872:0:ff:fe00:7000
[parse] 2025-12-19T13:51:28.437 state -> child
[parse] 2025-12-19T13:51:28.443 parent RLOC16 -> 7000
[/dev/ttyACM0] ping parent fd72:e9dd:7d27:e872:0:ff:fe00:7000
[parse] 2025-12-19T13:51:29.403 state -> child
[parse] 2025-12-19T13:51:29.409 parent RLOC16 -> 7000
[/dev/ttyACM0] ping parent fd72:e9dd:7d27:e872:0:ff:fe00:7000
[parse] 2025-12-19T13:51:30.433 state -> child
[parse] 2025-12-19T13:51:30.438 parent RLOC16 -> 7000
[/dev/ttyACM0] ping parent fd72:e9dd:7d27:e872:0:ff:fe00:7000
[parse] 2025-12-19T13:51:31.396 state -> child
[parse] 2025-12-19T13:51:31.402 parent RLOC16 -> 7000
[/dev/ttyACM0] ping parent fd72:e9dd:7d27:e872:0:ff:fe00:7000
[parse] 2025-12-19T13:51:32.381 state -> child
[parse] 2025-12-19T13:51:32.386 parent RLOC16 -> 7000
[/dev/ttyACM0] ping parent fd72:e9dd:7d27:e872:0:ff:fe00:7000
[parse] 2025-12-19T13:51:33.345 state -> child
[parse] 2025-12-19T13:51:33.350 parent RLOC16 -> 7000
[/dev/ttyACM0] ping parent fd72:e9dd:7d27:e872:0:ff:fe00:7000
[parse] 2025-12-19T13:51:34.416 state -> child
[parse] 2025-12-19T13:51:34.422 parent RLOC16 -> 7000
[/dev/ttyACM0] ping parent fd72:e9dd:7d27:e872:0:ff:fe00:7000
[parse] 2025-12-19T13:51:35.397 state -> child
[parse] 2025-12-19T13:51:35.402 parent RLOC16 -> 7000
[/dev/ttyACM0] ping parent fd72:e9dd:7d27:e872:0:ff:fe00:7000
[parse] 2025-12-19T13:51:36.363 state -> child
[parse] 2025-12-19T13:51:36.369 parent RLOC16 -> 7000
[/dev/ttyACM0] ping parent fd72:e9dd:7d27:e872:0:ff:fe00:7000
[parse] 2025-12-19T13:51:37.430 state -> child
[parse] 2025-12-19T13:51:37.436 parent RLOC16 -> 7000
[/dev/ttyACM0] ping parent fd72:e9dd:7d27:e872:0:ff:fe00:7000
[parse] 2025-12-19T13:51:38.396 state -> child
[parse] 2025-12-19T13:51:38.401 parent RLOC16 -> 7000
[/dev/ttyACM0] ping parent fd72:e9dd:7d27:e872:0:ff:fe00:7000
[/dev/ttyACM0] ping parent fd72:e9dd:7d27:e872:0:ff:fe00:7000
[parse] 2025-12-19T13:51:41.259 state -> child
[parse] 2025-12-19T13:51:41.264 parent RLOC16 -> 7000
[parse] 2025-12-19T13:51:41.319 state -> child
[parse] 2025-12-19T13:51:41.322 parent RLOC16 -> 7000
[/dev/ttyACM0] ping parent fd72:e9dd:7d27:e872:0:ff:fe00:7000
[parse] 2025-12-19T13:51:41.399 state -> child
[parse] 2025-12-19T13:51:41.405 parent RLOC16 -> 7000
[/dev/ttyACM0] ping parent fd72:e9dd:7d27:e872:0:ff:fe00:7000
[parse] 2025-12-19T13:51:42.373 state -> child
[parse] 2025-12-19T13:51:42.378 parent RLOC16 -> 7000
[/dev/ttyACM0] ping parent fd72:e9dd:7d27:e872:0:ff:fe00:7000
[parse] 2025-12-19T13:51:43.344 state -> child
[parse] 2025-12-19T13:51:43.349 parent RLOC16 -> 7000
[/dev/ttyACM0] ping parent fd72:e9dd:7d27:e872:0:ff:fe00:7000
[parse] 2025-12-19T13:51:44.417 state -> child
[parse] 2025-12-19T13:51:44.422 parent RLOC16 -> 7000
[/dev/ttyACM0] ping parent fd72:e9dd:7d27:e872:0:ff:fe00:7000
[parse] 2025-12-19T13:51:45.399 state -> child
[parse] 2025-12-19T13:51:45.404 parent RLOC16 -> 7000
[/dev/ttyACM0] ping parent fd72:e9dd:7d27:e872:0:ff:fe00:7000
[parse] 2025-12-19T13:51:46.381 state -> child
[parse] 2025-12-19T13:51:46.388 parent RLOC16 -> 7000
[/dev/ttyACM0] ping parent fd72:e9dd:7d27:e872:0:ff:fe00:7000
[parse] 2025-12-19T13:51:47.362 state -> child
[parse] 2025-12-19T13:51:47.367 parent RLOC16 -> 7000
[/dev/ttyACM0] ping parent fd72:e9dd:7d27:e872:0:ff:fe00:7000
[parse] 2025-12-19T13:51:48.437 state -> child
[parse] 2025-12-19T13:51:48.443 parent RLOC16 -> 7000
[/dev/ttyACM0] ping parent fd72:e9dd:7d27:e872:0:ff:fe00:7000
[parse] 2025-12-19T13:51:49.407 state -> child
[parse] 2025-12-19T13:51:49.412 parent RLOC16 -> 7000
[/dev/ttyACM0] ping parent fd72:e9dd:7d27:e872:0:ff:fe00:7000
[parse] 2025-12-19T13:51:50.372 state -> child
[parse] 2025-12-19T13:51:50.377 parent RLOC16 -> 7000
[/dev/ttyACM0] ping parent fd72:e9dd:7d27:e872:0:ff:fe00:7000
[parse] 2025-12-19T13:51:51.438 state -> child
[parse] 2025-12-19T13:51:51.444 parent RLOC16 -> 7000
[/dev/ttyACM0] ping parent fd72:e9dd:7d27:e872:0:ff:fe00:7000
[parse] 2025-12-19T13:51:52.418 state -> child
[parse] 2025-12-19T13:51:52.424 parent RLOC16 -> 7000
[/dev/ttyACM0] ping parent fd72:e9dd:7d27:e872:0:ff:fe00:7000
[parse] 2025-12-19T13:51:53.391 state -> child
[parse] 2025-12-19T13:51:53.398 parent RLOC16 -> 7000
[/dev/ttyACM0] ping parent fd72:e9dd:7d27:e872:0:ff:fe00:7000
[/dev/ttyACM0] ping parent fd72:e9dd:7d27:e872:0:ff:fe00:7000
[parse] 2025-12-19T13:51:55.965 state -> child
[parse] 2025-12-19T13:51:55.969 parent RLOC16 -> 7000
[parse] 2025-12-19T13:51:56.082 state -> child
[parse] 2025-12-19T13:51:56.086 parent RLOC16 -> 7000
[/dev/ttyACM0] ping parent fd72:e9dd:7d27:e872:0:ff:fe00:7000
[parse] 2025-12-19T13:51:56.341 state -> child
[parse] 2025-12-19T13:51:56.346 parent RLOC16 -> 7000
[/dev/ttyACM0] ping parent fd72:e9dd:7d27:e872:0:ff:fe00:7000
[parse] 2025-12-19T13:51:57.409 state -> child
[parse] 2025-12-19T13:51:57.414 parent RLOC16 -> 7000
[/dev/ttyACM0] ping parent fd72:e9dd:7d27:e872:0:ff:fe00:7000
[parse] 2025-12-19T13:51:58.409 state -> child
[parse] 2025-12-19T13:51:58.414 parent RLOC16 -> 7000
[/dev/ttyACM0] ping parent fd72:e9dd:7d27:e872:0:ff:fe00:7000
[parse] 2025-12-19T13:51:59.375 state -> child
[parse] 2025-12-19T13:51:59.381 parent RLOC16 -> 7000
[/dev/ttyACM0] ping parent fd72:e9dd:7d27:e872:0:ff:fe00:7000
[parse] 2025-12-19T13:52:00.340 state -> child
[parse] 2025-12-19T13:52:00.345 parent RLOC16 -> 7000
[/dev/ttyACM0] ping parent fd72:e9dd:7d27:e872:0:ff:fe00:7000
[parse] 2025-12-19T13:52:01.404 state -> child
[parse] 2025-12-19T13:52:01.410 parent RLOC16 -> 7000
[/dev/ttyACM0] ping parent fd72:e9dd:7d27:e872:0:ff:fe00:7000
[parse] 2025-12-19T13:52:02.371 state -> child
[parse] 2025-12-19T13:52:02.378 parent RLOC16 -> 7000
[/dev/ttyACM0] ping parent fd72:e9dd:7d27:e872:0:ff:fe00:7000
[parse] 2025-12-19T13:52:03.439 state -> child
[parse] 2025-12-19T13:52:03.444 parent RLOC16 -> 7000
[/dev/ttyACM0] ping parent fd72:e9dd:7d27:e872:0:ff:fe00:7000
[parse] 2025-12-19T13:52:04.407 state -> child
[parse] 2025-12-19T13:52:04.412 parent RLOC16 -> 7000
[/dev/ttyACM0] ping parent fd72:e9dd:7d27:e872:0:ff:fe00:7000
[parse] 2025-12-19T13:52:05.372 state -> child
[parse] 2025-12-19T13:52:05.378 parent RLOC16 -> 7000
[/dev/ttyACM0] ping parent fd72:e9dd:7d27:e872:0:ff:fe00:7000
[parse] 2025-12-19T13:52:06.437 state -> child
[parse] 2025-12-19T13:52:06.443 parent RLOC16 -> 7000
[/dev/ttyACM0] ping parent fd72:e9dd:7d27:e872:0:ff:fe00:7000
[parse] 2025-12-19T13:52:07.405 state -> child
[parse] 2025-12-19T13:52:07.410 parent RLOC16 -> 7000
[/dev/ttyACM0] ping parent fd72:e9dd:7d27:e872:0:ff:fe00:7000
[parse] 2025-12-19T13:52:08.374 state -> child
[parse] 2025-12-19T13:52:08.377 parent RLOC16 -> 7000
[/dev/ttyACM0] ping parent fd72:e9dd:7d27:e872:0:ff:fe00:7000
[parse] 2025-12-19T13:52:09.361 state -> child
[parse] 2025-12-19T13:52:09.367 parent RLOC16 -> 7000
[/dev/ttyACM0] ping parent fd72:e9dd:7d27:e872:0:ff:fe00:7000
[/dev/ttyACM0] ping parent fd72:e9dd:7d27:e872:0:ff:fe00:7000
[parse] 2025-12-19T13:52:11.342 state -> child
[parse] 2025-12-19T13:52:11.346 parent RLOC16 -> 7000
[parse] 2025-12-19T13:52:11.399 state -> child
[parse] 2025-12-19T13:52:11.402 parent RLOC16 -> 7000
[/dev/ttyACM0] ping parent fd72:e9dd:7d27:e872:0:ff:fe00:7000
[parse] 2025-12-19T13:52:12.360 state -> child
[parse] 2025-12-19T13:52:12.366 parent RLOC16 -> 7000
[/dev/ttyACM0] ping parent fd72:e9dd:7d27:e872:0:ff:fe00:7000
[parse] 2025-12-19T13:52:13.341 state -> child
[parse] 2025-12-19T13:52:13.346 parent RLOC16 -> 7000
[/dev/ttyACM0] ping parent fd72:e9dd:7d27:e872:0:ff:fe00:7000
[parse] 2025-12-19T13:52:14.471 state -> child
[parse] 2025-12-19T13:52:14.476 parent RLOC16 -> 7000
[/dev/ttyACM0] ping parent fd72:e9dd:7d27:e872:0:ff:fe00:7000
[parse] 2025-12-19T13:52:15.439 state -> child
[parse] 2025-12-19T13:52:15.444 parent RLOC16 -> 7000
[/dev/ttyACM0] ping parent fd72:e9dd:7d27:e872:0:ff:fe00:7000
[parse] 2025-12-19T13:52:16.404 state -> child
[parse] 2025-12-19T13:52:16.410 parent RLOC16 -> 7000
[/dev/ttyACM0] ping parent fd72:e9dd:7d27:e872:0:ff:fe00:7000
[parse] 2025-12-19T13:52:17.349 state -> child
[parse] 2025-12-19T13:52:17.355 parent RLOC16 -> 7000
[/dev/ttyACM0] ping parent fd72:e9dd:7d27:e872:0:ff:fe00:7000
[parse] 2025-12-19T13:52:18.400 state -> child
[parse] 2025-12-19T13:52:18.406 parent RLOC16 -> 7000
[/dev/ttyACM0] ping parent fd72:e9dd:7d27:e872:0:ff:fe00:7000
[parse] 2025-12-19T13:52:19.366 state -> child
[parse] 2025-12-19T13:52:19.372 parent RLOC16 -> 7000
[/dev/ttyACM0] ping parent fd72:e9dd:7d27:e872:0:ff:fe00:7000
[parse] 2025-12-19T13:52:20.377 state -> child
[parse] 2025-12-19T13:52:20.383 parent RLOC16 -> 7000
[/dev/ttyACM0] ping parent fd72:e9dd:7d27:e872:0:ff:fe00:7000
[parse] 2025-12-19T13:52:21.345 state -> child
[parse] 2025-12-19T13:52:21.352 parent RLOC16 -> 7000
[/dev/ttyACM0] ping parent fd72:e9dd:7d27:e872:0:ff:fe00:7000
[parse] 2025-12-19T13:52:22.413 state -> child
[parse] 2025-12-19T13:52:22.418 parent RLOC16 -> 7000
[/dev/ttyACM0] ping parent fd72:e9dd:7d27:e872:0:ff:fe00:7000
[parse] 2025-12-19T13:52:23.380 state -> child
[parse] 2025-12-19T13:52:23.386 parent RLOC16 -> 7000
[/dev/ttyACM0] ping parent fd72:e9dd:7d27:e872:0:ff:fe00:7000
[parse] 2025-12-19T13:52:24.346 state -> child
[parse] 2025-12-19T13:52:24.351 parent RLOC16 -> 7000
[/dev/ttyACM0] ping parent fd72:e9dd:7d27:e872:0:ff:fe00:7000
[parse] 2025-12-19T13:52:25.416 state -> child
[parse] 2025-12-19T13:52:25.421 parent RLOC16 -> 7000
[/dev/ttyACM0] ping parent fd72:e9dd:7d27:e872:0:ff:fe00:7000
[parse] 2025-12-19T13:52:26.386 state -> child
[parse] 2025-12-19T13:52:26.393 parent RLOC16 -> 7000
[/dev/ttyACM0] ping parent fd72:e9dd:7d27:e872:0:ff:fe00:7000
[parse] 2025-12-19T13:52:27.353 state -> child
[parse] 2025-12-19T13:52:27.358 parent RLOC16 -> 7000
[/dev/ttyACM0] ping parent fd72:e9dd:7d27:e872:0:ff:fe00:7000
[parse] 2025-12-19T13:52:28.428 state -> child
[parse] 2025-12-19T13:52:28.434 parent RLOC16 -> 7000
[/dev/ttyACM0] ping parent fd72:e9dd:7d27:e872:0:ff:fe00:7000
[parse] 2025-12-19T13:52:29.409 state -> child
[parse] 2025-12-19T13:52:29.415 parent RLOC16 -> 7000
[/dev/ttyACM0] ping parent fd72:e9dd:7d27:e872:0:ff:fe00:7000
[parse] 2025-12-19T13:52:30.378 state -> child
[parse] 2025-12-19T13:52:30.383 parent RLOC16 -> 7000
[/dev/ttyACM0] ping parent fd72:e9dd:7d27:e872:0:ff:fe00:7000
[parse] 2025-12-19T13:52:31.344 state -> child
[parse] 2025-12-19T13:52:31.349 parent RLOC16 -> 7000
[/dev/ttyACM0] ping parent fd72:e9dd:7d27:e872:0:ff:fe00:7000
[parse] 2025-12-19T13:52:32.415 state -> child
[parse] 2025-12-19T13:52:32.420 parent RLOC16 -> 7000
[/dev/ttyACM0] ping parent fd72:e9dd:7d27:e872:0:ff:fe00:7000
[parse] 2025-12-19T13:52:33.378 state -> child
[parse] 2025-12-19T13:52:33.381 parent RLOC16 -> 7000
[/dev/ttyACM0] ping parent fd72:e9dd:7d27:e872:0:ff:fe00:7000
[parse] 2025-12-19T13:52:34.361 state -> child
[parse] 2025-12-19T13:52:34.365 parent RLOC16 -> 7000
[/dev/ttyACM0] ping parent fd72:e9dd:7d27:e872:0:ff:fe00:7000
[parse] 2025-12-19T13:52:35.431 state -> child
[parse] 2025-12-19T13:52:35.435 parent RLOC16 -> 7000
[/dev/ttyACM0] ping parent fd72:e9dd:7d27:e872:0:ff:fe00:7000
[parse] 2025-12-19T13:52:36.427 state -> child
[parse] 2025-12-19T13:52:36.430 parent RLOC16 -> 7000
[/dev/ttyACM0] ping parent fd72:e9dd:7d27:e872:0:ff:fe00:7000
[parse] 2025-12-19T13:52:37.390 state -> child
[parse] 2025-12-19T13:52:37.396 parent RLOC16 -> 7000
[/dev/ttyACM0] ping parent fd72:e9dd:7d27:e872:0:ff:fe00:7000
[parse] 2025-12-19T13:52:38.369 state -> child
[parse] 2025-12-19T13:52:38.375 parent RLOC16 -> 7000
[/dev/ttyACM0] ping parent fd72:e9dd:7d27:e872:0:ff:fe00:7000
[parse] 2025-12-19T13:52:39.425 state -> child
[parse] 2025-12-19T13:52:39.431 parent RLOC16 -> 7000
[/dev/ttyACM0] ping parent fd72:e9dd:7d27:e872:0:ff:fe00:7000
[parse] 2025-12-19T13:52:40.410 state -> child
[parse] 2025-12-19T13:52:40.414 parent RLOC16 -> 7000
[/dev/ttyACM0] ping parent fd72:e9dd:7d27:e872:0:ff:fe00:7000
[parse] 2025-12-19T13:52:41.388 state -> child
[parse] 2025-12-19T13:52:41.394 parent RLOC16 -> 7000
[/dev/ttyACM0] ping parent fd72:e9dd:7d27:e872:0:ff:fe00:7000
[parse] 2025-12-19T13:52:42.337 state -> child
[parse] 2025-12-19T13:52:42.341 parent RLOC16 -> 7000
[/dev/ttyACM0] ping parent fd72:e9dd:7d27:e872:0:ff:fe00:7000
[parse] 2025-12-19T13:52:43.406 state -> child
[parse] 2025-12-19T13:52:43.411 parent RLOC16 -> 7000
[/dev/ttyACM0] ping parent fd72:e9dd:7d27:e872:0:ff:fe00:7000
[parse] 2025-12-19T13:52:44.407 state -> child
[parse] 2025-12-19T13:52:44.412 parent RLOC16 -> 7000
[/dev/ttyACM0] ping parent fd72:e9dd:7d27:e872:0:ff:fe00:7000
[/dev/ttyACM0] ping parent fd72:e9dd:7d27:e872:0:ff:fe00:7000
[parse] 2025-12-19T13:52:48.510 state -> child
[parse] 2025-12-19T13:52:48.516 parent RLOC16 -> 7000
[parse] 2025-12-19T13:52:48.568 state -> child
[parse] 2025-12-19T13:52:48.572 parent RLOC16 -> 7000
[/dev/ttyACM0] ping parent fd72:e9dd:7d27:e872:0:ff:fe00:7000
[parse] 2025-12-19T13:52:49.432 state -> child
[parse] 2025-12-19T13:52:49.439 parent RLOC16 -> 7000
[/dev/ttyACM0] ping parent fd72:e9dd:7d27:e872:0:ff:fe00:7000
[parse] 2025-12-19T13:52:50.406 state -> child
[parse] 2025-12-19T13:52:50.411 parent RLOC16 -> 7000
[/dev/ttyACM0] ping parent fd72:e9dd:7d27:e872:0:ff:fe00:7000
[parse] 2025-12-19T13:52:51.375 state -> child
[parse] 2025-12-19T13:52:51.380 parent RLOC16 -> 7000
[/dev/ttyACM0] ping parent fd72:e9dd:7d27:e872:0:ff:fe00:7000
[parse] 2025-12-19T13:52:52.346 state -> child
[parse] 2025-12-19T13:52:52.351 parent RLOC16 -> 7000
[/dev/ttyACM0] ping parent fd72:e9dd:7d27:e872:0:ff:fe00:7000
[parse] 2025-12-19T13:52:53.415 state -> child
[parse] 2025-12-19T13:52:53.421 parent RLOC16 -> 7000
[/dev/ttyACM0] ping parent fd72:e9dd:7d27:e872:0:ff:fe00:7000
[parse] 2025-12-19T13:52:54.380 state -> child
[parse] 2025-12-19T13:52:54.386 parent RLOC16 -> 7000
[/dev/ttyACM0] ping parent fd72:e9dd:7d27:e872:0:ff:fe00:7000
[parse] 2025-12-19T13:52:55.358 state -> child
[parse] 2025-12-19T13:52:55.363 parent RLOC16 -> 7000
[/dev/ttyACM0] ping parent fd72:e9dd:7d27:e872:0:ff:fe00:7000
[parse] 2025-12-19T13:52:56.337 state -> child
[parse] 2025-12-19T13:52:56.341 parent RLOC16 -> 7000
[/dev/ttyACM0] ping parent fd72:e9dd:7d27:e872:0:ff:fe00:7000
[parse] 2025-12-19T13:52:57.418 state -> child
[parse] 2025-12-19T13:52:57.424 parent RLOC16 -> 7000
[/dev/ttyACM0] ping parent fd72:e9dd:7d27:e872:0:ff:fe00:7000
[parse] 2025-12-19T13:52:58.400 state -> child
[parse] 2025-12-19T13:52:58.406 parent RLOC16 -> 7000
[/dev/ttyACM0] ping parent fd72:e9dd:7d27:e872:0:ff:fe00:7000
[parse] 2025-12-19T13:52:59.401 state -> child
[parse] 2025-12-19T13:52:59.406 parent RLOC16 -> 7000
[/dev/ttyACM0] ping parent fd72:e9dd:7d27:e872:0:ff:fe00:7000
[parse] 2025-12-19T13:53:00.365 state -> child
[parse] 2025-12-19T13:53:00.371 parent RLOC16 -> 7000
[/dev/ttyACM0] ping parent fd72:e9dd:7d27:e872:0:ff:fe00:7000
[parse] 2025-12-19T13:53:01.349 state -> child
[parse] 2025-12-19T13:53:01.356 parent RLOC16 -> 7000
[/dev/ttyACM0] ping parent fd72:e9dd:7d27:e872:0:ff:fe00:7000
[parse] 2025-12-19T13:53:02.418 state -> child
[parse] 2025-12-19T13:53:02.424 parent RLOC16 -> 7000
[/dev/ttyACM0] ping parent fd72:e9dd:7d27:e872:0:ff:fe00:7000
[parse] 2025-12-19T13:53:03.409 state -> child
[parse] 2025-12-19T13:53:03.413 parent RLOC16 -> 7000
[/dev/ttyACM0] ping parent fd72:e9dd:7d27:e872:0:ff:fe00:7000
[parse] 2025-12-19T13:53:04.397 state -> child
[parse] 2025-12-19T13:53:04.402 parent RLOC16 -> 7000
[/dev/ttyACM0] ping parent fd72:e9dd:7d27:e872:0:ff:fe00:7000
[parse] 2025-12-19T13:53:05.365 state -> child
[parse] 2025-12-19T13:53:05.370 parent RLOC16 -> 7000
[/dev/ttyACM0] ping parent fd72:e9dd:7d27:e872:0:ff:fe00:7000
[parse] 2025-12-19T13:53:06.418 state -> child
[parse] 2025-12-19T13:53:06.424 parent RLOC16 -> 7000
[/dev/ttyACM0] ping parent fd72:e9dd:7d27:e872:0:ff:fe00:7000
[parse] 2025-12-19T13:53:07.409 state -> child
[parse] 2025-12-19T13:53:07.414 parent RLOC16 -> 7000
[/dev/ttyACM0] ping parent fd72:e9dd:7d27:e872:0:ff:fe00:7000
[parse] 2025-12-19T13:53:08.375 state -> child
[parse] 2025-12-19T13:53:08.382 parent RLOC16 -> 7000
[/dev/ttyACM0] ping parent fd72:e9dd:7d27:e872:0:ff:fe00:7000
[parse] 2025-12-19T13:53:09.425 state -> child
[parse] 2025-12-19T13:53:09.431 parent RLOC16 -> 7000
[/dev/ttyACM0] ping parent fd72:e9dd:7d27:e872:0:ff:fe00:7000
[parse] 2025-12-19T13:53:10.390 state -> child
[parse] 2025-12-19T13:53:10.396 parent RLOC16 -> 7000
[/dev/ttyACM0] ping parent fd72:e9dd:7d27:e872:0:ff:fe00:7000
[parse] 2025-12-19T13:53:11.356 state -> child
[parse] 2025-12-19T13:53:11.361 parent RLOC16 -> 7000
[/dev/ttyACM0] ping parent fd72:e9dd:7d27:e872:0:ff:fe00:7000
[parse] 2025-12-19T13:53:12.423 state -> child
[parse] 2025-12-19T13:53:12.428 parent RLOC16 -> 7000
[/dev/ttyACM0] ping parent fd72:e9dd:7d27:e872:0:ff:fe00:7000
[parse] 2025-12-19T13:53:13.397 state -> child
[parse] 2025-12-19T13:53:13.404 parent RLOC16 -> 7000
[/dev/ttyACM0] ping parent fd72:e9dd:7d27:e872:0:ff:fe00:7000
[parse] 2025-12-19T13:53:14.364 state -> child
[parse] 2025-12-19T13:53:14.370 parent RLOC16 -> 7000
[/dev/ttyACM0] ping parent fd72:e9dd:7d27:e872:0:ff:fe00:7000
[parse] 2025-12-19T13:53:15.376 state -> child
[parse] 2025-12-19T13:53:15.382 parent RLOC16 -> 7000
[/dev/ttyACM0] ping parent fd72:e9dd:7d27:e872:0:ff:fe00:7000
[parse] 2025-12-19T13:53:16.345 state -> child
[parse] 2025-12-19T13:53:16.351 parent RLOC16 -> 7000
[/dev/ttyACM0] ping parent fd72:e9dd:7d27:e872:0:ff:fe00:7000
[parse] 2025-12-19T13:53:17.415 state -> child
[parse] 2025-12-19T13:53:17.421 parent RLOC16 -> 7000
[/dev/ttyACM0] ping parent fd72:e9dd:7d27:e872:0:ff:fe00:7000
[parse] 2025-12-19T13:53:18.380 state -> child
[parse] 2025-12-19T13:53:18.386 parent RLOC16 -> 7000
[/dev/ttyACM0] ping parent fd72:e9dd:7d27:e872:0:ff:fe00:7000
[parse] 2025-12-19T13:53:19.346 state -> child
[parse] 2025-12-19T13:53:19.351 parent RLOC16 -> 7000
[/dev/ttyACM0] ping parent fd72:e9dd:7d27:e872:0:ff:fe00:7000
[parse] 2025-12-19T13:53:20.424 state -> child
[parse] 2025-12-19T13:53:20.430 parent RLOC16 -> 7000
[/dev/ttyACM0] ping parent fd72:e9dd:7d27:e872:0:ff:fe00:7000
[parse] 2025-12-19T13:53:21.398 state -> child
[parse] 2025-12-19T13:53:21.403 parent RLOC16 -> 7000
[/dev/ttyACM0] ping parent fd72:e9dd:7d27:e872:0:ff:fe00:7000
[parse] 2025-12-19T13:53:22.380 state -> child
[parse] 2025-12-19T13:53:22.387 parent RLOC16 -> 7000
[/dev/ttyACM0] ping parent fd72:e9dd:7d27:e872:0:ff:fe00:7000
[parse] 2025-12-19T13:53:23.345 state -> child
[parse] 2025-12-19T13:53:23.351 parent RLOC16 -> 7000
[/dev/ttyACM0] ping parent fd72:e9dd:7d27:e872:0:ff:fe00:7000
[parse] 2025-12-19T13:53:24.362 state -> child
[parse] 2025-12-19T13:53:24.368 parent RLOC16 -> 7000
[/dev/ttyACM0] ping parent fd72:e9dd:7d27:e872:0:ff:fe00:7000
[/dev/ttyACM0] ping parent fd72:e9dd:7d27:e872:0:ff:fe00:7000
[parse] 2025-12-19T13:53:26.472 state -> child
[parse] 2025-12-19T13:53:26.478 parent RLOC16 -> 7000
[parse] 2025-12-19T13:53:26.531 state -> child
[parse] 2025-12-19T13:53:26.535 parent RLOC16 -> 7000
[/dev/ttyACM0] ping parent fd72:e9dd:7d27:e872:0:ff:fe00:7000
[parse] 2025-12-19T13:53:27.360 state -> child
[parse] 2025-12-19T13:53:27.364 parent RLOC16 -> 7000
[/dev/ttyACM0] ping parent fd72:e9dd:7d27:e872:0:ff:fe00:7000
[parse] 2025-12-19T13:53:28.436 state -> child
[parse] 2025-12-19T13:53:28.442 parent RLOC16 -> 7000
[/dev/ttyACM0] ping parent fd72:e9dd:7d27:e872:0:ff:fe00:7000
[parse] 2025-12-19T13:53:29.401 state -> child
[parse] 2025-12-19T13:53:29.407 parent RLOC16 -> 7000
[/dev/ttyACM0] ping parent fd72:e9dd:7d27:e872:0:ff:fe00:7000
[parse] 2025-12-19T13:53:30.409 state -> child
[parse] 2025-12-19T13:53:30.416 parent RLOC16 -> 7000
[/dev/ttyACM0] ping parent fd72:e9dd:7d27:e872:0:ff:fe00:7000
[parse] 2025-12-19T13:53:31.390 state -> child
[parse] 2025-12-19T13:53:31.396 parent RLOC16 -> 7000
[/dev/ttyACM0] ping parent fd72:e9dd:7d27:e872:0:ff:fe00:7000
[parse] 2025-12-19T13:53:32.431 state -> child
[parse] 2025-12-19T13:53:32.436 parent RLOC16 -> 7000
[/dev/ttyACM0] ping parent fd72:e9dd:7d27:e872:0:ff:fe00:7000
[parse] 2025-12-19T13:53:33.395 state -> child
[parse] 2025-12-19T13:53:33.402 parent RLOC16 -> 7000
[/dev/ttyACM0] ping parent fd72:e9dd:7d27:e872:0:ff:fe00:7000
[parse] 2025-12-19T13:53:34.424 state -> child
[parse] 2025-12-19T13:53:34.429 parent RLOC16 -> 7000
[/dev/ttyACM0] ping parent fd72:e9dd:7d27:e872:0:ff:fe00:7000
[parse] 2025-12-19T13:53:35.389 state -> child
[parse] 2025-12-19T13:53:35.397 parent RLOC16 -> 7000
[/dev/ttyACM0] ping parent fd72:e9dd:7d27:e872:0:ff:fe00:7000
[parse] 2025-12-19T13:53:36.356 state -> child
[parse] 2025-12-19T13:53:36.361 parent RLOC16 -> 7000
[/dev/ttyACM0] ping parent fd72:e9dd:7d27:e872:0:ff:fe00:7000
[parse] 2025-12-19T13:53:37.337 state -> child
[parse] 2025-12-19T13:53:37.341 parent RLOC16 -> 7000
[/dev/ttyACM0] ping parent fd72:e9dd:7d27:e872:0:ff:fe00:7000
[parse] 2025-12-19T13:53:38.405 state -> child
[parse] 2025-12-19T13:53:38.411 parent RLOC16 -> 7000
[/dev/ttyACM0] ping parent fd72:e9dd:7d27:e872:0:ff:fe00:7000
[parse] 2025-12-19T13:53:39.373 state -> child
[parse] 2025-12-19T13:53:39.379 parent RLOC16 -> 7000
[/dev/ttyACM0] ping parent fd72:e9dd:7d27:e872:0:ff:fe00:7000
[parse] 2025-12-19T13:53:40.348 state -> child
[parse] 2025-12-19T13:53:40.354 parent RLOC16 -> 7000
[/dev/ttyACM0] ping parent fd72:e9dd:7d27:e872:0:ff:fe00:7000
[parse] 2025-12-19T13:53:41.361 state -> child
[parse] 2025-12-19T13:53:41.366 parent RLOC16 -> 7000
[/dev/ttyACM0] ping parent fd72:e9dd:7d27:e872:0:ff:fe00:7000
[parse] 2025-12-19T13:53:42.428 state -> child
[parse] 2025-12-19T13:53:42.435 parent RLOC16 -> 7000
[/dev/ttyACM0] ping parent fd72:e9dd:7d27:e872:0:ff:fe00:7000
[parse] 2025-12-19T13:53:43.411 state -> child
[parse] 2025-12-19T13:53:43.417 parent RLOC16 -> 7000
[/dev/ttyACM0] ping parent fd72:e9dd:7d27:e872:0:ff:fe00:7000
[parse] 2025-12-19T13:53:44.378 state -> child
[parse] 2025-12-19T13:53:44.384 parent RLOC16 -> 7000
[/dev/ttyACM0] ping parent fd72:e9dd:7d27:e872:0:ff:fe00:7000
[parse] 2025-12-19T13:53:45.343 state -> child
[parse] 2025-12-19T13:53:45.349 parent RLOC16 -> 7000
[/dev/ttyACM0] ping parent fd72:e9dd:7d27:e872:0:ff:fe00:7000
[parse] 2025-12-19T13:53:47.103 state -> child
[parse] 2025-12-19T13:53:47.107 parent RLOC16 -> 7000
[/dev/ttyACM0] ping parent fd72:e9dd:7d27:e872:0:ff:fe00:7000
[parse] 2025-12-19T13:53:47.364 state -> child
[parse] 2025-12-19T13:53:47.369 parent RLOC16 -> 7000
[/dev/ttyACM0] ping parent fd72:e9dd:7d27:e872:0:ff:fe00:7000
[parse] 2025-12-19T13:53:48.438 state -> child
[parse] 2025-12-19T13:53:48.443 parent RLOC16 -> 7000
[/dev/ttyACM0] ping parent fd72:e9dd:7d27:e872:0:ff:fe00:7000
[parse] 2025-12-19T13:53:49.394 state -> child
[parse] 2025-12-19T13:53:49.399 parent RLOC16 -> 7000
[/dev/ttyACM0] ping parent fd72:e9dd:7d27:e872:0:ff:fe00:7000
[parse] 2025-12-19T13:53:50.357 state -> child
[parse] 2025-12-19T13:53:50.362 parent RLOC16 -> 7000
[/dev/ttyACM0] ping parent fd72:e9dd:7d27:e872:0:ff:fe00:7000
[parse] 2025-12-19T13:53:51.338 state -> child
[parse] 2025-12-19T13:53:51.342 parent RLOC16 -> 7000
[/dev/ttyACM0] ping parent fd72:e9dd:7d27:e872:0:ff:fe00:7000
[parse] 2025-12-19T13:53:52.405 state -> child
[parse] 2025-12-19T13:53:52.411 parent RLOC16 -> 7000
[/dev/ttyACM0] ping parent fd72:e9dd:7d27:e872:0:ff:fe00:7000
[parse] 2025-12-19T13:53:53.350 state -> child
[parse] 2025-12-19T13:53:53.356 parent RLOC16 -> 7000
[/dev/ttyACM0] ping parent fd72:e9dd:7d27:e872:0:ff:fe00:7000
[parse] 2025-12-19T13:53:54.428 state -> child
[parse] 2025-12-19T13:53:54.434 parent RLOC16 -> 7000
[/dev/ttyACM0] ping parent fd72:e9dd:7d27:e872:0:ff:fe00:7000
[parse] 2025-12-19T13:53:55.444 state -> child
[parse] 2025-12-19T13:53:55.451 parent RLOC16 -> 7000
[/dev/ttyACM0] ping parent fd72:e9dd:7d27:e872:0:ff:fe00:7000
[parse] 2025-12-19T13:53:56.417 state -> child
[parse] 2025-12-19T13:53:56.423 parent RLOC16 -> 7000
[/dev/ttyACM0] ping parent fd72:e9dd:7d27:e872:0:ff:fe00:7000
[parse] 2025-12-19T13:53:57.364 state -> child
[parse] 2025-12-19T13:53:57.369 parent RLOC16 -> 7000
[/dev/ttyACM0] ping parent fd72:e9dd:7d27:e872:0:ff:fe00:7000
[parse] 2025-12-19T13:53:58.432 state -> child
[parse] 2025-12-19T13:53:58.437 parent RLOC16 -> 7000
[/dev/ttyACM0] ping parent fd72:e9dd:7d27:e872:0:ff:fe00:7000
[parse] 2025-12-19T13:53:59.396 state -> child
[parse] 2025-12-19T13:53:59.402 parent RLOC16 -> 7000
[/dev/ttyACM0] ping parent fd72:e9dd:7d27:e872:0:ff:fe00:7000
[parse] 2025-12-19T13:54:00.365 state -> child
[parse] 2025-12-19T13:54:00.371 parent RLOC16 -> 7000
[/dev/ttyACM0] ping parent fd72:e9dd:7d27:e872:0:ff:fe00:7000
[parse] 2025-12-19T13:54:02.046 state -> child
[parse] 2025-12-19T13:54:02.050 parent RLOC16 -> 7000
[/dev/ttyACM0] ping parent fd72:e9dd:7d27:e872:0:ff:fe00:7000
[parse] 2025-12-19T13:54:02.409 state -> child
[parse] 2025-12-19T13:54:02.414 parent RLOC16 -> 7000
[/dev/ttyACM0] ping parent fd72:e9dd:7d27:e872:0:ff:fe00:7000
[parse] 2025-12-19T13:54:03.390 state -> child
[parse] 2025-12-19T13:54:03.396 parent RLOC16 -> 7000
[/dev/ttyACM0] ping parent fd72:e9dd:7d27:e872:0:ff:fe00:7000
[parse] 2025-12-19T13:54:04.343 state -> child
[parse] 2025-12-19T13:54:04.347 parent RLOC16 -> 7000
[/dev/ttyACM0] ping parent fd72:e9dd:7d27:e872:0:ff:fe00:7000
[parse] 2025-12-19T13:54:05.415 state -> child
[parse] 2025-12-19T13:54:05.420 parent RLOC16 -> 7000
[/dev/ttyACM0] ping parent fd72:e9dd:7d27:e872:0:ff:fe00:7000
[parse] 2025-12-19T13:54:06.396 state -> child
[parse] 2025-12-19T13:54:06.402 parent RLOC16 -> 7000
[/dev/ttyACM0] ping parent fd72:e9dd:7d27:e872:0:ff:fe00:7000
[parse] 2025-12-19T13:54:07.361 state -> child
[parse] 2025-12-19T13:54:07.367 parent RLOC16 -> 7000
[/dev/ttyACM0] ping parent fd72:e9dd:7d27:e872:0:ff:fe00:7000
[parse] 2025-12-19T13:54:08.429 state -> child
[parse] 2025-12-19T13:54:08.436 parent RLOC16 -> 7000
[/dev/ttyACM0] ping parent fd72:e9dd:7d27:e872:0:ff:fe00:7000
[parse] 2025-12-19T13:54:09.411 state -> child
[parse] 2025-12-19T13:54:09.416 parent RLOC16 -> 7000
[/dev/ttyACM0] ping parent fd72:e9dd:7d27:e872:0:ff:fe00:7000
[parse] 2025-12-19T13:54:10.391 state -> child
[parse] 2025-12-19T13:54:10.398 parent RLOC16 -> 7000
[/dev/ttyACM0] ping parent fd72:e9dd:7d27:e872:0:ff:fe00:7000
[parse] 2025-12-19T13:54:11.365 state -> child
[parse] 2025-12-19T13:54:11.369 parent RLOC16 -> 7000
[/dev/ttyACM0] ping parent fd72:e9dd:7d27:e872:0:ff:fe00:7000
[parse] 2025-12-19T13:54:12.430 state -> child
[parse] 2025-12-19T13:54:12.437 parent RLOC16 -> 7000
[/dev/ttyACM0] ping parent fd72:e9dd:7d27:e872:0:ff:fe00:7000
[parse] 2025-12-19T13:54:13.388 state -> child
[parse] 2025-12-19T13:54:13.394 parent RLOC16 -> 7000
[/dev/ttyACM0] ping parent fd72:e9dd:7d27:e872:0:ff:fe00:7000
[parse] 2025-12-19T13:54:14.362 state -> child
[parse] 2025-12-19T13:54:14.368 parent RLOC16 -> 7000
[/dev/ttyACM0] ping parent fd72:e9dd:7d27:e872:0:ff:fe00:7000
[parse] 2025-12-19T13:54:15.359 state -> child
[parse] 2025-12-19T13:54:15.365 parent RLOC16 -> 7000
[/dev/ttyACM0] ping parent fd72:e9dd:7d27:e872:0:ff:fe00:7000
[parse] 2025-12-19T13:54:16.422 state -> child
[parse] 2025-12-19T13:54:16.426 parent RLOC16 -> 7000
[/dev/ttyACM0] ping parent fd72:e9dd:7d27:e872:0:ff:fe00:7000
[parse] 2025-12-19T13:54:17.406 state -> child
[parse] 2025-12-19T13:54:17.409 parent RLOC16 -> e000
[/dev/ttyACM0] ping parent fd72:e9dd:7d27:e872:0:ff:fe00:e000
[parse] 2025-12-19T13:54:18.385 state -> child
[parse] 2025-12-19T13:54:18.390 parent RLOC16 -> e000
[/dev/ttyACM0] ping parent fd72:e9dd:7d27:e872:0:ff:fe00:e000
[parse] 2025-12-19T13:54:19.354 state -> child
[parse] 2025-12-19T13:54:19.361 parent RLOC16 -> e000
[/dev/ttyACM0] ping parent fd72:e9dd:7d27:e872:0:ff:fe00:e000
[parse] 2025-12-19T13:54:20.439 state -> child
[parse] 2025-12-19T13:54:20.446 parent RLOC16 -> e000
[/dev/ttyACM0] ping parent fd72:e9dd:7d27:e872:0:ff:fe00:e000
[parse] 2025-12-19T13:54:21.407 state -> child
[parse] 2025-12-19T13:54:21.412 parent RLOC16 -> e000
[/dev/ttyACM0] ping parent fd72:e9dd:7d27:e872:0:ff:fe00:e000
[parse] 2025-12-19T13:54:22.384 state -> child
[parse] 2025-12-19T13:54:22.389 parent RLOC16 -> e000
[/dev/ttyACM0] ping parent fd72:e9dd:7d27:e872:0:ff:fe00:e000
[parse] 2025-12-19T13:54:23.348 state -> child
[parse] 2025-12-19T13:54:23.354 parent RLOC16 -> e000
[/dev/ttyACM0] ping parent fd72:e9dd:7d27:e872:0:ff:fe00:e000
[parse] 2025-12-19T13:54:24.415 state -> child
[parse] 2025-12-19T13:54:24.421 parent RLOC16 -> e000
[/dev/ttyACM0] ping parent fd72:e9dd:7d27:e872:0:ff:fe00:e000
[parse] 2025-12-19T13:54:25.403 state -> child
[parse] 2025-12-19T13:54:25.408 parent RLOC16 -> e000
[/dev/ttyACM0] ping parent fd72:e9dd:7d27:e872:0:ff:fe00:e000
[/dev/ttyACM0] ping parent fd72:e9dd:7d27:e872:0:ff:fe00:e000
[parse] 2025-12-19T13:54:28.480 state -> child
[parse] 2025-12-19T13:54:28.484 parent RLOC16 -> 7000
[parse] 2025-12-19T13:54:28.536 state -> child
[parse] 2025-12-19T13:54:28.539 parent RLOC16 -> 7000
[/dev/ttyACM0] ping parent fd72:e9dd:7d27:e872:0:ff:fe00:7000
[parse] 2025-12-19T13:54:29.399 state -> child
[parse] 2025-12-19T13:54:29.405 parent RLOC16 -> 7000
[/dev/ttyACM0] ping parent fd72:e9dd:7d27:e872:0:ff:fe00:7000
[parse] 2025-12-19T13:54:30.373 state -> child
[parse] 2025-12-19T13:54:30.379 parent RLOC16 -> 7000
[/dev/ttyACM0] ping parent fd72:e9dd:7d27:e872:0:ff:fe00:7000
[parse] 2025-12-19T13:54:31.377 state -> child
[parse] 2025-12-19T13:54:31.384 parent RLOC16 -> 7000
[/dev/ttyACM0] ping parent fd72:e9dd:7d27:e872:0:ff:fe00:7000
[parse] 2025-12-19T13:54:32.343 state -> child
[parse] 2025-12-19T13:54:32.349 parent RLOC16 -> 7000
[/dev/ttyACM0] ping parent fd72:e9dd:7d27:e872:0:ff:fe00:7000
[parse] 2025-12-19T13:54:33.409 state -> child
[parse] 2025-12-19T13:54:33.417 parent RLOC16 -> 7000
[/dev/ttyACM0] ping parent fd72:e9dd:7d27:e872:0:ff:fe00:7000
[parse] 2025-12-19T13:54:34.377 state -> child
[parse] 2025-12-19T13:54:34.383 parent RLOC16 -> 7000
[/dev/ttyACM0] ping parent fd72:e9dd:7d27:e872:0:ff:fe00:7000
[parse] 2025-12-19T13:54:35.341 state -> child
[parse] 2025-12-19T13:54:35.346 parent RLOC16 -> 7000
[/dev/ttyACM0] ping parent fd72:e9dd:7d27:e872:0:ff:fe00:7000
[parse] 2025-12-19T13:54:36.463 state -> child
[parse] 2025-12-19T13:54:36.470 parent RLOC16 -> 7000
[/dev/ttyACM0] ping parent fd72:e9dd:7d27:e872:0:ff:fe00:7000
[parse] 2025-12-19T13:54:37.437 state -> child
[parse] 2025-12-19T13:54:37.441 parent RLOC16 -> 7000
[/dev/ttyACM0] ping parent fd72:e9dd:7d27:e872:0:ff:fe00:7000
[parse] 2025-12-19T13:54:38.372 state -> child
[parse] 2025-12-19T13:54:38.376 parent RLOC16 -> 7000
[/dev/ttyACM0] ping parent fd72:e9dd:7d27:e872:0:ff:fe00:7000
[parse] 2025-12-19T13:54:39.340 state -> child
[parse] 2025-12-19T13:54:39.345 parent RLOC16 -> 7000
[/dev/ttyACM0] ping parent fd72:e9dd:7d27:e872:0:ff:fe00:7000
[parse] 2025-12-19T13:54:40.424 state -> child
[parse] 2025-12-19T13:54:40.431 parent RLOC16 -> 7000
[/dev/ttyACM0] ping parent fd72:e9dd:7d27:e872:0:ff:fe00:7000
[parse] 2025-12-19T13:54:41.392 state -> child
[parse] 2025-12-19T13:54:41.397 parent RLOC16 -> 7000
[/dev/ttyACM0] ping parent fd72:e9dd:7d27:e872:0:ff:fe00:7000
[parse] 2025-12-19T13:54:42.434 state -> child
[parse] 2025-12-19T13:54:42.437 parent RLOC16 -> 7000
[/dev/ttyACM0] ping parent fd72:e9dd:7d27:e872:0:ff:fe00:7000
[parse] 2025-12-19T13:54:43.351 state -> child
[parse] 2025-12-19T13:54:43.357 parent RLOC16 -> 7000
[/dev/ttyACM0] ping parent fd72:e9dd:7d27:e872:0:ff:fe00:7000
[parse] 2025-12-19T13:54:44.383 state -> child
[parse] 2025-12-19T13:54:44.393 parent RLOC16 -> 7000
[/dev/ttyACM0] ping parent fd72:e9dd:7d27:e872:0:ff:fe00:7000
[parse] 2025-12-19T13:54:45.427 state -> child
[parse] 2025-12-19T13:54:45.434 parent RLOC16 -> 7000
[/dev/ttyACM0] ping parent fd72:e9dd:7d27:e872:0:ff:fe00:7000
[parse] 2025-12-19T13:54:46.465 state -> child
[parse] 2025-12-19T13:54:46.474 parent RLOC16 -> 7000
[/dev/ttyACM0] ping parent fd72:e9dd:7d27:e872:0:ff:fe00:7000
[parse] 2025-12-19T13:54:47.436 state -> child
[parse] 2025-12-19T13:54:47.442 parent RLOC16 -> 7000
[/dev/ttyACM0] ping parent fd72:e9dd:7d27:e872:0:ff:fe00:7000
[parse] 2025-12-19T13:54:48.404 state -> child
[parse] 2025-12-19T13:54:48.411 parent RLOC16 -> 7000
[/dev/ttyACM0] ping parent fd72:e9dd:7d27:e872:0:ff:fe00:7000
[parse] 2025-12-19T13:54:49.372 state -> child
[parse] 2025-12-19T13:54:49.378 parent RLOC16 -> 7000
[/dev/ttyACM0] ping parent fd72:e9dd:7d27:e872:0:ff:fe00:7000
[parse] 2025-12-19T13:54:50.404 state -> child
[parse] 2025-12-19T13:54:50.407 parent RLOC16 -> e000
[/dev/ttyACM0] ping parent fd72:e9dd:7d27:e872:0:ff:fe00:e000
[parse] 2025-12-19T13:54:51.381 state -> child
[parse] 2025-12-19T13:54:51.387 parent RLOC16 -> e000
[/dev/ttyACM0] ping parent fd72:e9dd:7d27:e872:0:ff:fe00:e000
[parse] 2025-12-19T13:54:52.339 state -> child
[parse] 2025-12-19T13:54:52.344 parent RLOC16 -> e000
[/dev/ttyACM0] ping parent fd72:e9dd:7d27:e872:0:ff:fe00:e000
[parse] 2025-12-19T13:54:53.392 state -> child
[parse] 2025-12-19T13:54:53.398 parent RLOC16 -> e000
[/dev/ttyACM0] ping parent fd72:e9dd:7d27:e872:0:ff:fe00:e000
[parse] 2025-12-19T13:54:54.436 state -> child
[parse] 2025-12-19T13:54:54.443 parent RLOC16 -> 7000
[/dev/ttyACM0] ping parent fd72:e9dd:7d27:e872:0:ff:fe00:7000
[parse] 2025-12-19T13:54:55.352 state -> child
[parse] 2025-12-19T13:54:55.358 parent RLOC16 -> 7000
[/dev/ttyACM0] ping parent fd72:e9dd:7d27:e872:0:ff:fe00:7000
[parse] 2025-12-19T13:54:56.418 state -> child
[parse] 2025-12-19T13:54:56.468 parent RLOC16 -> 7000
[/dev/ttyACM0] ping parent fd72:e9dd:7d27:e872:0:ff:fe00:7000
[parse] 2025-12-19T13:54:57.433 state -> child
[parse] 2025-12-19T13:54:57.438 parent RLOC16 -> 7000
[/dev/ttyACM0] ping parent fd72:e9dd:7d27:e872:0:ff:fe00:7000
[parse] 2025-12-19T13:54:58.387 state -> child
[parse] 2025-12-19T13:54:58.394 parent RLOC16 -> 7000
[/dev/ttyACM0] ping parent fd72:e9dd:7d27:e872:0:ff:fe00:7000
[parse] 2025-12-19T13:54:59.415 state -> child
[parse] 2025-12-19T13:54:59.420 parent RLOC16 -> 7000
[/dev/ttyACM0] ping parent fd72:e9dd:7d27:e872:0:ff:fe00:7000
[parse] 2025-12-19T13:55:00.397 state -> child
[parse] 2025-12-19T13:55:00.403 parent RLOC16 -> 7000
[/dev/ttyACM0] ping parent fd72:e9dd:7d27:e872:0:ff:fe00:7000
[parse] 2025-12-19T13:55:01.352 state -> child
[parse] 2025-12-19T13:55:01.357 parent RLOC16 -> 7000
[/dev/ttyACM0] ping parent fd72:e9dd:7d27:e872:0:ff:fe00:7000
[parse] 2025-12-19T13:55:02.430 state -> child
[parse] 2025-12-19T13:55:02.435 parent RLOC16 -> 7000
[/dev/ttyACM0] ping parent fd72:e9dd:7d27:e872:0:ff:fe00:7000
[parse] 2025-12-19T13:55:03.409 state -> child
[parse] 2025-12-19T13:55:03.415 parent RLOC16 -> 7000
[/dev/ttyACM0] ping parent fd72:e9dd:7d27:e872:0:ff:fe00:7000
[parse] 2025-12-19T13:55:04.349 state -> child
[parse] 2025-12-19T13:55:04.353 parent RLOC16 -> 7000
[/dev/ttyACM0] ping parent fd72:e9dd:7d27:e872:0:ff:fe00:7000
[parse] 2025-12-19T13:55:05.434 state -> child
[parse] 2025-12-19T13:55:05.440 parent RLOC16 -> e000
[/dev/ttyACM0] ping parent fd72:e9dd:7d27:e872:0:ff:fe00:e000
[parse] 2025-12-19T13:55:06.431 state -> child
[parse] 2025-12-19T13:55:06.438 parent RLOC16 -> e000
[/dev/ttyACM0] ping parent fd72:e9dd:7d27:e872:0:ff:fe00:e000
[parse] 2025-12-19T13:55:07.409 state -> child
[parse] 2025-12-19T13:55:07.415 parent RLOC16 -> e000
[/dev/ttyACM0] ping parent fd72:e9dd:7d27:e872:0:ff:fe00:e000
[parse] 2025-12-19T13:55:08.381 state -> child
[parse] 2025-12-19T13:55:08.386 parent RLOC16 -> e000
[/dev/ttyACM0] ping parent fd72:e9dd:7d27:e872:0:ff:fe00:e000
[parse] 2025-12-19T13:55:09.356 state -> child
[parse] 2025-12-19T13:55:09.360 parent RLOC16 -> e000
[/dev/ttyACM0] ping parent fd72:e9dd:7d27:e872:0:ff:fe00:e000
[parse] 2025-12-19T13:55:10.339 state -> child
[parse] 2025-12-19T13:55:10.344 parent RLOC16 -> e000
[/dev/ttyACM0] ping parent fd72:e9dd:7d27:e872:0:ff:fe00:e000
[parse] 2025-12-19T13:55:11.421 state -> child
[parse] 2025-12-19T13:55:11.426 parent RLOC16 -> e000
[/dev/ttyACM0] ping parent fd72:e9dd:7d27:e872:0:ff:fe00:e000
[parse] 2025-12-19T13:55:12.397 state -> child
[parse] 2025-12-19T13:55:12.402 parent RLOC16 -> e000
[/dev/ttyACM0] ping parent fd72:e9dd:7d27:e872:0:ff:fe00:e000
[parse] 2025-12-19T13:55:13.361 state -> child
[parse] 2025-12-19T13:55:13.366 parent RLOC16 -> e000
[/dev/ttyACM0] ping parent fd72:e9dd:7d27:e872:0:ff:fe00:e000
[parse] 2025-12-19T13:55:14.429 state -> child
[parse] 2025-12-19T13:55:14.435 parent RLOC16 -> e000
[/dev/ttyACM0] ping parent fd72:e9dd:7d27:e872:0:ff:fe00:e000
[parse] 2025-12-19T13:55:15.395 state -> child
[parse] 2025-12-19T13:55:15.401 parent RLOC16 -> e000
[/dev/ttyACM0] ping parent fd72:e9dd:7d27:e872:0:ff:fe00:e000
[parse] 2025-12-19T13:55:16.360 state -> child
[parse] 2025-12-19T13:55:16.365 parent RLOC16 -> e000
[/dev/ttyACM0] ping parent fd72:e9dd:7d27:e872:0:ff:fe00:e000
[/dev/ttyACM0] ping parent fd72:e9dd:7d27:e872:0:ff:fe00:e000
[parse] 2025-12-19T13:55:19.516 state -> child
[parse] 2025-12-19T13:55:19.534 parent RLOC16 -> e000
[parse] 2025-12-19T13:55:19.730 state -> child
[parse] 2025-12-19T13:55:19.735 parent RLOC16 -> 7000
[/dev/ttyACM0] ping parent fd72:e9dd:7d27:e872:0:ff:fe00:7000
[parse] 2025-12-19T13:55:20.408 state -> child
[parse] 2025-12-19T13:55:20.413 parent RLOC16 -> 7000
[/dev/ttyACM0] ping parent fd72:e9dd:7d27:e872:0:ff:fe00:7000
[parse] 2025-12-19T13:55:21.373 state -> child
[parse] 2025-12-19T13:55:21.378 parent RLOC16 -> 7000
[/dev/ttyACM0] ping parent fd72:e9dd:7d27:e872:0:ff:fe00:7000
[parse] 2025-12-19T13:55:22.337 state -> child
[parse] 2025-12-19T13:55:22.340 parent RLOC16 -> 7000
[/dev/ttyACM0] ping parent fd72:e9dd:7d27:e872:0:ff:fe00:7000
[parse] 2025-12-19T13:55:24.826 state -> child
[parse] 2025-12-19T13:55:24.829 parent RLOC16 -> 7000
[/dev/ttyACM0] ping parent fd72:e9dd:7d27:e872:0:ff:fe00:7000
[parse] 2025-12-19T13:55:25.357 state -> child
[parse] 2025-12-19T13:55:25.363 parent RLOC16 -> 7000
[/dev/ttyACM0] ping parent fd72:e9dd:7d27:e872:0:ff:fe00:7000
[parse] 2025-12-19T13:55:26.424 state -> child
[parse] 2025-12-19T13:55:26.430 parent RLOC16 -> 7000
[/dev/ttyACM0] ping parent fd72:e9dd:7d27:e872:0:ff:fe00:7000
[parse] 2025-12-19T13:55:27.389 state -> child
[parse] 2025-12-19T13:55:27.395 parent RLOC16 -> 7000
[/dev/ttyACM0] ping parent fd72:e9dd:7d27:e872:0:ff:fe00:7000
[parse] 2025-12-19T13:55:29.788 state -> child
[parse] 2025-12-19T13:55:29.792 parent RLOC16 -> 7000
[/dev/ttyACM0] ping parent fd72:e9dd:7d27:e872:0:ff:fe00:7000
[parse] 2025-12-19T13:55:30.428 state -> child
[parse] 2025-12-19T13:55:30.432 parent RLOC16 -> 7000
[/dev/ttyACM0] ping parent fd72:e9dd:7d27:e872:0:ff:fe00:7000
[parse] 2025-12-19T13:55:31.439 state -> child
[parse] 2025-12-19T13:55:31.444 parent RLOC16 -> 7000
[/dev/ttyACM0] ping parent fd72:e9dd:7d27:e872:0:ff:fe00:7000
[parse] 2025-12-19T13:55:32.428 state -> child
[parse] 2025-12-19T13:55:32.432 parent RLOC16 -> 7000
[/dev/ttyACM0] ping parent fd72:e9dd:7d27:e872:0:ff:fe00:7000
[parse] 2025-12-19T13:55:33.390 state -> child
[parse] 2025-12-19T13:55:33.396 parent RLOC16 -> 7000
[/dev/ttyACM0] ping parent fd72:e9dd:7d27:e872:0:ff:fe00:7000
[parse] 2025-12-19T13:55:34.368 state -> child
[parse] 2025-12-19T13:55:34.373 parent RLOC16 -> 7000
[/dev/ttyACM0] ping parent fd72:e9dd:7d27:e872:0:ff:fe00:7000
[parse] 2025-12-19T13:55:35.435 state -> child
[parse] 2025-12-19T13:55:35.442 parent RLOC16 -> 7000
[/dev/ttyACM0] ping parent fd72:e9dd:7d27:e872:0:ff:fe00:7000
[parse] 2025-12-19T13:55:36.404 state -> child
[parse] 2025-12-19T13:55:36.407 parent RLOC16 -> 7000
[/dev/ttyACM0] ping parent fd72:e9dd:7d27:e872:0:ff:fe00:7000
[parse] 2025-12-19T13:55:37.379 state -> child
[parse] 2025-12-19T13:55:37.384 parent RLOC16 -> 7000
[/dev/ttyACM0] ping parent fd72:e9dd:7d27:e872:0:ff:fe00:7000
[parse] 2025-12-19T13:55:38.359 state -> child
[parse] 2025-12-19T13:55:38.364 parent RLOC16 -> 7000
[/dev/ttyACM0] ping parent fd72:e9dd:7d27:e872:0:ff:fe00:7000
[parse] 2025-12-19T13:55:39.431 state -> child
[parse] 2025-12-19T13:55:39.438 parent RLOC16 -> 7000
[/dev/ttyACM0] ping parent fd72:e9dd:7d27:e872:0:ff:fe00:7000
[parse] 2025-12-19T13:55:40.416 state -> child
[parse] 2025-12-19T13:55:40.422 parent RLOC16 -> 7000
[/dev/ttyACM0] ping parent fd72:e9dd:7d27:e872:0:ff:fe00:7000
[parse] 2025-12-19T13:55:41.389 state -> child
[parse] 2025-12-19T13:55:41.395 parent RLOC16 -> 7000
[/dev/ttyACM0] ping parent fd72:e9dd:7d27:e872:0:ff:fe00:7000
[parse] 2025-12-19T13:55:42.385 state -> child
[parse] 2025-12-19T13:55:42.390 parent RLOC16 -> 7000
[/dev/ttyACM0] ping parent fd72:e9dd:7d27:e872:0:ff:fe00:7000
[parse] 2025-12-19T13:55:43.403 state -> child
[parse] 2025-12-19T13:55:43.409 parent RLOC16 -> 7000
[/dev/ttyACM0] ping parent fd72:e9dd:7d27:e872:0:ff:fe00:7000
[parse] 2025-12-19T13:55:44.369 state -> child
[parse] 2025-12-19T13:55:44.375 parent RLOC16 -> 7000
[/dev/ttyACM0] ping parent fd72:e9dd:7d27:e872:0:ff:fe00:7000
[parse] 2025-12-19T13:55:45.364 state -> child
[parse] 2025-12-19T13:55:45.370 parent RLOC16 -> 7000
[/dev/ttyACM0] ping parent fd72:e9dd:7d27:e872:0:ff:fe00:7000
[parse] 2025-12-19T13:55:46.427 state -> child
[parse] 2025-12-19T13:55:46.432 parent RLOC16 -> 7000
[/dev/ttyACM0] ping parent fd72:e9dd:7d27:e872:0:ff:fe00:7000
[parse] 2025-12-19T13:55:47.383 state -> child
[parse] 2025-12-19T13:55:47.389 parent RLOC16 -> 7000
[/dev/ttyACM0] ping parent fd72:e9dd:7d27:e872:0:ff:fe00:7000
[parse] 2025-12-19T13:55:48.436 state -> child
[parse] 2025-12-19T13:55:48.442 parent RLOC16 -> 7000
[/dev/ttyACM0] ping parent fd72:e9dd:7d27:e872:0:ff:fe00:7000
[parse] 2025-12-19T13:55:49.404 state -> child
[parse] 2025-12-19T13:55:49.409 parent RLOC16 -> 7000
[/dev/ttyACM0] ping parent fd72:e9dd:7d27:e872:0:ff:fe00:7000
[parse] 2025-12-19T13:55:50.368 state -> child
[parse] 2025-12-19T13:55:50.374 parent RLOC16 -> 7000
[/dev/ttyACM0] ping parent fd72:e9dd:7d27:e872:0:ff:fe00:7000
[parse] 2025-12-19T13:55:51.350 state -> child
[parse] 2025-12-19T13:55:51.357 parent RLOC16 -> 7000
[/dev/ttyACM0] ping parent fd72:e9dd:7d27:e872:0:ff:fe00:7000
[parse] 2025-12-19T13:55:52.343 state -> child
[parse] 2025-12-19T13:55:52.349 parent RLOC16 -> 7000
[/dev/ttyACM0] ping parent fd72:e9dd:7d27:e872:0:ff:fe00:7000
[parse] 2025-12-19T13:55:53.404 state -> child
[parse] 2025-12-19T13:55:53.410 parent RLOC16 -> 7000
[/dev/ttyACM0] ping parent fd72:e9dd:7d27:e872:0:ff:fe00:7000
[parse] 2025-12-19T13:55:54.378 state -> child
[parse] 2025-12-19T13:55:54.385 parent RLOC16 -> 7000
[/dev/ttyACM0] ping parent fd72:e9dd:7d27:e872:0:ff:fe00:7000
[parse] 2025-12-19T13:55:55.359 state -> child
[parse] 2025-12-19T13:55:55.364 parent RLOC16 -> 7000
[/dev/ttyACM0] ping parent fd72:e9dd:7d27:e872:0:ff:fe00:7000
[parse] 2025-12-19T13:55:56.426 state -> child
[parse] 2025-12-19T13:55:56.431 parent RLOC16 -> 7000
[/dev/ttyACM0] ping parent fd72:e9dd:7d27:e872:0:ff:fe00:7000
[parse] 2025-12-19T13:55:57.393 state -> child
[parse] 2025-12-19T13:55:57.398 parent RLOC16 -> 7000
[/dev/ttyACM0] ping parent fd72:e9dd:7d27:e872:0:ff:fe00:7000
[parse] 2025-12-19T13:55:58.408 state -> child
[parse] 2025-12-19T13:55:58.413 parent RLOC16 -> 7000
[/dev/ttyACM0] ping parent fd72:e9dd:7d27:e872:0:ff:fe00:7000
[parse] 2025-12-19T13:55:59.372 state -> child
[parse] 2025-12-19T13:55:59.379 parent RLOC16 -> 7000
[/dev/ttyACM0] ping parent fd72:e9dd:7d27:e872:0:ff:fe00:7000
[parse] 2025-12-19T13:56:00.348 state -> child
[parse] 2025-12-19T13:56:00.354 parent RLOC16 -> 7000
[/dev/ttyACM0] ping parent fd72:e9dd:7d27:e872:0:ff:fe00:7000
[parse] 2025-12-19T13:56:01.415 state -> child
[parse] 2025-12-19T13:56:01.421 parent RLOC16 -> 7000
[/dev/ttyACM0] ping parent fd72:e9dd:7d27:e872:0:ff:fe00:7000
[parse] 2025-12-19T13:56:02.382 state -> child
[parse] 2025-12-19T13:56:02.390 parent RLOC16 -> 7000
[/dev/ttyACM0] ping parent fd72:e9dd:7d27:e872:0:ff:fe00:7000
[parse] 2025-12-19T13:56:03.398 state -> child
[parse] 2025-12-19T13:56:03.403 parent RLOC16 -> 7000
[/dev/ttyACM0] ping parent fd72:e9dd:7d27:e872:0:ff:fe00:7000
[parse] 2025-12-19T13:56:04.398 state -> child
[parse] 2025-12-19T13:56:04.405 parent RLOC16 -> 7000
[/dev/ttyACM0] ping parent fd72:e9dd:7d27:e872:0:ff:fe00:7000
[parse] 2025-12-19T13:56:05.382 state -> child
[parse] 2025-12-19T13:56:05.387 parent RLOC16 -> 7000
[/dev/ttyACM0] ping parent fd72:e9dd:7d27:e872:0:ff:fe00:7000
[parse] 2025-12-19T13:56:06.363 state -> child
[parse] 2025-12-19T13:56:06.368 parent RLOC16 -> 7000
[/dev/ttyACM0] ping parent fd72:e9dd:7d27:e872:0:ff:fe00:7000
[parse] 2025-12-19T13:56:07.430 state -> child
[parse] 2025-12-19T13:56:07.436 parent RLOC16 -> 7000
[/dev/ttyACM0] ping parent fd72:e9dd:7d27:e872:0:ff:fe00:7000
[parse] 2025-12-19T13:56:08.348 state -> child
[parse] 2025-12-19T13:56:08.354 parent RLOC16 -> 7000
[/dev/ttyACM0] ping parent fd72:e9dd:7d27:e872:0:ff:fe00:7000
[parse] 2025-12-19T13:56:09.414 state -> child
[parse] 2025-12-19T13:56:09.419 parent RLOC16 -> 7000
[/dev/ttyACM0] ping parent fd72:e9dd:7d27:e872:0:ff:fe00:7000
[parse] 2025-12-19T13:56:10.381 state -> child
[parse] 2025-12-19T13:56:10.387 parent RLOC16 -> 7000
[/dev/ttyACM0] ping parent fd72:e9dd:7d27:e872:0:ff:fe00:7000
[parse] 2025-12-19T13:56:11.364 state -> child
[parse] 2025-12-19T13:56:11.369 parent RLOC16 -> 7000
[/dev/ttyACM0] ping parent fd72:e9dd:7d27:e872:0:ff:fe00:7000
[parse] 2025-12-19T13:56:12.432 state -> child
[parse] 2025-12-19T13:56:12.437 parent RLOC16 -> 7000
[/dev/ttyACM0] ping parent fd72:e9dd:7d27:e872:0:ff:fe00:7000
[parse] 2025-12-19T13:56:13.360 state -> child
[parse] 2025-12-19T13:56:13.365 parent RLOC16 -> 7000
[/dev/ttyACM0] ping parent fd72:e9dd:7d27:e872:0:ff:fe00:7000
[parse] 2025-12-19T13:56:14.426 state -> child
[parse] 2025-12-19T13:56:14.433 parent RLOC16 -> 7000
[/dev/ttyACM0] ping parent fd72:e9dd:7d27:e872:0:ff:fe00:7000
[parse] 2025-12-19T13:56:15.419 state -> child
[parse] 2025-12-19T13:56:15.423 parent RLOC16 -> 7000
[/dev/ttyACM0] ping parent fd72:e9dd:7d27:e872:0:ff:fe00:7000
[parse] 2025-12-19T13:56:16.383 state -> child
[parse] 2025-12-19T13:56:16.390 parent RLOC16 -> 7000
[/dev/ttyACM0] ping parent fd72:e9dd:7d27:e872:0:ff:fe00:7000
[parse] 2025-12-19T13:56:17.349 state -> child
[parse] 2025-12-19T13:56:17.355 parent RLOC16 -> 7000
[/dev/ttyACM0] ping parent fd72:e9dd:7d27:e872:0:ff:fe00:7000
[parse] 2025-12-19T13:56:18.434 state -> child
[parse] 2025-12-19T13:56:18.439 parent RLOC16 -> 7000
[/dev/ttyACM0] ping parent fd72:e9dd:7d27:e872:0:ff:fe00:7000
[parse] 2025-12-19T13:56:19.420 state -> child
[parse] 2025-12-19T13:56:19.425 parent RLOC16 -> 7000
[/dev/ttyACM0] ping parent fd72:e9dd:7d27:e872:0:ff:fe00:7000
[parse] 2025-12-19T13:56:20.401 state -> child
[parse] 2025-12-19T13:56:20.406 parent RLOC16 -> 7000
[/dev/ttyACM0] ping parent fd72:e9dd:7d27:e872:0:ff:fe00:7000
[parse] 2025-12-19T13:56:21.381 state -> child
[parse] 2025-12-19T13:56:21.384 parent RLOC16 -> 7000
[/dev/ttyACM0] ping parent fd72:e9dd:7d27:e872:0:ff:fe00:7000
[parse] 2025-12-19T13:56:22.343 state -> child
[parse] 2025-12-19T13:56:22.348 parent RLOC16 -> 7000
[/dev/ttyACM0] ping parent fd72:e9dd:7d27:e872:0:ff:fe00:7000
[parse] 2025-12-19T13:56:23.419 state -> child
[parse] 2025-12-19T13:56:23.425 parent RLOC16 -> 7000
[/dev/ttyACM0] ping parent fd72:e9dd:7d27:e872:0:ff:fe00:7000
[parse] 2025-12-19T13:56:24.401 state -> child
[parse] 2025-12-19T13:56:24.407 parent RLOC16 -> 7000
[/dev/ttyACM0] ping parent fd72:e9dd:7d27:e872:0:ff:fe00:7000
[parse] 2025-12-19T13:56:25.365 state -> child
[parse] 2025-12-19T13:56:25.370 parent RLOC16 -> 7000
[/dev/ttyACM0] ping parent fd72:e9dd:7d27:e872:0:ff:fe00:7000
[parse] 2025-12-19T13:56:26.437 state -> child
[parse] 2025-12-19T13:56:26.442 parent RLOC16 -> 7000
[/dev/ttyACM0] ping parent fd72:e9dd:7d27:e872:0:ff:fe00:7000
[parse] 2025-12-19T13:56:27.403 state -> child
[parse] 2025-12-19T13:56:27.410 parent RLOC16 -> 7000
[/dev/ttyACM0] ping parent fd72:e9dd:7d27:e872:0:ff:fe00:7000
[parse] 2025-12-19T13:56:28.379 state -> child
[parse] 2025-12-19T13:56:28.385 parent RLOC16 -> 7000
[/dev/ttyACM0] ping parent fd72:e9dd:7d27:e872:0:ff:fe00:7000
[parse] 2025-12-19T13:56:29.367 state -> child
[parse] 2025-12-19T13:56:29.373 parent RLOC16 -> 7000
[/dev/ttyACM0] ping parent fd72:e9dd:7d27:e872:0:ff:fe00:7000
[parse] 2025-12-19T13:56:30.351 state -> child
[parse] 2025-12-19T13:56:30.357 parent RLOC16 -> 7000
[/dev/ttyACM0] ping parent fd72:e9dd:7d27:e872:0:ff:fe00:7000
[parse] 2025-12-19T13:56:31.437 state -> child
[parse] 2025-12-19T13:56:31.443 parent RLOC16 -> 7000
[/dev/ttyACM0] ping parent fd72:e9dd:7d27:e872:0:ff:fe00:7000
[parse] 2025-12-19T13:56:32.404 state -> child
[parse] 2025-12-19T13:56:32.409 parent RLOC16 -> 7000
[/dev/ttyACM0] ping parent fd72:e9dd:7d27:e872:0:ff:fe00:7000
[parse] 2025-12-19T13:56:33.419 state -> child
[parse] 2025-12-19T13:56:33.425 parent RLOC16 -> 7000
[/dev/ttyACM0] ping parent fd72:e9dd:7d27:e872:0:ff:fe00:7000
[parse] 2025-12-19T13:56:34.389 state -> child
[parse] 2025-12-19T13:56:34.395 parent RLOC16 -> 7000
[/dev/ttyACM0] ping parent fd72:e9dd:7d27:e872:0:ff:fe00:7000
[parse] 2025-12-19T13:56:35.370 state -> child
[parse] 2025-12-19T13:56:35.376 parent RLOC16 -> 7000
[/dev/ttyACM0] ping parent fd72:e9dd:7d27:e872:0:ff:fe00:7000
[parse] 2025-12-19T13:56:36.369 state -> child
[parse] 2025-12-19T13:56:36.375 parent RLOC16 -> 7000
[/dev/ttyACM0] ping parent fd72:e9dd:7d27:e872:0:ff:fe00:7000
[parse] 2025-12-19T13:56:37.416 state -> child
[parse] 2025-12-19T13:56:37.419 parent RLOC16 -> 7000
[/dev/ttyACM0] ping parent fd72:e9dd:7d27:e872:0:ff:fe00:7000
[parse] 2025-12-19T13:56:38.345 state -> child
[parse] 2025-12-19T13:56:38.350 parent RLOC16 -> 7000
[/dev/ttyACM0] ping parent fd72:e9dd:7d27:e872:0:ff:fe00:7000
[parse] 2025-12-19T13:56:39.358 state -> child
[parse] 2025-12-19T13:56:39.364 parent RLOC16 -> 7000
[/dev/ttyACM0] ping parent fd72:e9dd:7d27:e872:0:ff:fe00:7000
[parse] 2025-12-19T13:56:40.437 state -> child
[parse] 2025-12-19T13:56:40.442 parent RLOC16 -> 7000
[/dev/ttyACM0] ping parent fd72:e9dd:7d27:e872:0:ff:fe00:7000
[parse] 2025-12-19T13:56:41.403 state -> child
[parse] 2025-12-19T13:56:41.408 parent RLOC16 -> 7000
[/dev/ttyACM0] ping parent fd72:e9dd:7d27:e872:0:ff:fe00:7000
[parse] 2025-12-19T13:56:42.368 state -> child
[parse] 2025-12-19T13:56:42.373 parent RLOC16 -> 7000
[/dev/ttyACM0] ping parent fd72:e9dd:7d27:e872:0:ff:fe00:7000
[parse] 2025-12-19T13:56:43.337 state -> child
[parse] 2025-12-19T13:56:43.340 parent RLOC16 -> 7000
[/dev/ttyACM0] ping parent fd72:e9dd:7d27:e872:0:ff:fe00:7000
[parse] 2025-12-19T13:56:45.300 state -> child
[parse] 2025-12-19T13:56:45.304 parent RLOC16 -> 7000
[/dev/ttyACM0] ping parent fd72:e9dd:7d27:e872:0:ff:fe00:7000
[parse] 2025-12-19T13:56:45.357 state -> child
[parse] 2025-12-19T13:56:45.361 parent RLOC16 -> 7000
[/dev/ttyACM0] ping parent fd72:e9dd:7d27:e872:0:ff:fe00:7000
[parse] 2025-12-19T13:56:46.354 state -> child
[parse] 2025-12-19T13:56:46.359 parent RLOC16 -> 7000
[/dev/ttyACM0] ping parent fd72:e9dd:7d27:e872:0:ff:fe00:7000
[parse] 2025-12-19T13:56:47.349 state -> child
[parse] 2025-12-19T13:56:47.355 parent RLOC16 -> 7000
[/dev/ttyACM0] ping parent fd72:e9dd:7d27:e872:0:ff:fe00:7000
[parse] 2025-12-19T13:56:48.463 state -> child
[parse] 2025-12-19T13:56:48.469 parent RLOC16 -> 7000
[/dev/ttyACM0] ping parent fd72:e9dd:7d27:e872:0:ff:fe00:7000
[parse] 2025-12-19T13:56:49.431 state -> child
[parse] 2025-12-19T13:56:49.438 parent RLOC16 -> 7000
[/dev/ttyACM0] ping parent fd72:e9dd:7d27:e872:0:ff:fe00:7000
[parse] 2025-12-19T13:56:50.399 state -> child
[parse] 2025-12-19T13:56:50.405 parent RLOC16 -> 7000
[/dev/ttyACM0] ping parent fd72:e9dd:7d27:e872:0:ff:fe00:7000
[parse] 2025-12-19T13:56:51.382 state -> child
[parse] 2025-12-19T13:56:51.388 parent RLOC16 -> 7000
[/dev/ttyACM0] ping parent fd72:e9dd:7d27:e872:0:ff:fe00:7000
[parse] 2025-12-19T13:56:52.346 state -> child
[parse] 2025-12-19T13:56:52.351 parent RLOC16 -> 7000
[/dev/ttyACM0] ping parent fd72:e9dd:7d27:e872:0:ff:fe00:7000
[parse] 2025-12-19T13:56:53.458 state -> child
[parse] 2025-12-19T13:56:53.465 parent RLOC16 -> 7000
[/dev/ttyACM0] ping parent fd72:e9dd:7d27:e872:0:ff:fe00:7000
[parse] 2025-12-19T13:56:54.410 state -> child
[parse] 2025-12-19T13:56:54.428 parent RLOC16 -> e000
[/dev/ttyACM0] ping parent fd72:e9dd:7d27:e872:0:ff:fe00:e000
[parse] 2025-12-19T13:56:55.389 state -> child
[parse] 2025-12-19T13:56:55.394 parent RLOC16 -> e000
[/dev/ttyACM0] ping parent fd72:e9dd:7d27:e872:0:ff:fe00:e000
[parse] 2025-12-19T13:56:56.354 state -> child
[parse] 2025-12-19T13:56:56.361 parent RLOC16 -> e000
[/dev/ttyACM0] ping parent fd72:e9dd:7d27:e872:0:ff:fe00:e000
[parse] 2025-12-19T13:56:57.430 state -> child
[parse] 2025-12-19T13:56:57.434 parent RLOC16 -> e000
[/dev/ttyACM0] ping parent fd72:e9dd:7d27:e872:0:ff:fe00:e000
[parse] 2025-12-19T13:56:58.406 state -> child
[/dev/ttyACM0] ping parent fd72:e9dd:7d27:e872:0:ff:fe00:e000
[parse] 2025-12-19T13:56:59.538 parent RLOC16 -> e000
[parse] 2025-12-19T13:56:59.594 state -> child
[parse] 2025-12-19T13:56:59.598 parent RLOC16 -> e000
[/dev/ttyACM0] ping parent fd72:e9dd:7d27:e872:0:ff:fe00:e000
[parse] 2025-12-19T13:57:00.364 state -> child
[parse] 2025-12-19T13:57:00.369 parent RLOC16 -> e000
[/dev/ttyACM0] ping parent fd72:e9dd:7d27:e872:0:ff:fe00:e000
[parse] 2025-12-19T13:57:01.351 state -> child
[parse] 2025-12-19T13:57:01.354 parent RLOC16 -> e000
[/dev/ttyACM0] ping parent fd72:e9dd:7d27:e872:0:ff:fe00:e000
[parse] 2025-12-19T13:57:02.375 state -> child
[parse] 2025-12-19T13:57:02.382 parent RLOC16 -> 7000
[/dev/ttyACM0] ping parent fd72:e9dd:7d27:e872:0:ff:fe00:7000
[parse] 2025-12-19T13:57:03.362 state -> child
[parse] 2025-12-19T13:57:03.366 parent RLOC16 -> 7000
[/dev/ttyACM0] ping parent fd72:e9dd:7d27:e872:0:ff:fe00:7000
[parse] 2025-12-19T13:57:04.355 state -> child
[parse] 2025-12-19T13:57:04.359 parent RLOC16 -> 7000
[/dev/ttyACM0] ping parent fd72:e9dd:7d27:e872:0:ff:fe00:7000
[parse] 2025-12-19T13:57:05.417 state -> child
[parse] 2025-12-19T13:57:05.422 parent RLOC16 -> 7000
[/dev/ttyACM0] ping parent fd72:e9dd:7d27:e872:0:ff:fe00:7000
[parse] 2025-12-19T13:57:06.386 state -> child
[parse] 2025-12-19T13:57:06.392 parent RLOC16 -> 7000
[/dev/ttyACM0] ping parent fd72:e9dd:7d27:e872:0:ff:fe00:7000
[parse] 2025-12-19T13:57:07.385 state -> child
[parse] 2025-12-19T13:57:07.388 parent RLOC16 -> 7000
[/dev/ttyACM0] ping parent fd72:e9dd:7d27:e872:0:ff:fe00:7000
[parse] 2025-12-19T13:57:08.348 state -> child
[parse] 2025-12-19T13:57:08.354 parent RLOC16 -> 7000
[/dev/ttyACM0] ping parent fd72:e9dd:7d27:e872:0:ff:fe00:7000
[parse] 2025-12-19T13:57:09.415 state -> child
[parse] 2025-12-19T13:57:09.421 parent RLOC16 -> 7000
[/dev/ttyACM0] ping parent fd72:e9dd:7d27:e872:0:ff:fe00:7000
[parse] 2025-12-19T13:57:10.389 state -> child
[parse] 2025-12-19T13:57:10.394 parent RLOC16 -> 7000
[/dev/ttyACM0] ping parent fd72:e9dd:7d27:e872:0:ff:fe00:7000
[parse] 2025-12-19T13:57:11.366 state -> child
[parse] 2025-12-19T13:57:11.372 parent RLOC16 -> 7000
[/dev/ttyACM0] ping parent fd72:e9dd:7d27:e872:0:ff:fe00:7000
[parse] 2025-12-19T13:57:12.433 state -> child
[parse] 2025-12-19T13:57:12.439 parent RLOC16 -> 7000
[/dev/ttyACM0] ping parent fd72:e9dd:7d27:e872:0:ff:fe00:7000
[parse] 2025-12-19T13:57:13.430 state -> child
[parse] 2025-12-19T13:57:13.436 parent RLOC16 -> 7000
[/dev/ttyACM0] ping parent fd72:e9dd:7d27:e872:0:ff:fe00:7000
[parse] 2025-12-19T13:57:14.411 state -> child
[parse] 2025-12-19T13:57:14.418 parent RLOC16 -> 7000
[/dev/ttyACM0] ping parent fd72:e9dd:7d27:e872:0:ff:fe00:7000
[parse] 2025-12-19T13:57:15.364 state -> child
[parse] 2025-12-19T13:57:15.369 parent RLOC16 -> 7000
[/dev/ttyACM0] ping parent fd72:e9dd:7d27:e872:0:ff:fe00:7000
[parse] 2025-12-19T13:57:16.374 state -> child
[parse] 2025-12-19T13:57:16.379 parent RLOC16 -> e000
[/dev/ttyACM0] ping parent fd72:e9dd:7d27:e872:0:ff:fe00:e000
[parse] 2025-12-19T13:57:17.338 state -> child
[parse] 2025-12-19T13:57:17.343 parent RLOC16 -> e000
[/dev/ttyACM0] ping parent fd72:e9dd:7d27:e872:0:ff:fe00:e000
[parse] 2025-12-19T13:57:18.403 state -> child
[parse] 2025-12-19T13:57:18.408 parent RLOC16 -> e000
[/dev/ttyACM0] ping parent fd72:e9dd:7d27:e872:0:ff:fe00:e000
[parse] 2025-12-19T13:57:19.376 state -> child
[parse] 2025-12-19T13:57:19.381 parent RLOC16 -> e000
[/dev/ttyACM0] ping parent fd72:e9dd:7d27:e872:0:ff:fe00:e000
[parse] 2025-12-19T13:57:20.340 state -> child
[parse] 2025-12-19T13:57:20.346 parent RLOC16 -> e000
[/dev/ttyACM0] ping parent fd72:e9dd:7d27:e872:0:ff:fe00:e000
[parse] 2025-12-19T13:57:21.408 state -> child
[parse] 2025-12-19T13:57:21.413 parent RLOC16 -> e000
[/dev/ttyACM0] ping parent fd72:e9dd:7d27:e872:0:ff:fe00:e000
[parse] 2025-12-19T13:57:22.374 state -> child
[parse] 2025-12-19T13:57:22.377 parent RLOC16 -> e000
[/dev/ttyACM0] ping parent fd72:e9dd:7d27:e872:0:ff:fe00:e000
[parse] 2025-12-19T13:57:23.345 state -> child
[parse] 2025-12-19T13:57:23.351 parent RLOC16 -> e000
[/dev/ttyACM0] ping parent fd72:e9dd:7d27:e872:0:ff:fe00:e000
[parse] 2025-12-19T13:57:24.438 state -> child
[parse] 2025-12-19T13:57:24.443 parent RLOC16 -> e000
[/dev/ttyACM0] ping parent fd72:e9dd:7d27:e872:0:ff:fe00:e000
[parse] 2025-12-19T13:57:25.425 state -> child
[parse] 2025-12-19T13:57:25.431 parent RLOC16 -> e000
[/dev/ttyACM0] ping parent fd72:e9dd:7d27:e872:0:ff:fe00:e000
[parse] 2025-12-19T13:57:26.422 state -> child
[parse] 2025-12-19T13:57:26.428 parent RLOC16 -> e000
[/dev/ttyACM0] ping parent fd72:e9dd:7d27:e872:0:ff:fe00:e000
[parse] 2025-12-19T13:57:27.337 state -> child
[parse] 2025-12-19T13:57:27.342 parent RLOC16 -> e000
[/dev/ttyACM0] ping parent fd72:e9dd:7d27:e872:0:ff:fe00:e000
[parse] 2025-12-19T13:57:28.359 state -> child
[parse] 2025-12-19T13:57:28.365 parent RLOC16 -> e000
[/dev/ttyACM0] ping parent fd72:e9dd:7d27:e872:0:ff:fe00:e000
[parse] 2025-12-19T13:57:29.339 state -> child
[parse] 2025-12-19T13:57:29.343 parent RLOC16 -> e000
[/dev/ttyACM0] ping parent fd72:e9dd:7d27:e872:0:ff:fe00:e000
[/dev/ttyACM0] ping parent fd72:e9dd:7d27:e872:0:ff:fe00:e000
[parse] 2025-12-19T13:57:35.281 state -> child
[parse] 2025-12-19T13:57:35.287 parent RLOC16 -> e000
[/dev/ttyACM0] ping parent fd72:e9dd:7d27:e872:0:ff:fe00:e000
[parse] 2025-12-19T13:57:35.396 state -> child
[parse] 2025-12-19T13:57:35.402 parent RLOC16 -> e000
[parse] 2025-12-19T13:57:35.455 state -> child
[parse] 2025-12-19T13:57:35.458 parent RLOC16 -> e000
[/dev/ttyACM0] ping parent fd72:e9dd:7d27:e872:0:ff:fe00:e000
[parse] 2025-12-19T13:57:36.423 state -> child
[parse] 2025-12-19T13:57:36.429 parent RLOC16 -> e000
[/dev/ttyACM0] ping parent fd72:e9dd:7d27:e872:0:ff:fe00:e000
[parse] 2025-12-19T13:57:37.399 state -> child
[parse] 2025-12-19T13:57:37.402 parent RLOC16 -> e000
[/dev/ttyACM0] ping parent fd72:e9dd:7d27:e872:0:ff:fe00:e000
[parse] 2025-12-19T13:57:38.377 state -> child
[parse] 2025-12-19T13:57:38.383 parent RLOC16 -> e000
[/dev/ttyACM0] ping parent fd72:e9dd:7d27:e872:0:ff:fe00:e000
[parse] 2025-12-19T13:57:39.342 state -> child
[parse] 2025-12-19T13:57:39.348 parent RLOC16 -> e000
[/dev/ttyACM0] ping parent fd72:e9dd:7d27:e872:0:ff:fe00:e000
[parse] 2025-12-19T13:57:40.437 state -> child
[parse] 2025-12-19T13:57:40.443 parent RLOC16 -> e000
[/dev/ttyACM0] ping parent fd72:e9dd:7d27:e872:0:ff:fe00:e000
[parse] 2025-12-19T13:57:41.405 state -> child
[parse] 2025-12-19T13:57:41.411 parent RLOC16 -> e000
[/dev/ttyACM0] ping parent fd72:e9dd:7d27:e872:0:ff:fe00:e000
[parse] 2025-12-19T13:57:42.370 state -> child
[parse] 2025-12-19T13:57:42.375 parent RLOC16 -> e000
[/dev/ttyACM0] ping parent fd72:e9dd:7d27:e872:0:ff:fe00:e000
[parse] 2025-12-19T13:57:43.437 state -> child
[parse] 2025-12-19T13:57:43.442 parent RLOC16 -> e000
[/dev/ttyACM0] ping parent fd72:e9dd:7d27:e872:0:ff:fe00:e000
[parse] 2025-12-19T13:57:44.404 state -> child
[parse] 2025-12-19T13:57:44.410 parent RLOC16 -> e000
[/dev/ttyACM0] ping parent fd72:e9dd:7d27:e872:0:ff:fe00:e000
[parse] 2025-12-19T13:57:45.396 state -> child
[parse] 2025-12-19T13:57:45.402 parent RLOC16 -> e000
[/dev/ttyACM0] ping parent fd72:e9dd:7d27:e872:0:ff:fe00:e000
[parse] 2025-12-19T13:57:46.368 state -> child
[parse] 2025-12-19T13:57:46.373 parent RLOC16 -> e000
[/dev/ttyACM0] ping parent fd72:e9dd:7d27:e872:0:ff:fe00:e000
[parse] 2025-12-19T13:57:47.437 state -> child
[parse] 2025-12-19T13:57:47.444 parent RLOC16 -> e000
[/dev/ttyACM0] ping parent fd72:e9dd:7d27:e872:0:ff:fe00:e000
[parse] 2025-12-19T13:57:48.355 state -> child
[parse] 2025-12-19T13:57:48.363 parent RLOC16 -> e000
[/dev/ttyACM0] ping parent fd72:e9dd:7d27:e872:0:ff:fe00:e000
[parse] 2025-12-19T13:57:49.427 state -> child
[parse] 2025-12-19T13:57:49.431 parent RLOC16 -> e000
[/dev/ttyACM0] ping parent fd72:e9dd:7d27:e872:0:ff:fe00:e000
[parse] 2025-12-19T13:57:50.384 state -> child
[parse] 2025-12-19T13:57:50.389 parent RLOC16 -> e000
[/dev/ttyACM0] ping parent fd72:e9dd:7d27:e872:0:ff:fe00:e000
[parse] 2025-12-19T13:57:51.349 state -> child
[parse] 2025-12-19T13:57:51.355 parent RLOC16 -> e000
[/dev/ttyACM0] ping parent fd72:e9dd:7d27:e872:0:ff:fe00:e000
[parse] 2025-12-19T13:57:52.416 state -> child
[parse] 2025-12-19T13:57:52.421 parent RLOC16 -> e000
[/dev/ttyACM0] ping parent fd72:e9dd:7d27:e872:0:ff:fe00:e000
[parse] 2025-12-19T13:57:53.382 state -> child
[parse] 2025-12-19T13:57:53.388 parent RLOC16 -> e000
[/dev/ttyACM0] ping parent fd72:e9dd:7d27:e872:0:ff:fe00:e000
[parse] 2025-12-19T13:57:54.376 state -> child
[parse] 2025-12-19T13:57:54.383 parent RLOC16 -> e000
[/dev/ttyACM0] ping parent fd72:e9dd:7d27:e872:0:ff:fe00:e000
[parse] 2025-12-19T13:57:55.407 state -> child
[parse] 2025-12-19T13:57:55.413 parent RLOC16 -> e000
[/dev/ttyACM0] ping parent fd72:e9dd:7d27:e872:0:ff:fe00:e000
[parse] 2025-12-19T13:57:56.373 state -> child
[parse] 2025-12-19T13:57:56.378 parent RLOC16 -> e000
[/dev/ttyACM0] ping parent fd72:e9dd:7d27:e872:0:ff:fe00:e000
[parse] 2025-12-19T13:57:57.337 state -> child
[parse] 2025-12-19T13:57:57.341 parent RLOC16 -> e000
[/dev/ttyACM0] ping parent fd72:e9dd:7d27:e872:0:ff:fe00:e000
[parse] 2025-12-19T13:57:58.392 state -> child
[parse] 2025-12-19T13:57:58.397 parent RLOC16 -> e000
[/dev/ttyACM0] ping parent fd72:e9dd:7d27:e872:0:ff:fe00:e000
[parse] 2025-12-19T13:57:59.357 state -> child
[parse] 2025-12-19T13:57:59.363 parent RLOC16 -> e000
[/dev/ttyACM0] ping parent fd72:e9dd:7d27:e872:0:ff:fe00:e000
[parse] 2025-12-19T13:58:00.422 state -> child
[parse] 2025-12-19T13:58:00.428 parent RLOC16 -> e000
[/dev/ttyACM0] ping parent fd72:e9dd:7d27:e872:0:ff:fe00:e000
[parse] 2025-12-19T13:58:01.389 state -> child
[parse] 2025-12-19T13:58:01.394 parent RLOC16 -> e000
[/dev/ttyACM0] ping parent fd72:e9dd:7d27:e872:0:ff:fe00:e000
[parse] 2025-12-19T13:58:02.356 state -> child
[parse] 2025-12-19T13:58:02.362 parent RLOC16 -> e000
[/dev/ttyACM0] ping parent fd72:e9dd:7d27:e872:0:ff:fe00:e000
[parse] 2025-12-19T13:58:03.422 state -> child
[parse] 2025-12-19T13:58:03.427 parent RLOC16 -> e000
[/dev/ttyACM0] ping parent fd72:e9dd:7d27:e872:0:ff:fe00:e000
[parse] 2025-12-19T13:58:04.388 state -> child
[parse] 2025-12-19T13:58:04.393 parent RLOC16 -> e000
[/dev/ttyACM0] ping parent fd72:e9dd:7d27:e872:0:ff:fe00:e000
[parse] 2025-12-19T13:58:05.352 state -> child
[parse] 2025-12-19T13:58:05.360 parent RLOC16 -> e000
[/dev/ttyACM0] ping parent fd72:e9dd:7d27:e872:0:ff:fe00:e000
[parse] 2025-12-19T13:58:06.376 state -> child
[parse] 2025-12-19T13:58:06.381 parent RLOC16 -> e000
[/dev/ttyACM0] ping parent fd72:e9dd:7d27:e872:0:ff:fe00:e000
[/dev/ttyACM0] ping parent fd72:e9dd:7d27:e872:0:ff:fe00:e000
[parse] 2025-12-19T13:58:08.382 state -> child
[parse] 2025-12-19T13:58:08.388 parent RLOC16 -> e000
[parse] 2025-12-19T13:58:08.443 state -> child
[parse] 2025-12-19T13:58:08.446 parent RLOC16 -> e000
[/dev/ttyACM0] ping parent fd72:e9dd:7d27:e872:0:ff:fe00:e000
[parse] 2025-12-19T13:58:09.407 state -> child
[parse] 2025-12-19T13:58:09.413 parent RLOC16 -> e000
[/dev/ttyACM0] ping parent fd72:e9dd:7d27:e872:0:ff:fe00:e000
[parse] 2025-12-19T13:58:10.377 state -> child
[parse] 2025-12-19T13:58:10.383 parent RLOC16 -> e000
[/dev/ttyACM0] ping parent fd72:e9dd:7d27:e872:0:ff:fe00:e000
[parse] 2025-12-19T13:58:11.422 state -> child
[parse] 2025-12-19T13:58:11.428 parent RLOC16 -> e000
[/dev/ttyACM0] ping parent fd72:e9dd:7d27:e872:0:ff:fe00:e000
[parse] 2025-12-19T13:58:12.401 state -> child
[parse] 2025-12-19T13:58:12.407 parent RLOC16 -> e000
[/dev/ttyACM0] ping parent fd72:e9dd:7d27:e872:0:ff:fe00:e000
[parse] 2025-12-19T13:58:13.382 state -> child
[parse] 2025-12-19T13:58:13.387 parent RLOC16 -> e000
[/dev/ttyACM0] ping parent fd72:e9dd:7d27:e872:0:ff:fe00:e000
[parse] 2025-12-19T13:58:14.337 state -> child
[parse] 2025-12-19T13:58:14.345 parent RLOC16 -> e000
[/dev/ttyACM0] ping parent fd72:e9dd:7d27:e872:0:ff:fe00:e000
[parse] 2025-12-19T13:58:15.425 state -> child
[parse] 2025-12-19T13:58:15.430 parent RLOC16 -> e000
[/dev/ttyACM0] ping parent fd72:e9dd:7d27:e872:0:ff:fe00:e000
[parse] 2025-12-19T13:58:16.363 state -> child
[parse] 2025-12-19T13:58:16.367 parent RLOC16 -> e000
[/dev/ttyACM0] ping parent fd72:e9dd:7d27:e872:0:ff:fe00:e000
[parse] 2025-12-19T13:58:17.429 state -> child
[parse] 2025-12-19T13:58:17.435 parent RLOC16 -> e000
[/dev/ttyACM0] ping parent fd72:e9dd:7d27:e872:0:ff:fe00:e000
[parse] 2025-12-19T13:58:18.397 state -> child
[parse] 2025-12-19T13:58:18.403 parent RLOC16 -> e000
[/dev/ttyACM0] ping parent fd72:e9dd:7d27:e872:0:ff:fe00:e000
[parse] 2025-12-19T13:58:19.356 state -> child
[parse] 2025-12-19T13:58:19.363 parent RLOC16 -> e000
[/dev/ttyACM0] ping parent fd72:e9dd:7d27:e872:0:ff:fe00:e000
[parse] 2025-12-19T13:58:20.342 state -> child
[parse] 2025-12-19T13:58:20.345 parent RLOC16 -> e000
[/dev/ttyACM0] ping parent fd72:e9dd:7d27:e872:0:ff:fe00:e000
[parse] 2025-12-19T13:58:21.964 state -> child
[parse] 2025-12-19T13:58:21.971 parent RLOC16 -> e000
[/dev/ttyACM0] ping parent fd72:e9dd:7d27:e872:0:ff:fe00:e000
[parse] 2025-12-19T13:58:22.430 state -> child
[parse] 2025-12-19T13:58:22.436 parent RLOC16 -> e000
[/dev/ttyACM0] ping parent fd72:e9dd:7d27:e872:0:ff:fe00:e000
[parse] 2025-12-19T13:58:23.412 state -> child
[parse] 2025-12-19T13:58:23.417 parent RLOC16 -> e000
[/dev/ttyACM0] ping parent fd72:e9dd:7d27:e872:0:ff:fe00:e000
[parse] 2025-12-19T13:58:24.391 state -> child
[parse] 2025-12-19T13:58:24.396 parent RLOC16 -> e000
[/dev/ttyACM0] ping parent fd72:e9dd:7d27:e872:0:ff:fe00:e000
[parse] 2025-12-19T13:58:25.355 state -> child
[parse] 2025-12-19T13:58:25.361 parent RLOC16 -> e000
[/dev/ttyACM0] ping parent fd72:e9dd:7d27:e872:0:ff:fe00:e000
[parse] 2025-12-19T13:58:26.421 state -> child
[parse] 2025-12-19T13:58:26.426 parent RLOC16 -> e000
[/dev/ttyACM0] ping parent fd72:e9dd:7d27:e872:0:ff:fe00:e000
[parse] 2025-12-19T13:58:27.399 state -> child
[parse] 2025-12-19T13:58:27.407 parent RLOC16 -> e000
[/dev/ttyACM0] ping parent fd72:e9dd:7d27:e872:0:ff:fe00:e000
[parse] 2025-12-19T13:58:28.365 state -> child
[parse] 2025-12-19T13:58:28.370 parent RLOC16 -> e000
[/dev/ttyACM0] ping parent fd72:e9dd:7d27:e872:0:ff:fe00:e000
[parse] 2025-12-19T13:58:29.433 state -> child
[parse] 2025-12-19T13:58:29.438 parent RLOC16 -> e000
[/dev/ttyACM0] ping parent fd72:e9dd:7d27:e872:0:ff:fe00:e000
[parse] 2025-12-19T13:58:30.409 state -> child
[parse] 2025-12-19T13:58:30.417 parent RLOC16 -> e000
[/dev/ttyACM0] ping parent fd72:e9dd:7d27:e872:0:ff:fe00:e000
[parse] 2025-12-19T13:58:31.379 state -> child
[parse] 2025-12-19T13:58:31.384 parent RLOC16 -> e000
[/dev/ttyACM0] ping parent fd72:e9dd:7d27:e872:0:ff:fe00:e000
[parse] 2025-12-19T13:58:32.361 state -> child
[parse] 2025-12-19T13:58:32.366 parent RLOC16 -> e000
[/dev/ttyACM0] ping parent fd72:e9dd:7d27:e872:0:ff:fe00:e000
[parse] 2025-12-19T13:58:33.338 state -> child
[parse] 2025-12-19T13:58:33.342 parent RLOC16 -> e000
[/dev/ttyACM0] ping parent fd72:e9dd:7d27:e872:0:ff:fe00:e000
[parse] 2025-12-19T13:58:34.409 state -> child
[parse] 2025-12-19T13:58:34.415 parent RLOC16 -> e000
[/dev/ttyACM0] ping parent fd72:e9dd:7d27:e872:0:ff:fe00:e000
[parse] 2025-12-19T13:58:35.376 state -> child
[parse] 2025-12-19T13:58:35.382 parent RLOC16 -> e000
[/dev/ttyACM0] ping parent fd72:e9dd:7d27:e872:0:ff:fe00:e000
[parse] 2025-12-19T13:58:36.358 state -> child
[parse] 2025-12-19T13:58:36.362 parent RLOC16 -> e000
[/dev/ttyACM0] ping parent fd72:e9dd:7d27:e872:0:ff:fe00:e000
[parse] 2025-12-19T13:58:37.346 state -> child
[parse] 2025-12-19T13:58:37.350 parent RLOC16 -> e000
[/dev/ttyACM0] ping parent fd72:e9dd:7d27:e872:0:ff:fe00:e000
[parse] 2025-12-19T13:58:38.383 state -> child
[parse] 2025-12-19T13:58:38.390 parent RLOC16 -> 7000
[/dev/ttyACM0] ping parent fd72:e9dd:7d27:e872:0:ff:fe00:7000
[parse] 2025-12-19T13:58:39.350 state -> child
[parse] 2025-12-19T13:58:39.356 parent RLOC16 -> 7000
[/dev/ttyACM0] ping parent fd72:e9dd:7d27:e872:0:ff:fe00:7000
[parse] 2025-12-19T13:58:40.375 state -> child
[parse] 2025-12-19T13:58:40.381 parent RLOC16 -> 7000
[/dev/ttyACM0] ping parent fd72:e9dd:7d27:e872:0:ff:fe00:7000
[parse] 2025-12-19T13:58:41.339 state -> child
[parse] 2025-12-19T13:58:41.345 parent RLOC16 -> 7000
[/dev/ttyACM0] ping parent fd72:e9dd:7d27:e872:0:ff:fe00:7000
[/dev/ttyACM0] ping parent fd72:e9dd:7d27:e872:0:ff:fe00:7000
[parse] 2025-12-19T13:58:47.195 state -> child
[parse] 2025-12-19T13:58:47.199 parent RLOC16 -> 7000
[parse] 2025-12-19T13:58:47.278 state -> child
[parse] 2025-12-19T13:58:47.282 parent RLOC16 -> 7000
[/dev/ttyACM0] ping parent fd72:e9dd:7d27:e872:0:ff:fe00:7000
[parse] 2025-12-19T13:58:47.335 state -> child
[parse] 2025-12-19T13:58:47.338 parent RLOC16 -> 7000
[/dev/ttyACM0] ping parent fd72:e9dd:7d27:e872:0:ff:fe00:7000
[parse] 2025-12-19T13:58:48.409 state -> child
[parse] 2025-12-19T13:58:48.414 parent RLOC16 -> 7000
[/dev/ttyACM0] ping parent fd72:e9dd:7d27:e872:0:ff:fe00:7000
[parse] 2025-12-19T13:58:49.365 state -> child
[parse] 2025-12-19T13:58:49.369 parent RLOC16 -> 7000
[/dev/ttyACM0] ping parent fd72:e9dd:7d27:e872:0:ff:fe00:7000
[parse] 2025-12-19T13:58:50.431 state -> child
[parse] 2025-12-19T13:58:50.438 parent RLOC16 -> 7000
[/dev/ttyACM0] ping parent fd72:e9dd:7d27:e872:0:ff:fe00:7000
[parse] 2025-12-19T13:58:51.399 state -> child
[parse] 2025-12-19T13:58:51.404 parent RLOC16 -> 7000
[/dev/ttyACM0] ping parent fd72:e9dd:7d27:e872:0:ff:fe00:7000
[parse] 2025-12-19T13:58:52.366 state -> child
[parse] 2025-12-19T13:58:52.371 parent RLOC16 -> 7000
[/dev/ttyACM0] ping parent fd72:e9dd:7d27:e872:0:ff:fe00:7000
[parse] 2025-12-19T13:58:53.434 state -> child
[parse] 2025-12-19T13:58:53.439 parent RLOC16 -> 7000
[/dev/ttyACM0] ping parent fd72:e9dd:7d27:e872:0:ff:fe00:7000
[parse] 2025-12-19T13:58:54.401 state -> child
[parse] 2025-12-19T13:58:54.406 parent RLOC16 -> 7000
[/dev/ttyACM0] ping parent fd72:e9dd:7d27:e872:0:ff:fe00:7000
[parse] 2025-12-19T13:58:55.365 state -> child
[parse] 2025-12-19T13:58:55.371 parent RLOC16 -> 7000
[/dev/ttyACM0] ping parent fd72:e9dd:7d27:e872:0:ff:fe00:7000
[parse] 2025-12-19T13:58:56.432 state -> child
[parse] 2025-12-19T13:58:56.438 parent RLOC16 -> 7000
[/dev/ttyACM0] ping parent fd72:e9dd:7d27:e872:0:ff:fe00:7000
[parse] 2025-12-19T13:58:57.465 state -> child
[parse] 2025-12-19T13:58:57.471 parent RLOC16 -> 7000
[/dev/ttyACM0] ping parent fd72:e9dd:7d27:e872:0:ff:fe00:7000
[parse] 2025-12-19T13:58:58.434 state -> child
[parse] 2025-12-19T13:58:58.439 parent RLOC16 -> 7000
[/dev/ttyACM0] ping parent fd72:e9dd:7d27:e872:0:ff:fe00:7000
[parse] 2025-12-19T13:58:59.400 state -> child
[parse] 2025-12-19T13:58:59.406 parent RLOC16 -> 7000
[/dev/ttyACM0] ping parent fd72:e9dd:7d27:e872:0:ff:fe00:7000
[parse] 2025-12-19T13:59:00.365 state -> child
[parse] 2025-12-19T13:59:00.371 parent RLOC16 -> 7000
[/dev/ttyACM0] ping parent fd72:e9dd:7d27:e872:0:ff:fe00:7000
[parse] 2025-12-19T13:59:01.433 state -> child
[parse] 2025-12-19T13:59:01.439 parent RLOC16 -> 7000
[/dev/ttyACM0] ping parent fd72:e9dd:7d27:e872:0:ff:fe00:7000
[parse] 2025-12-19T13:59:02.400 state -> child
[parse] 2025-12-19T13:59:02.406 parent RLOC16 -> 7000
[/dev/ttyACM0] ping parent fd72:e9dd:7d27:e872:0:ff:fe00:7000
[parse] 2025-12-19T13:59:04.954 state -> child
[parse] 2025-12-19T13:59:04.957 parent RLOC16 -> 7000
[/dev/ttyACM0] ping parent fd72:e9dd:7d27:e872:0:ff:fe00:7000
[parse] 2025-12-19T13:59:05.415 state -> child
[parse] 2025-12-19T13:59:05.420 parent RLOC16 -> 7000
[/dev/ttyACM0] ping parent fd72:e9dd:7d27:e872:0:ff:fe00:7000
[parse] 2025-12-19T13:59:06.383 state -> child
[parse] 2025-12-19T13:59:06.391 parent RLOC16 -> 7000
[/dev/ttyACM0] ping parent fd72:e9dd:7d27:e872:0:ff:fe00:7000
[parse] 2025-12-19T13:59:07.359 state -> child
[parse] 2025-12-19T13:59:07.364 parent RLOC16 -> 7000
[/dev/ttyACM0] ping parent fd72:e9dd:7d27:e872:0:ff:fe00:7000
[parse] 2025-12-19T13:59:08.375 state -> child
[parse] 2025-12-19T13:59:08.383 parent RLOC16 -> 7000
[/dev/ttyACM0] ping parent fd72:e9dd:7d27:e872:0:ff:fe00:7000
[parse] 2025-12-19T13:59:09.362 state -> child
[parse] 2025-12-19T13:59:09.367 parent RLOC16 -> 7000
[/dev/ttyACM0] ping parent fd72:e9dd:7d27:e872:0:ff:fe00:7000
[parse] 2025-12-19T13:59:10.358 state -> child
[parse] 2025-12-19T13:59:10.364 parent RLOC16 -> 7000
[/dev/ttyACM0] ping parent fd72:e9dd:7d27:e872:0:ff:fe00:7000
[parse] 2025-12-19T13:59:11.423 state -> child
[parse] 2025-12-19T13:59:11.428 parent RLOC16 -> 7000
[/dev/ttyACM0] ping parent fd72:e9dd:7d27:e872:0:ff:fe00:7000
[parse] 2025-12-19T13:59:12.388 state -> child
[parse] 2025-12-19T13:59:12.393 parent RLOC16 -> 7000
[/dev/ttyACM0] ping parent fd72:e9dd:7d27:e872:0:ff:fe00:7000
[parse] 2025-12-19T13:59:13.402 state -> child
[parse] 2025-12-19T13:59:13.409 parent RLOC16 -> 7000
[/dev/ttyACM0] ping parent fd72:e9dd:7d27:e872:0:ff:fe00:7000
[parse] 2025-12-19T13:59:14.379 state -> child
[parse] 2025-12-19T13:59:14.385 parent RLOC16 -> 7000
[/dev/ttyACM0] ping parent fd72:e9dd:7d27:e872:0:ff:fe00:7000
[parse] 2025-12-19T13:59:15.381 state -> child
[parse] 2025-12-19T13:59:15.386 parent RLOC16 -> 7000
[/dev/ttyACM0] ping parent fd72:e9dd:7d27:e872:0:ff:fe00:7000
[parse] 2025-12-19T13:59:17.781 state -> child
[parse] 2025-12-19T13:59:17.786 parent RLOC16 -> 7000
[/dev/ttyACM0] ping parent fd72:e9dd:7d27:e872:0:ff:fe00:7000
[parse] 2025-12-19T13:59:20.342 state -> child
[parse] 2025-12-19T13:59:20.346 parent RLOC16 -> 7000
[/dev/ttyACM0] ping parent fd72:e9dd:7d27:e872:0:ff:fe00:7000
[parse] 2025-12-19T13:59:21.408 state -> child
[parse] 2025-12-19T13:59:21.414 parent RLOC16 -> 7000
[/dev/ttyACM0] ping parent fd72:e9dd:7d27:e872:0:ff:fe00:7000
[parse] 2025-12-19T13:59:22.377 state -> child
[parse] 2025-12-19T13:59:22.383 parent RLOC16 -> 7000
[/dev/ttyACM0] ping parent fd72:e9dd:7d27:e872:0:ff:fe00:7000
[parse] 2025-12-19T13:59:23.341 state -> child
[parse] 2025-12-19T13:59:23.345 parent RLOC16 -> 7000
[/dev/ttyACM0] ping parent fd72:e9dd:7d27:e872:0:ff:fe00:7000
[parse] 2025-12-19T13:59:24.408 state -> child
[parse] 2025-12-19T13:59:24.415 parent RLOC16 -> 7000
[/dev/ttyACM0] ping parent fd72:e9dd:7d27:e872:0:ff:fe00:7000
[parse] 2025-12-19T13:59:25.376 state -> child
[parse] 2025-12-19T13:59:25.382 parent RLOC16 -> 7000
[/dev/ttyACM0] ping parent fd72:e9dd:7d27:e872:0:ff:fe00:7000
[parse] 2025-12-19T13:59:26.436 state -> child
[parse] 2025-12-19T13:59:26.442 parent RLOC16 -> 7000
[/dev/ttyACM0] ping parent fd72:e9dd:7d27:e872:0:ff:fe00:7000
[parse] 2025-12-19T13:59:27.402 state -> child
[parse] 2025-12-19T13:59:27.409 parent RLOC16 -> 7000
[/dev/ttyACM0] ping parent fd72:e9dd:7d27:e872:0:ff:fe00:7000
[/dev/ttyACM0] ping parent fd72:e9dd:7d27:e872:0:ff:fe00:7000
[parse] 2025-12-19T13:59:30.533 state -> child
[parse] 2025-12-19T13:59:30.539 parent RLOC16 -> 7000
[parse] 2025-12-19T13:59:30.632 state -> child
[parse] 2025-12-19T13:59:30.635 parent RLOC16 -> 7000
[/dev/ttyACM0] ping parent fd72:e9dd:7d27:e872:0:ff:fe00:7000
[parse] 2025-12-19T13:59:31.351 state -> child
[parse] 2025-12-19T13:59:31.354 parent RLOC16 -> 7000
[/dev/ttyACM0] ping parent fd72:e9dd:7d27:e872:0:ff:fe00:7000
[parse] 2025-12-19T13:59:32.414 state -> child
[parse] 2025-12-19T13:59:32.419 parent RLOC16 -> 7000
[/dev/ttyACM0] ping parent fd72:e9dd:7d27:e872:0:ff:fe00:7000
[parse] 2025-12-19T13:59:33.396 state -> child
[parse] 2025-12-19T13:59:33.400 parent RLOC16 -> 7000
[/dev/ttyACM0] ping parent fd72:e9dd:7d27:e872:0:ff:fe00:7000
[parse] 2025-12-19T13:59:34.367 state -> child
[parse] 2025-12-19T13:59:34.372 parent RLOC16 -> 7000
[/dev/ttyACM0] ping parent fd72:e9dd:7d27:e872:0:ff:fe00:7000
[parse] 2025-12-19T13:59:35.435 state -> child
[parse] 2025-12-19T13:59:35.443 parent RLOC16 -> 7000
[/dev/ttyACM0] ping parent fd72:e9dd:7d27:e872:0:ff:fe00:7000
[parse] 2025-12-19T13:59:38.208 state -> child
[parse] 2025-12-19T13:59:38.211 parent RLOC16 -> 7000
[/dev/ttyACM0] ping parent fd72:e9dd:7d27:e872:0:ff:fe00:7000
[parse] 2025-12-19T13:59:38.367 state -> child
[parse] 2025-12-19T13:59:38.372 parent RLOC16 -> 7000
[/dev/ttyACM0] ping parent fd72:e9dd:7d27:e872:0:ff:fe00:7000
[parse] 2025-12-19T13:59:39.378 state -> child
[parse] 2025-12-19T13:59:39.385 parent RLOC16 -> 7000
[/dev/ttyACM0] ping parent fd72:e9dd:7d27:e872:0:ff:fe00:7000
[parse] 2025-12-19T13:59:40.344 state -> child
[parse] 2025-12-19T13:59:40.349 parent RLOC16 -> 7000
[/dev/ttyACM0] ping parent fd72:e9dd:7d27:e872:0:ff:fe00:7000
[parse] 2025-12-19T13:59:41.410 state -> child
[parse] 2025-12-19T13:59:41.416 parent RLOC16 -> 7000
[/dev/ttyACM0] ping parent fd72:e9dd:7d27:e872:0:ff:fe00:7000
[parse] 2025-12-19T13:59:42.377 state -> child
[parse] 2025-12-19T13:59:42.383 parent RLOC16 -> 7000
[/dev/ttyACM0] ping parent fd72:e9dd:7d27:e872:0:ff:fe00:7000
[parse] 2025-12-19T13:59:43.341 state -> child
[parse] 2025-12-19T13:59:43.346 parent RLOC16 -> 7000
[/dev/ttyACM0] ping parent fd72:e9dd:7d27:e872:0:ff:fe00:7000
[parse] 2025-12-19T13:59:45.671 state -> child
[parse] 2025-12-19T13:59:45.678 parent RLOC16 -> 7000
[/dev/ttyACM0] ping parent fd72:e9dd:7d27:e872:0:ff:fe00:7000
[parse] 2025-12-19T13:59:46.349 state -> child
[parse] 2025-12-19T13:59:46.355 parent RLOC16 -> 7000
[/dev/ttyACM0] ping parent fd72:e9dd:7d27:e872:0:ff:fe00:7000
[parse] 2025-12-19T13:59:47.417 state -> child
[parse] 2025-12-19T13:59:47.423 parent RLOC16 -> 7000
[/dev/ttyACM0] ping parent fd72:e9dd:7d27:e872:0:ff:fe00:7000
[parse] 2025-12-19T13:59:48.427 state -> child
[parse] 2025-12-19T13:59:48.433 parent RLOC16 -> 7000
[/dev/ttyACM0] ping parent fd72:e9dd:7d27:e872:0:ff:fe00:7000
[parse] 2025-12-19T13:59:49.424 state -> child
[parse] 2025-12-19T13:59:49.430 parent RLOC16 -> 7000
[/dev/ttyACM0] ping parent fd72:e9dd:7d27:e872:0:ff:fe00:7000
[parse] 2025-12-19T13:59:50.391 state -> child
[parse] 2025-12-19T13:59:50.396 parent RLOC16 -> 7000
[/dev/ttyACM0] ping parent fd72:e9dd:7d27:e872:0:ff:fe00:7000
[parse] 2025-12-19T13:59:51.356 state -> child
[parse] 2025-12-19T13:59:51.362 parent RLOC16 -> 7000
[/dev/ttyACM0] ping parent fd72:e9dd:7d27:e872:0:ff:fe00:7000
[parse] 2025-12-19T13:59:52.419 state -> child
[parse] 2025-12-19T13:59:52.425 parent RLOC16 -> 7000
[/dev/ttyACM0] ping parent fd72:e9dd:7d27:e872:0:ff:fe00:7000
[parse] 2025-12-19T13:59:53.366 state -> child
[parse] 2025-12-19T13:59:53.371 parent RLOC16 -> 7000
[/dev/ttyACM0] ping parent fd72:e9dd:7d27:e872:0:ff:fe00:7000
[parse] 2025-12-19T13:59:54.691 state -> child
[parse] 2025-12-19T13:59:54.695 parent RLOC16 -> 7000
[/dev/ttyACM0] ping parent fd72:e9dd:7d27:e872:0:ff:fe00:7000
[parse] 2025-12-19T13:59:55.373 state -> child
[parse] 2025-12-19T13:59:55.379 parent RLOC16 -> 7000
[/dev/ttyACM0] ping parent fd72:e9dd:7d27:e872:0:ff:fe00:7000
[parse] 2025-12-19T13:59:56.402 state -> child
[parse] 2025-12-19T13:59:56.408 parent RLOC16 -> 7000
[/dev/ttyACM0] ping parent fd72:e9dd:7d27:e872:0:ff:fe00:7000
[parse] 2025-12-19T13:59:57.368 state -> child
[parse] 2025-12-19T13:59:57.373 parent RLOC16 -> 7000
[/dev/ttyACM0] ping parent fd72:e9dd:7d27:e872:0:ff:fe00:7000
[parse] 2025-12-19T13:59:58.484 state -> child
[parse] 2025-12-19T13:59:58.490 parent RLOC16 -> 7000
[/dev/ttyACM0] ping parent fd72:e9dd:7d27:e872:0:ff:fe00:7000
[parse] 2025-12-19T13:59:59.349 state -> child
[parse] 2025-12-19T13:59:59.355 parent RLOC16 -> 7000
[/dev/ttyACM0] ping parent fd72:e9dd:7d27:e872:0:ff:fe00:7000
[parse] 2025-12-19T14:00:00.433 state -> child
[parse] 2025-12-19T14:00:00.436 parent RLOC16 -> 7000
[/dev/ttyACM0] ping parent fd72:e9dd:7d27:e872:0:ff:fe00:7000
[parse] 2025-12-19T14:00:01.398 state -> child
[parse] 2025-12-19T14:00:01.404 parent RLOC16 -> 7000
[/dev/ttyACM0] ping parent fd72:e9dd:7d27:e872:0:ff:fe00:7000
[parse] 2025-12-19T14:00:02.365 state -> child
[parse] 2025-12-19T14:00:02.369 parent RLOC16 -> 7000
[/dev/ttyACM0] ping parent fd72:e9dd:7d27:e872:0:ff:fe00:7000
[parse] 2025-12-19T14:00:03.337 state -> child
[parse] 2025-12-19T14:00:03.341 parent RLOC16 -> 7000
[/dev/ttyACM0] ping parent fd72:e9dd:7d27:e872:0:ff:fe00:7000
[parse] 2025-12-19T14:00:04.404 state -> child
[parse] 2025-12-19T14:00:04.409 parent RLOC16 -> 7000
[/dev/ttyACM0] ping parent fd72:e9dd:7d27:e872:0:ff:fe00:7000
[parse] 2025-12-19T14:00:05.366 state -> child
[parse] 2025-12-19T14:00:05.370 parent RLOC16 -> 7000
[/dev/ttyACM0] ping parent fd72:e9dd:7d27:e872:0:ff:fe00:7000
[parse] 2025-12-19T14:00:06.432 state -> child
[parse] 2025-12-19T14:00:06.438 parent RLOC16 -> 7000
[/dev/ttyACM0] ping parent fd72:e9dd:7d27:e872:0:ff:fe00:7000
[parse] 2025-12-19T14:00:07.399 state -> child
[parse] 2025-12-19T14:00:07.406 parent RLOC16 -> 7000
[/dev/ttyACM0] ping parent fd72:e9dd:7d27:e872:0:ff:fe00:7000
[parse] 2025-12-19T14:00:08.365 state -> child
[parse] 2025-12-19T14:00:08.371 parent RLOC16 -> 7000
[/dev/ttyACM0] ping parent fd72:e9dd:7d27:e872:0:ff:fe00:7000
[/dev/ttyACM0] ping parent fd72:e9dd:7d27:e872:0:ff:fe00:7000
[parse] 2025-12-19T14:00:12.982 state -> child
[parse] 2025-12-19T14:00:12.988 parent RLOC16 -> 7000
[parse] 2025-12-19T14:00:13.061 state -> child
[parse] 2025-12-19T14:00:13.064 parent RLOC16 -> 7000
[/dev/ttyACM0] ping parent fd72:e9dd:7d27:e872:0:ff:fe00:7000
[parse] 2025-12-19T14:00:13.421 state -> child
[parse] 2025-12-19T14:00:13.427 parent RLOC16 -> 7000
[/dev/ttyACM0] ping parent fd72:e9dd:7d27:e872:0:ff:fe00:7000
[parse] 2025-12-19T14:00:14.401 state -> child
[parse] 2025-12-19T14:00:14.407 parent RLOC16 -> 7000
[/dev/ttyACM0] ping parent fd72:e9dd:7d27:e872:0:ff:fe00:7000
[parse] 2025-12-19T14:00:15.369 state -> child
[parse] 2025-12-19T14:00:15.372 parent RLOC16 -> 7000
[/dev/ttyACM0] ping parent fd72:e9dd:7d27:e872:0:ff:fe00:7000
[parse] 2025-12-19T14:00:16.348 state -> child
[parse] 2025-12-19T14:00:16.353 parent RLOC16 -> 7000
[/dev/ttyACM0] ping parent fd72:e9dd:7d27:e872:0:ff:fe00:7000
[parse] 2025-12-19T14:00:17.399 state -> child
[parse] 2025-12-19T14:00:17.404 parent RLOC16 -> 7000
[/dev/ttyACM0] ping parent fd72:e9dd:7d27:e872:0:ff:fe00:7000
[/dev/ttyACM0] ping parent fd72:e9dd:7d27:e872:0:ff:fe00:7000
[parse] 2025-12-19T14:00:21.698 state -> child
[parse] 2025-12-19T14:00:21.704 parent RLOC16 -> 7000
[parse] 2025-12-19T14:00:21.777 state -> child
[parse] 2025-12-19T14:00:21.781 parent RLOC16 -> 7000
[/dev/ttyACM0] ping parent fd72:e9dd:7d27:e872:0:ff:fe00:7000
[parse] 2025-12-19T14:00:22.340 state -> child
[parse] 2025-12-19T14:00:22.347 parent RLOC16 -> 7000
[/dev/ttyACM0] ping parent fd72:e9dd:7d27:e872:0:ff:fe00:7000
[parse] 2025-12-19T14:00:23.428 state -> child
[parse] 2025-12-19T14:00:23.434 parent RLOC16 -> 7000
[/dev/ttyACM0] ping parent fd72:e9dd:7d27:e872:0:ff:fe00:7000
[parse] 2025-12-19T14:00:24.411 state -> child
[parse] 2025-12-19T14:00:24.416 parent RLOC16 -> 7000
[/dev/ttyACM0] ping parent fd72:e9dd:7d27:e872:0:ff:fe00:7000
[parse] 2025-12-19T14:00:25.389 state -> child
[parse] 2025-12-19T14:00:25.394 parent RLOC16 -> 7000
[/dev/ttyACM0] ping parent fd72:e9dd:7d27:e872:0:ff:fe00:7000
[parse] 2025-12-19T14:00:26.357 state -> child
[parse] 2025-12-19T14:00:26.363 parent RLOC16 -> 7000
[/dev/ttyACM0] ping parent fd72:e9dd:7d27:e872:0:ff:fe00:7000
[parse] 2025-12-19T14:00:27.429 state -> child
[parse] 2025-12-19T14:00:27.436 parent RLOC16 -> 7000
[/dev/ttyACM0] ping parent fd72:e9dd:7d27:e872:0:ff:fe00:7000
[parse] 2025-12-19T14:00:28.398 state -> child
[parse] 2025-12-19T14:00:28.404 parent RLOC16 -> 7000
[/dev/ttyACM0] ping parent fd72:e9dd:7d27:e872:0:ff:fe00:7000
[parse] 2025-12-19T14:00:29.364 state -> child
[parse] 2025-12-19T14:00:29.371 parent RLOC16 -> 7000
[/dev/ttyACM0] ping parent fd72:e9dd:7d27:e872:0:ff:fe00:7000
[parse] 2025-12-19T14:00:30.342 state -> child
[parse] 2025-12-19T14:00:30.347 parent RLOC16 -> 7000
[/dev/ttyACM0] ping parent fd72:e9dd:7d27:e872:0:ff:fe00:7000
[parse] 2025-12-19T14:00:31.419 state -> child
[parse] 2025-12-19T14:00:31.423 parent RLOC16 -> 7000
[/dev/ttyACM0] ping parent fd72:e9dd:7d27:e872:0:ff:fe00:7000
[parse] 2025-12-19T14:00:32.388 state -> child
[parse] 2025-12-19T14:00:32.393 parent RLOC16 -> 7000
[/dev/ttyACM0] ping parent fd72:e9dd:7d27:e872:0:ff:fe00:7000
[parse] 2025-12-19T14:00:33.357 state -> child
[parse] 2025-12-19T14:00:33.363 parent RLOC16 -> 7000
[/dev/ttyACM0] ping parent fd72:e9dd:7d27:e872:0:ff:fe00:7000
[parse] 2025-12-19T14:00:37.660 state -> child
[parse] 2025-12-19T14:00:37.664 parent RLOC16 -> 7000
[/dev/ttyACM0] ping parent fd72:e9dd:7d27:e872:0:ff:fe00:7000
[parse] 2025-12-19T14:00:38.420 state -> child
[parse] 2025-12-19T14:00:38.428 parent RLOC16 -> 7000
[/dev/ttyACM0] ping parent fd72:e9dd:7d27:e872:0:ff:fe00:7000
[parse] 2025-12-19T14:00:39.389 state -> child
[parse] 2025-12-19T14:00:39.395 parent RLOC16 -> 7000
[/dev/ttyACM0] ping parent fd72:e9dd:7d27:e872:0:ff:fe00:7000
[parse] 2025-12-19T14:00:40.354 state -> child
[parse] 2025-12-19T14:00:40.360 parent RLOC16 -> 7000
[/dev/ttyACM0] ping parent fd72:e9dd:7d27:e872:0:ff:fe00:7000
[parse] 2025-12-19T14:00:41.438 state -> child
[parse] 2025-12-19T14:00:41.444 parent RLOC16 -> 7000
[/dev/ttyACM0] ping parent fd72:e9dd:7d27:e872:0:ff:fe00:7000
[parse] 2025-12-19T14:00:42.430 state -> child
[parse] 2025-12-19T14:00:42.436 parent RLOC16 -> 7000
[/dev/ttyACM0] ping parent fd72:e9dd:7d27:e872:0:ff:fe00:7000
[parse] 2025-12-19T14:00:45.089 state -> child
[parse] 2025-12-19T14:00:45.093 parent RLOC16 -> 7000
[/dev/ttyACM0] ping parent fd72:e9dd:7d27:e872:0:ff:fe00:7000
[parse] 2025-12-19T14:00:45.350 state -> child
[parse] 2025-12-19T14:00:45.355 parent RLOC16 -> 7000
[/dev/ttyACM0] ping parent fd72:e9dd:7d27:e872:0:ff:fe00:7000
[parse] 2025-12-19T14:00:46.417 state -> child
[parse] 2025-12-19T14:00:46.422 parent RLOC16 -> 7000
[/dev/ttyACM0] ping parent fd72:e9dd:7d27:e872:0:ff:fe00:7000
[parse] 2025-12-19T14:00:47.384 state -> child
[parse] 2025-12-19T14:00:47.391 parent RLOC16 -> 7000
[/dev/ttyACM0] ping parent fd72:e9dd:7d27:e872:0:ff:fe00:7000
[parse] 2025-12-19T14:00:48.379 state -> child
[parse] 2025-12-19T14:00:48.387 parent RLOC16 -> 7000
[/dev/ttyACM0] ping parent fd72:e9dd:7d27:e872:0:ff:fe00:7000
[parse] 2025-12-19T14:00:49.345 state -> child
[parse] 2025-12-19T14:00:49.350 parent RLOC16 -> 7000
[/dev/ttyACM0] ping parent fd72:e9dd:7d27:e872:0:ff:fe00:7000
[parse] 2025-12-19T14:00:50.411 state -> child
[parse] 2025-12-19T14:00:50.416 parent RLOC16 -> 7000
[/dev/ttyACM0] ping parent fd72:e9dd:7d27:e872:0:ff:fe00:7000
[parse] 2025-12-19T14:00:51.393 state -> child
[parse] 2025-12-19T14:00:51.399 parent RLOC16 -> 7000
[/dev/ttyACM0] ping parent fd72:e9dd:7d27:e872:0:ff:fe00:7000
[parse] 2025-12-19T14:00:52.356 state -> child
[parse] 2025-12-19T14:00:52.361 parent RLOC16 -> 7000
[/dev/ttyACM0] ping parent fd72:e9dd:7d27:e872:0:ff:fe00:7000
[parse] 2025-12-19T14:00:53.428 state -> child
[parse] 2025-12-19T14:00:53.434 parent RLOC16 -> 7000
[/dev/ttyACM0] ping parent fd72:e9dd:7d27:e872:0:ff:fe00:7000
[parse] 2025-12-19T14:00:54.393 state -> child
[parse] 2025-12-19T14:00:54.400 parent RLOC16 -> 7000
[/dev/ttyACM0] ping parent fd72:e9dd:7d27:e872:0:ff:fe00:7000
[parse] 2025-12-19T14:00:55.380 state -> child
[parse] 2025-12-19T14:00:55.387 parent RLOC16 -> 7000
[/dev/ttyACM0] ping parent fd72:e9dd:7d27:e872:0:ff:fe00:7000
[parse] 2025-12-19T14:00:56.345 state -> child
[parse] 2025-12-19T14:00:56.350 parent RLOC16 -> 7000
[/dev/ttyACM0] ping parent fd72:e9dd:7d27:e872:0:ff:fe00:7000
[parse] 2025-12-19T14:00:57.413 state -> child
[parse] 2025-12-19T14:00:57.418 parent RLOC16 -> 7000
[/dev/ttyACM0] ping parent fd72:e9dd:7d27:e872:0:ff:fe00:7000
[parse] 2025-12-19T14:00:58.392 state -> child
[parse] 2025-12-19T14:00:58.399 parent RLOC16 -> 7000
[/dev/ttyACM0] ping parent fd72:e9dd:7d27:e872:0:ff:fe00:7000
[parse] 2025-12-19T14:00:59.813 state -> child
[parse] 2025-12-19T14:00:59.816 parent RLOC16 -> 7000
[/dev/ttyACM0] ping parent fd72:e9dd:7d27:e872:0:ff:fe00:7000
[parse] 2025-12-19T14:01:00.374 state -> child
[parse] 2025-12-19T14:01:00.381 parent RLOC16 -> 7000
[/dev/ttyACM0] ping parent fd72:e9dd:7d27:e872:0:ff:fe00:7000
[parse] 2025-12-19T14:01:01.338 state -> child
[parse] 2025-12-19T14:01:01.343 parent RLOC16 -> 7000
[/dev/ttyACM0] ping parent fd72:e9dd:7d27:e872:0:ff:fe00:7000
[parse] 2025-12-19T14:01:02.403 state -> child
[parse] 2025-12-19T14:01:02.409 parent RLOC16 -> 7000
[/dev/ttyACM0] ping parent fd72:e9dd:7d27:e872:0:ff:fe00:7000
[parse] 2025-12-19T14:01:03.380 state -> child
[parse] 2025-12-19T14:01:03.385 parent RLOC16 -> 7000
[/dev/ttyACM0] ping parent fd72:e9dd:7d27:e872:0:ff:fe00:7000
[parse] 2025-12-19T14:01:04.389 state -> child
[parse] 2025-12-19T14:01:04.394 parent RLOC16 -> 7000
[/dev/ttyACM0] ping parent fd72:e9dd:7d27:e872:0:ff:fe00:7000
[parse] 2025-12-19T14:01:05.354 state -> child
[parse] 2025-12-19T14:01:05.361 parent RLOC16 -> 7000
[/dev/ttyACM0] ping parent fd72:e9dd:7d27:e872:0:ff:fe00:7000
[parse] 2025-12-19T14:01:07.278 state -> child
[parse] 2025-12-19T14:01:07.282 parent RLOC16 -> 7000
[/dev/ttyACM0] ping parent fd72:e9dd:7d27:e872:0:ff:fe00:7000
[parse] 2025-12-19T14:01:07.335 state -> child
[parse] 2025-12-19T14:01:07.338 parent RLOC16 -> 7000
[/dev/ttyACM0] ping parent fd72:e9dd:7d27:e872:0:ff:fe00:7000
[parse] 2025-12-19T14:01:08.402 state -> child
[parse] 2025-12-19T14:01:08.410 parent RLOC16 -> 7000
[/dev/ttyACM0] ping parent fd72:e9dd:7d27:e872:0:ff:fe00:7000
[parse] 2025-12-19T14:01:09.415 state -> child
[parse] 2025-12-19T14:01:09.420 parent RLOC16 -> 7000
[/dev/ttyACM0] ping parent fd72:e9dd:7d27:e872:0:ff:fe00:7000
[parse] 2025-12-19T14:01:10.381 state -> child
[parse] 2025-12-19T14:01:10.387 parent RLOC16 -> 7000
[/dev/ttyACM0] ping parent fd72:e9dd:7d27:e872:0:ff:fe00:7000
[parse] 2025-12-19T14:01:11.345 state -> child
[parse] 2025-12-19T14:01:11.350 parent RLOC16 -> 7000
[/dev/ttyACM0] ping parent fd72:e9dd:7d27:e872:0:ff:fe00:7000
[parse] 2025-12-19T14:01:12.420 state -> child
[parse] 2025-12-19T14:01:12.426 parent RLOC16 -> 7000
[/dev/ttyACM0] ping parent fd72:e9dd:7d27:e872:0:ff:fe00:7000
[parse] 2025-12-19T14:01:13.387 state -> child
[parse] 2025-12-19T14:01:13.392 parent RLOC16 -> 7000
[/dev/ttyACM0] ping parent fd72:e9dd:7d27:e872:0:ff:fe00:7000
[parse] 2025-12-19T14:01:14.794 state -> child
[parse] 2025-12-19T14:01:14.801 parent RLOC16 -> 7000
[/dev/ttyACM0] ping parent fd72:e9dd:7d27:e872:0:ff:fe00:7000
[parse] 2025-12-19T14:01:15.360 state -> child
[parse] 2025-12-19T14:01:15.366 parent RLOC16 -> 7000
[/dev/ttyACM0] ping parent fd72:e9dd:7d27:e872:0:ff:fe00:7000
[parse] 2025-12-19T14:01:16.426 state -> child
[parse] 2025-12-19T14:01:16.432 parent RLOC16 -> 7000
[/dev/ttyACM0] ping parent fd72:e9dd:7d27:e872:0:ff:fe00:7000
[parse] 2025-12-19T14:01:17.392 state -> child
[parse] 2025-12-19T14:01:17.399 parent RLOC16 -> 7000
[/dev/ttyACM0] ping parent fd72:e9dd:7d27:e872:0:ff:fe00:7000
[parse] 2025-12-19T14:01:18.370 state -> child
[parse] 2025-12-19T14:01:18.377 parent RLOC16 -> 7000
[/dev/ttyACM0] ping parent fd72:e9dd:7d27:e872:0:ff:fe00:7000
[parse] 2025-12-19T14:01:19.348 state -> child
[parse] 2025-12-19T14:01:19.353 parent RLOC16 -> 7000
[/dev/ttyACM0] ping parent fd72:e9dd:7d27:e872:0:ff:fe00:7000
[parse] 2025-12-19T14:01:20.439 state -> child
[parse] 2025-12-19T14:01:20.444 parent RLOC16 -> 7000
[/dev/ttyACM0] ping parent fd72:e9dd:7d27:e872:0:ff:fe00:7000
[parse] 2025-12-19T14:01:21.403 state -> child
[parse] 2025-12-19T14:01:21.409 parent RLOC16 -> 7000
[/dev/ttyACM0] ping parent fd72:e9dd:7d27:e872:0:ff:fe00:7000
[parse] 2025-12-19T14:01:22.389 state -> child
[parse] 2025-12-19T14:01:22.394 parent RLOC16 -> 7000
[/dev/ttyACM0] ping parent fd72:e9dd:7d27:e872:0:ff:fe00:7000
[parse] 2025-12-19T14:01:23.355 state -> child
[parse] 2025-12-19T14:01:23.361 parent RLOC16 -> 7000
[/dev/ttyACM0] ping parent fd72:e9dd:7d27:e872:0:ff:fe00:7000
[/dev/ttyACM0] ping parent fd72:e9dd:7d27:e872:0:ff:fe00:7000
[parse] 2025-12-19T14:01:26.389 state -> child
[parse] 2025-12-19T14:01:26.394 parent RLOC16 -> 7000
[parse] 2025-12-19T14:01:26.486 state -> child
[parse] 2025-12-19T14:01:26.490 parent RLOC16 -> 7000
[/dev/ttyACM0] ping parent fd72:e9dd:7d27:e872:0:ff:fe00:7000
[parse] 2025-12-19T14:01:27.348 state -> child
[parse] 2025-12-19T14:01:27.354 parent RLOC16 -> 7000
[/dev/ttyACM0] ping parent fd72:e9dd:7d27:e872:0:ff:fe00:7000
[parse] 2025-12-19T14:01:28.421 state -> child
[parse] 2025-12-19T14:01:28.427 parent RLOC16 -> 7000
[/dev/ttyACM0] ping parent fd72:e9dd:7d27:e872:0:ff:fe00:7000
[parse] 2025-12-19T14:01:29.416 state -> child
[parse] 2025-12-19T14:01:29.421 parent RLOC16 -> 7000
[/dev/ttyACM0] ping parent fd72:e9dd:7d27:e872:0:ff:fe00:7000
[parse] 2025-12-19T14:01:30.374 state -> child
[parse] 2025-12-19T14:01:30.379 parent RLOC16 -> 7000
[/dev/ttyACM0] ping parent fd72:e9dd:7d27:e872:0:ff:fe00:7000
[parse] 2025-12-19T14:01:31.337 state -> child
[parse] 2025-12-19T14:01:31.341 parent RLOC16 -> 7000
[/dev/ttyACM0] ping parent fd72:e9dd:7d27:e872:0:ff:fe00:7000
[parse] 2025-12-19T14:01:32.401 state -> child
[parse] 2025-12-19T14:01:32.407 parent RLOC16 -> 7000
[/dev/ttyACM0] ping parent fd72:e9dd:7d27:e872:0:ff:fe00:7000
[parse] 2025-12-19T14:01:33.402 state -> child
[parse] 2025-12-19T14:01:33.408 parent RLOC16 -> 7000
[/dev/ttyACM0] ping parent fd72:e9dd:7d27:e872:0:ff:fe00:7000
[parse] 2025-12-19T14:01:34.400 state -> child
[parse] 2025-12-19T14:01:34.406 parent RLOC16 -> 7000
[/dev/ttyACM0] ping parent fd72:e9dd:7d27:e872:0:ff:fe00:7000
[parse] 2025-12-19T14:01:35.418 state -> child
[parse] 2025-12-19T14:01:35.423 parent RLOC16 -> 7000
[/dev/ttyACM0] ping parent fd72:e9dd:7d27:e872:0:ff:fe00:7000
[parse] 2025-12-19T14:01:36.393 state -> child
[parse] 2025-12-19T14:01:36.397 parent RLOC16 -> 7000
[/dev/ttyACM0] ping parent fd72:e9dd:7d27:e872:0:ff:fe00:7000
[parse] 2025-12-19T14:01:37.368 state -> child
[parse] 2025-12-19T14:01:37.373 parent RLOC16 -> 7000
[/dev/ttyACM0] ping parent fd72:e9dd:7d27:e872:0:ff:fe00:7000
[parse] 2025-12-19T14:01:38.337 state -> child
[parse] 2025-12-19T14:01:38.342 parent RLOC16 -> 7000
[/dev/ttyACM0] ping parent fd72:e9dd:7d27:e872:0:ff:fe00:7000
[parse] 2025-12-19T14:01:39.473 state -> child
[parse] 2025-12-19T14:01:39.479 parent RLOC16 -> 7000
[/dev/ttyACM0] ping parent fd72:e9dd:7d27:e872:0:ff:fe00:7000
[parse] 2025-12-19T14:01:40.344 state -> child
[parse] 2025-12-19T14:01:40.348 parent RLOC16 -> 7000
[/dev/ttyACM0] ping parent fd72:e9dd:7d27:e872:0:ff:fe00:7000
[parse] 2025-12-19T14:01:41.414 state -> child
[parse] 2025-12-19T14:01:41.418 parent RLOC16 -> 7000
[/dev/ttyACM0] ping parent fd72:e9dd:7d27:e872:0:ff:fe00:7000
[parse] 2025-12-19T14:01:42.391 state -> child
[parse] 2025-12-19T14:01:42.398 parent RLOC16 -> 7000
[/dev/ttyACM0] ping parent fd72:e9dd:7d27:e872:0:ff:fe00:7000
[parse] 2025-12-19T14:01:43.371 state -> child
[parse] 2025-12-19T14:01:43.376 parent RLOC16 -> 7000
[/dev/ttyACM0] ping parent fd72:e9dd:7d27:e872:0:ff:fe00:7000
[parse] 2025-12-19T14:01:44.372 state -> child
[parse] 2025-12-19T14:01:44.377 parent RLOC16 -> 7000
[/dev/ttyACM0] ping parent fd72:e9dd:7d27:e872:0:ff:fe00:7000
[parse] 2025-12-19T14:01:45.380 state -> child
[parse] 2025-12-19T14:01:45.385 parent RLOC16 -> 7000
[/dev/ttyACM0] ping parent fd72:e9dd:7d27:e872:0:ff:fe00:7000
[parse] 2025-12-19T14:01:46.347 state -> child
[parse] 2025-12-19T14:01:46.353 parent RLOC16 -> 7000
[/dev/ttyACM0] ping parent fd72:e9dd:7d27:e872:0:ff:fe00:7000
[parse] 2025-12-19T14:01:47.425 state -> child
[parse] 2025-12-19T14:01:47.431 parent RLOC16 -> 7000
[/dev/ttyACM0] ping parent fd72:e9dd:7d27:e872:0:ff:fe00:7000
[parse] 2025-12-19T14:01:48.402 state -> child
[parse] 2025-12-19T14:01:48.407 parent RLOC16 -> 7000
[/dev/ttyACM0] ping parent fd72:e9dd:7d27:e872:0:ff:fe00:7000
[parse] 2025-12-19T14:01:49.391 state -> child
[parse] 2025-12-19T14:01:49.398 parent RLOC16 -> 7000
[/dev/ttyACM0] ping parent fd72:e9dd:7d27:e872:0:ff:fe00:7000
[parse] 2025-12-19T14:01:50.424 state -> child
[parse] 2025-12-19T14:01:50.431 parent RLOC16 -> 7000
[/dev/ttyACM0] ping parent fd72:e9dd:7d27:e872:0:ff:fe00:7000
[parse] 2025-12-19T14:01:51.401 state -> child
[parse] 2025-12-19T14:01:51.405 parent RLOC16 -> 7000
[/dev/ttyACM0] ping parent fd72:e9dd:7d27:e872:0:ff:fe00:7000
[parse] 2025-12-19T14:01:52.375 state -> child
[parse] 2025-12-19T14:01:52.382 parent RLOC16 -> 7000
[/dev/ttyACM0] ping parent fd72:e9dd:7d27:e872:0:ff:fe00:7000
[parse] 2025-12-19T14:01:53.348 state -> child
[parse] 2025-12-19T14:01:53.354 parent RLOC16 -> 7000
[/dev/ttyACM0] ping parent fd72:e9dd:7d27:e872:0:ff:fe00:7000
[parse] 2025-12-19T14:01:54.360 state -> child
[parse] 2025-12-19T14:01:54.366 parent RLOC16 -> 7000
[/dev/ttyACM0] ping parent fd72:e9dd:7d27:e872:0:ff:fe00:7000
[parse] 2025-12-19T14:01:55.398 state -> child
[parse] 2025-12-19T14:01:55.404 parent RLOC16 -> 7000
[/dev/ttyACM0] ping parent fd72:e9dd:7d27:e872:0:ff:fe00:7000
[parse] 2025-12-19T14:01:56.364 state -> child
[parse] 2025-12-19T14:01:56.369 parent RLOC16 -> 7000
[/dev/ttyACM0] ping parent fd72:e9dd:7d27:e872:0:ff:fe00:7000
[parse] 2025-12-19T14:01:57.432 state -> child
[parse] 2025-12-19T14:01:57.439 parent RLOC16 -> 7000
[/dev/ttyACM0] ping parent fd72:e9dd:7d27:e872:0:ff:fe00:7000
[parse] 2025-12-19T14:01:58.400 state -> child
[parse] 2025-12-19T14:01:58.406 parent RLOC16 -> 7000
[/dev/ttyACM0] ping parent fd72:e9dd:7d27:e872:0:ff:fe00:7000
[parse] 2025-12-19T14:01:59.366 state -> child
[parse] 2025-12-19T14:01:59.370 parent RLOC16 -> 7000
[/dev/ttyACM0] ping parent fd72:e9dd:7d27:e872:0:ff:fe00:7000
[parse] 2025-12-19T14:02:00.434 state -> child
[parse] 2025-12-19T14:02:00.439 parent RLOC16 -> 7000
[/dev/ttyACM0] ping parent fd72:e9dd:7d27:e872:0:ff:fe00:7000
[parse] 2025-12-19T14:02:01.414 state -> child
[parse] 2025-12-19T14:02:01.418 parent RLOC16 -> 7000
[/dev/ttyACM0] ping parent fd72:e9dd:7d27:e872:0:ff:fe00:7000
[parse] 2025-12-19T14:02:02.378 state -> child
[parse] 2025-12-19T14:02:02.385 parent RLOC16 -> 7000
[/dev/ttyACM0] ping parent fd72:e9dd:7d27:e872:0:ff:fe00:7000
[parse] 2025-12-19T14:02:03.346 state -> child
[parse] 2025-12-19T14:02:03.351 parent RLOC16 -> 7000
[/dev/ttyACM0] ping parent fd72:e9dd:7d27:e872:0:ff:fe00:7000
[parse] 2025-12-19T14:02:04.411 state -> child
[parse] 2025-12-19T14:02:04.418 parent RLOC16 -> 7000
[/dev/ttyACM0] ping parent fd72:e9dd:7d27:e872:0:ff:fe00:7000
[parse] 2025-12-19T14:02:05.394 state -> child
[parse] 2025-12-19T14:02:05.399 parent RLOC16 -> 7000
[/dev/ttyACM0] ping parent fd72:e9dd:7d27:e872:0:ff:fe00:7000
[parse] 2025-12-19T14:02:06.372 state -> child
[parse] 2025-12-19T14:02:06.378 parent RLOC16 -> 7000
[/dev/ttyACM0] ping parent fd72:e9dd:7d27:e872:0:ff:fe00:7000
[parse] 2025-12-19T14:02:07.439 state -> child
[parse] 2025-12-19T14:02:07.445 parent RLOC16 -> 7000
[/dev/ttyACM0] ping parent fd72:e9dd:7d27:e872:0:ff:fe00:7000
[parse] 2025-12-19T14:02:08.406 state -> child
[parse] 2025-12-19T14:02:08.412 parent RLOC16 -> 7000
[/dev/ttyACM0] ping parent fd72:e9dd:7d27:e872:0:ff:fe00:7000
[parse] 2025-12-19T14:02:09.371 state -> child
[parse] 2025-12-19T14:02:09.377 parent RLOC16 -> 7000
[/dev/ttyACM0] ping parent fd72:e9dd:7d27:e872:0:ff:fe00:7000
[parse] 2025-12-19T14:02:11.200 state -> child
[parse] 2025-12-19T14:02:11.206 parent RLOC16 -> 7000
[/dev/ttyACM0] ping parent fd72:e9dd:7d27:e872:0:ff:fe00:7000
[parse] 2025-12-19T14:02:11.381 state -> child
[parse] 2025-12-19T14:02:11.387 parent RLOC16 -> 7000
[/dev/ttyACM0] ping parent fd72:e9dd:7d27:e872:0:ff:fe00:7000
[parse] 2025-12-19T14:02:12.348 state -> child
[parse] 2025-12-19T14:02:12.354 parent RLOC16 -> 7000
[/dev/ttyACM0] ping parent fd72:e9dd:7d27:e872:0:ff:fe00:7000
[parse] 2025-12-19T14:02:13.412 state -> child
[parse] 2025-12-19T14:02:13.415 parent RLOC16 -> 7000
[/dev/ttyACM0] ping parent fd72:e9dd:7d27:e872:0:ff:fe00:7000
[/dev/ttyACM0] ping parent fd72:e9dd:7d27:e872:0:ff:fe00:7000
[/dev/ttyACM0] ping parent fd72:e9dd:7d27:e872:0:ff:fe00:7000
[/dev/ttyACM0] ping parent fd72:e9dd:7d27:e872:0:ff:fe00:7000
[parse] 2025-12-19T14:02:18.771 state -> child
[parse] 2025-12-19T14:02:18.775 parent RLOC16 -> 7000
[parse] 2025-12-19T14:02:18.829 state -> child
[parse] 2025-12-19T14:02:18.832 parent RLOC16 -> 7000
[/dev/ttyACM0] ping parent fd72:e9dd:7d27:e872:0:ff:fe00:7000
[parse] 2025-12-19T14:02:23.936 state -> child
[parse] 2025-12-19T14:02:23.940 parent RLOC16 -> 7000
[parse] 2025-12-19T14:02:24.032 state -> child
[parse] 2025-12-19T14:02:24.036 parent RLOC16 -> 7000
[/dev/ttyACM0] ping parent fd72:e9dd:7d27:e872:0:ff:fe00:7000
[parse] 2025-12-19T14:02:24.394 state -> child
[parse] 2025-12-19T14:02:24.400 parent RLOC16 -> 7000
[/dev/ttyACM0] ping parent fd72:e9dd:7d27:e872:0:ff:fe00:7000
[parse] 2025-12-19T14:02:25.415 state -> child
[parse] 2025-12-19T14:02:25.421 parent RLOC16 -> 7000
[/dev/ttyACM0] ping parent fd72:e9dd:7d27:e872:0:ff:fe00:7000
[parse] 2025-12-19T14:02:26.388 state -> child
[parse] 2025-12-19T14:02:26.393 parent RLOC16 -> 7000
[/dev/ttyACM0] ping parent fd72:e9dd:7d27:e872:0:ff:fe00:7000
[parse] 2025-12-19T14:02:27.360 state -> child
[parse] 2025-12-19T14:02:27.366 parent RLOC16 -> 7000
[/dev/ttyACM0] ping parent fd72:e9dd:7d27:e872:0:ff:fe00:7000
[parse] 2025-12-19T14:02:28.342 state -> child
[parse] 2025-12-19T14:02:28.347 parent RLOC16 -> 7000
[/dev/ttyACM0] ping parent fd72:e9dd:7d27:e872:0:ff:fe00:7000
[parse] 2025-12-19T14:02:29.409 state -> child
[parse] 2025-12-19T14:02:29.416 parent RLOC16 -> 7000
[/dev/ttyACM0] ping parent fd72:e9dd:7d27:e872:0:ff:fe00:7000
[parse] 2025-12-19T14:02:30.377 state -> child
[parse] 2025-12-19T14:02:30.382 parent RLOC16 -> 7000
[/dev/ttyACM0] ping parent fd72:e9dd:7d27:e872:0:ff:fe00:7000
[parse] 2025-12-19T14:02:31.340 state -> child
[parse] 2025-12-19T14:02:31.345 parent RLOC16 -> 7000
[/dev/ttyACM0] ping parent fd72:e9dd:7d27:e872:0:ff:fe00:7000
[parse] 2025-12-19T14:02:32.420 state -> child
[parse] 2025-12-19T14:02:32.424 parent RLOC16 -> 7000
[/dev/ttyACM0] ping parent fd72:e9dd:7d27:e872:0:ff:fe00:7000
[parse] 2025-12-19T14:02:33.405 state -> child
[parse] 2025-12-19T14:02:33.410 parent RLOC16 -> 7000
[/dev/ttyACM0] ping parent fd72:e9dd:7d27:e872:0:ff:fe00:7000
[parse] 2025-12-19T14:02:34.378 state -> child
[parse] 2025-12-19T14:02:34.383 parent RLOC16 -> 7000
[/dev/ttyACM0] ping parent fd72:e9dd:7d27:e872:0:ff:fe00:7000
[/dev/ttyACM0] ping parent fd72:e9dd:7d27:e872:0:ff:fe00:7000
[parse] 2025-12-19T14:02:39.461 state -> child
[parse] 2025-12-19T14:02:39.464 parent RLOC16 -> 7000
[parse] 2025-12-19T14:02:39.517 state -> child
[parse] 2025-12-19T14:02:39.520 parent RLOC16 -> 7000
[/dev/ttyACM0] ping parent fd72:e9dd:7d27:e872:0:ff:fe00:7000
[parse] 2025-12-19T14:02:40.384 state -> child
[parse] 2025-12-19T14:02:40.390 parent RLOC16 -> 7000
[/dev/ttyACM0] ping parent fd72:e9dd:7d27:e872:0:ff:fe00:7000
[parse] 2025-12-19T14:02:41.360 state -> child
[parse] 2025-12-19T14:02:41.365 parent RLOC16 -> 7000
[/dev/ttyACM0] ping parent fd72:e9dd:7d27:e872:0:ff:fe00:7000
[parse] 2025-12-19T14:02:42.340 state -> child
[parse] 2025-12-19T14:02:42.345 parent RLOC16 -> 7000
[/dev/ttyACM0] ping parent fd72:e9dd:7d27:e872:0:ff:fe00:7000
[parse] 2025-12-19T14:02:43.433 state -> child
[parse] 2025-12-19T14:02:43.437 parent RLOC16 -> 7000
[/dev/ttyACM0] ping parent fd72:e9dd:7d27:e872:0:ff:fe00:7000
[parse] 2025-12-19T14:02:44.442 state -> child
[parse] 2025-12-19T14:02:44.447 parent RLOC16 -> 7000
[/dev/ttyACM0] ping parent fd72:e9dd:7d27:e872:0:ff:fe00:7000
[parse] 2025-12-19T14:02:45.410 state -> child
[parse] 2025-12-19T14:02:45.416 parent RLOC16 -> 7000
[/dev/ttyACM0] ping parent fd72:e9dd:7d27:e872:0:ff:fe00:7000
[parse] 2025-12-19T14:02:46.376 state -> child
[parse] 2025-12-19T14:02:46.382 parent RLOC16 -> 7000
[/dev/ttyACM0] ping parent fd72:e9dd:7d27:e872:0:ff:fe00:7000
[parse] 2025-12-19T14:02:47.341 state -> child
[parse] 2025-12-19T14:02:47.346 parent RLOC16 -> 7000
[/dev/ttyACM0] ping parent fd72:e9dd:7d27:e872:0:ff:fe00:7000
[parse] 2025-12-19T14:02:48.409 state -> child
[parse] 2025-12-19T14:02:48.415 parent RLOC16 -> 7000
[/dev/ttyACM0] ping parent fd72:e9dd:7d27:e872:0:ff:fe00:7000
[parse] 2025-12-19T14:02:49.378 state -> child
[parse] 2025-12-19T14:02:49.384 parent RLOC16 -> 7000
[/dev/ttyACM0] ping parent fd72:e9dd:7d27:e872:0:ff:fe00:7000
[parse] 2025-12-19T14:02:50.790 state -> child
[parse] 2025-12-19T14:02:50.793 parent RLOC16 -> 7000
[/dev/ttyACM0] ping parent fd72:e9dd:7d27:e872:0:ff:fe00:7000
[parse] 2025-12-19T14:02:51.371 state -> child
[parse] 2025-12-19T14:02:51.377 parent RLOC16 -> 7000
[/dev/ttyACM0] ping parent fd72:e9dd:7d27:e872:0:ff:fe00:7000
[parse] 2025-12-19T14:02:52.348 state -> child
[parse] 2025-12-19T14:02:52.354 parent RLOC16 -> 7000
[/dev/ttyACM0] ping parent fd72:e9dd:7d27:e872:0:ff:fe00:7000
[parse] 2025-12-19T14:02:53.415 state -> child
[parse] 2025-12-19T14:02:53.419 parent RLOC16 -> 7000
[/dev/ttyACM0] ping parent fd72:e9dd:7d27:e872:0:ff:fe00:7000
[parse] 2025-12-19T14:02:54.437 state -> child
[parse] 2025-12-19T14:02:54.441 parent RLOC16 -> 7000
[/dev/ttyACM0] ping parent fd72:e9dd:7d27:e872:0:ff:fe00:7000
[parse] 2025-12-19T14:02:55.406 state -> child
[parse] 2025-12-19T14:02:55.412 parent RLOC16 -> 7000
[/dev/ttyACM0] ping parent fd72:e9dd:7d27:e872:0:ff:fe00:7000
[/dev/ttyACM0] ping parent fd72:e9dd:7d27:e872:0:ff:fe00:7000
[parse] 2025-12-19T14:02:58.367 state -> child
[parse] 2025-12-19T14:02:58.372 parent RLOC16 -> 7000
[parse] 2025-12-19T14:02:58.427 state -> child
[parse] 2025-12-19T14:02:58.430 parent RLOC16 -> 7000
[/dev/ttyACM0] ping parent fd72:e9dd:7d27:e872:0:ff:fe00:7000
[parse] 2025-12-19T14:02:59.543 state -> child
[/dev/ttyACM0] ping parent fd72:e9dd:7d27:e872:0:ff:fe00:7000
[parse] 2025-12-19T14:03:02.988 parent RLOC16 -> 7000
[parse] 2025-12-19T14:03:03.061 state -> child
[parse] 2025-12-19T14:03:03.065 parent RLOC16 -> 7000
[/dev/ttyACM0] ping parent fd72:e9dd:7d27:e872:0:ff:fe00:7000
[parse] 2025-12-19T14:03:03.422 state -> child
[parse] 2025-12-19T14:03:03.427 parent RLOC16 -> 7000
[/dev/ttyACM0] ping parent fd72:e9dd:7d27:e872:0:ff:fe00:7000
[parse] 2025-12-19T14:03:04.354 state -> child
[parse] 2025-12-19T14:03:04.361 parent RLOC16 -> 7000
[/dev/ttyACM0] ping parent fd72:e9dd:7d27:e872:0:ff:fe00:7000
[/dev/ttyACM0] ping parent fd72:e9dd:7d27:e872:0:ff:fe00:7000
[parse] 2025-12-19T14:03:06.673 state -> child
[parse] 2025-12-19T14:03:06.678 parent RLOC16 -> 7000
[parse] 2025-12-19T14:03:06.752 state -> child
[parse] 2025-12-19T14:03:06.755 parent RLOC16 -> 7000
[/dev/ttyACM0] ping parent fd72:e9dd:7d27:e872:0:ff:fe00:7000
[parse] 2025-12-19T14:03:07.415 state -> child
[parse] 2025-12-19T14:03:07.419 parent RLOC16 -> 7000
[/dev/ttyACM0] ping parent fd72:e9dd:7d27:e872:0:ff:fe00:7000
[parse] 2025-12-19T14:03:08.428 state -> child
[parse] 2025-12-19T14:03:08.434 parent RLOC16 -> 7000
[/dev/ttyACM0] ping parent fd72:e9dd:7d27:e872:0:ff:fe00:7000
[parse] 2025-12-19T14:03:09.401 state -> child
[parse] 2025-12-19T14:03:09.407 parent RLOC16 -> 7000
[/dev/ttyACM0] ping parent fd72:e9dd:7d27:e872:0:ff:fe00:7000
[parse] 2025-12-19T14:03:10.401 state -> child
[parse] 2025-12-19T14:03:10.407 parent RLOC16 -> 7000
[/dev/ttyACM0] ping parent fd72:e9dd:7d27:e872:0:ff:fe00:7000
[parse] 2025-12-19T14:03:11.770 state -> child
[parse] 2025-12-19T14:03:11.773 parent RLOC16 -> 7000
[/dev/ttyACM0] ping parent fd72:e9dd:7d27:e872:0:ff:fe00:7000
[parse] 2025-12-19T14:03:12.434 state -> child
[parse] 2025-12-19T14:03:12.440 parent RLOC16 -> 7000
[/dev/ttyACM0] ping parent fd72:e9dd:7d27:e872:0:ff:fe00:7000
[parse] 2025-12-19T14:03:13.401 state -> child
[parse] 2025-12-19T14:03:13.408 parent RLOC16 -> 7000
[/dev/ttyACM0] ping parent fd72:e9dd:7d27:e872:0:ff:fe00:7000
[parse] 2025-12-19T14:03:14.369 state -> child
[parse] 2025-12-19T14:03:14.373 parent RLOC16 -> 7000
[/dev/ttyACM0] ping parent fd72:e9dd:7d27:e872:0:ff:fe00:7000
[parse] 2025-12-19T14:03:15.435 state -> child
[parse] 2025-12-19T14:03:15.791 parent RLOC16 -> 7000
[/dev/ttyACM0] ping parent fd72:e9dd:7d27:e872:0:ff:fe00:7000
[parse] 2025-12-19T14:03:16.367 state -> child
[parse] 2025-12-19T14:03:16.371 parent RLOC16 -> 7000
[/dev/ttyACM0] ping parent fd72:e9dd:7d27:e872:0:ff:fe00:7000
[parse] 2025-12-19T14:03:17.433 state -> child
[parse] 2025-12-19T14:03:17.439 parent RLOC16 -> 7000
[/dev/ttyACM0] ping parent fd72:e9dd:7d27:e872:0:ff:fe00:7000
[parse] 2025-12-19T14:03:18.400 state -> child
[parse] 2025-12-19T14:03:18.405 parent RLOC16 -> 7000
[/dev/ttyACM0] ping parent fd72:e9dd:7d27:e872:0:ff:fe00:7000
[parse] 2025-12-19T14:03:19.365 state -> child
[parse] 2025-12-19T14:03:19.370 parent RLOC16 -> 7000
[/dev/ttyACM0] ping parent fd72:e9dd:7d27:e872:0:ff:fe00:7000
[parse] 2025-12-19T14:03:20.339 state -> child
[parse] 2025-12-19T14:03:20.344 parent RLOC16 -> 7000
[/dev/ttyACM0] ping parent fd72:e9dd:7d27:e872:0:ff:fe00:7000
[parse] 2025-12-19T14:03:21.411 state -> child
[parse] 2025-12-19T14:03:21.416 parent RLOC16 -> 7000
[/dev/ttyACM0] ping parent fd72:e9dd:7d27:e872:0:ff:fe00:7000
[parse] 2025-12-19T14:03:22.364 state -> child
[parse] 2025-12-19T14:03:22.370 parent RLOC16 -> 7000
[/dev/ttyACM0] ping parent fd72:e9dd:7d27:e872:0:ff:fe00:7000
[parse] 2025-12-19T14:03:23.430 state -> child
[parse] 2025-12-19T14:03:23.435 parent RLOC16 -> 7000
[/dev/ttyACM0] ping parent fd72:e9dd:7d27:e872:0:ff:fe00:7000
[parse] 2025-12-19T14:03:24.399 state -> child
[parse] 2025-12-19T14:03:24.404 parent RLOC16 -> 7000
[/dev/ttyACM0] ping parent fd72:e9dd:7d27:e872:0:ff:fe00:7000
[parse] 2025-12-19T14:03:25.366 state -> child
[parse] 2025-12-19T14:03:25.369 parent RLOC16 -> 7000
[/dev/ttyACM0] ping parent fd72:e9dd:7d27:e872:0:ff:fe00:7000
[parse] 2025-12-19T14:03:26.430 state -> child
[parse] 2025-12-19T14:03:26.435 parent RLOC16 -> 7000
[/dev/ttyACM0] ping parent fd72:e9dd:7d27:e872:0:ff:fe00:7000
[parse] 2025-12-19T14:03:27.415 state -> child
[parse] 2025-12-19T14:03:27.420 parent RLOC16 -> 7000
[/dev/ttyACM0] ping parent fd72:e9dd:7d27:e872:0:ff:fe00:7000
[parse] 2025-12-19T14:03:28.398 state -> child
[parse] 2025-12-19T14:03:28.403 parent RLOC16 -> 7000
[/dev/ttyACM0] ping parent fd72:e9dd:7d27:e872:0:ff:fe00:7000
[parse] 2025-12-19T14:03:29.370 state -> child
[parse] 2025-12-19T14:03:29.375 parent RLOC16 -> 7000
[/dev/ttyACM0] ping parent fd72:e9dd:7d27:e872:0:ff:fe00:7000
[parse] 2025-12-19T14:03:30.335 state -> child
[parse] 2025-12-19T14:03:30.339 parent RLOC16 -> 7000
[/dev/ttyACM0] ping parent fd72:e9dd:7d27:e872:0:ff:fe00:7000
[/dev/ttyACM0] ping parent fd72:e9dd:7d27:e872:0:ff:fe00:7000
[parse] 2025-12-19T14:03:32.996 state -> child
[parse] 2025-12-19T14:03:33.002 parent RLOC16 -> 7000
[parse] 2025-12-19T14:03:33.095 state -> child
[parse] 2025-12-19T14:03:33.099 parent RLOC16 -> 7000
[/dev/ttyACM0] ping parent fd72:e9dd:7d27:e872:0:ff:fe00:7000
[parse] 2025-12-19T14:03:33.355 state -> child
[parse] 2025-12-19T14:03:33.361 parent RLOC16 -> 7000
[/dev/ttyACM0] ping parent fd72:e9dd:7d27:e872:0:ff:fe00:7000
[parse] 2025-12-19T14:03:34.432 state -> child
[parse] 2025-12-19T14:03:34.437 parent RLOC16 -> 7000
[/dev/ttyACM0] ping parent fd72:e9dd:7d27:e872:0:ff:fe00:7000
[parse] 2025-12-19T14:03:35.423 state -> child
[parse] 2025-12-19T14:03:35.429 parent RLOC16 -> 7000
[/dev/ttyACM0] ping parent fd72:e9dd:7d27:e872:0:ff:fe00:7000
[parse] 2025-12-19T14:03:36.389 state -> child
[parse] 2025-12-19T14:03:36.395 parent RLOC16 -> 7000
[/dev/ttyACM0] ping parent fd72:e9dd:7d27:e872:0:ff:fe00:7000
[parse] 2025-12-19T14:03:37.355 state -> child
[parse] 2025-12-19T14:03:37.361 parent RLOC16 -> 7000
[/dev/ttyACM0] ping parent fd72:e9dd:7d27:e872:0:ff:fe00:7000
[parse] 2025-12-19T14:03:38.420 state -> child
[parse] 2025-12-19T14:03:38.424 parent RLOC16 -> 7000
[/dev/ttyACM0] ping parent fd72:e9dd:7d27:e872:0:ff:fe00:7000
[parse] 2025-12-19T14:03:39.389 state -> child
[parse] 2025-12-19T14:03:39.395 parent RLOC16 -> 7000
[/dev/ttyACM0] ping parent fd72:e9dd:7d27:e872:0:ff:fe00:7000
[parse] 2025-12-19T14:03:40.358 state -> child
[parse] 2025-12-19T14:03:40.365 parent RLOC16 -> 7000
[/dev/ttyACM0] ping parent fd72:e9dd:7d27:e872:0:ff:fe00:7000
[parse] 2025-12-19T14:03:41.428 state -> child
[parse] 2025-12-19T14:03:41.434 parent RLOC16 -> 7000
[/dev/ttyACM0] ping parent fd72:e9dd:7d27:e872:0:ff:fe00:7000
[parse] 2025-12-19T14:03:42.395 state -> child
[parse] 2025-12-19T14:03:42.400 parent RLOC16 -> 7000
[/dev/ttyACM0] ping parent fd72:e9dd:7d27:e872:0:ff:fe00:7000
[parse] 2025-12-19T14:03:43.370 state -> child
[parse] 2025-12-19T14:03:43.376 parent RLOC16 -> 7000
[/dev/ttyACM0] ping parent fd72:e9dd:7d27:e872:0:ff:fe00:7000
[parse] 2025-12-19T14:03:44.354 state -> child
[parse] 2025-12-19T14:03:44.359 parent RLOC16 -> 7000
[/dev/ttyACM0] ping parent fd72:e9dd:7d27:e872:0:ff:fe00:7000
[parse] 2025-12-19T14:03:45.419 state -> child
[parse] 2025-12-19T14:03:45.425 parent RLOC16 -> 7000
[/dev/ttyACM0] ping parent fd72:e9dd:7d27:e872:0:ff:fe00:7000
[parse] 2025-12-19T14:03:46.390 state -> child
[parse] 2025-12-19T14:03:46.396 parent RLOC16 -> 7000
[/dev/ttyACM0] ping parent fd72:e9dd:7d27:e872:0:ff:fe00:7000
[parse] 2025-12-19T14:03:47.358 state -> child
[parse] 2025-12-19T14:03:47.363 parent RLOC16 -> 7000
[/dev/ttyACM0] ping parent fd72:e9dd:7d27:e872:0:ff:fe00:7000
[parse] 2025-12-19T14:03:48.430 state -> child
[parse] 2025-12-19T14:03:48.435 parent RLOC16 -> 7000
[/dev/ttyACM0] ping parent fd72:e9dd:7d27:e872:0:ff:fe00:7000
[parse] 2025-12-19T14:03:49.411 state -> child
[parse] 2025-12-19T14:03:49.414 parent RLOC16 -> 7000
[/dev/ttyACM0] ping parent fd72:e9dd:7d27:e872:0:ff:fe00:7000
[parse] 2025-12-19T14:03:50.373 state -> child
[parse] 2025-12-19T14:03:50.380 parent RLOC16 -> 7000
[/dev/ttyACM0] ping parent fd72:e9dd:7d27:e872:0:ff:fe00:7000
[/dev/ttyACM0] ping parent fd72:e9dd:7d27:e872:0:ff:fe00:7000
[parse] 2025-12-19T14:03:54.544 state -> child
[parse] 2025-12-19T14:03:54.551 parent RLOC16 -> 7000
[parse] 2025-12-19T14:03:54.624 state -> child
[parse] 2025-12-19T14:03:54.628 parent RLOC16 -> 7000
[/dev/ttyACM0] ping parent fd72:e9dd:7d27:e872:0:ff:fe00:7000
[parse] 2025-12-19T14:03:55.377 state -> child
[parse] 2025-12-19T14:03:55.383 parent RLOC16 -> 7000
[/dev/ttyACM0] ping parent fd72:e9dd:7d27:e872:0:ff:fe00:7000
[parse] 2025-12-19T14:03:56.341 state -> child
[parse] 2025-12-19T14:03:56.347 parent RLOC16 -> 7000
[/dev/ttyACM0] ping parent fd72:e9dd:7d27:e872:0:ff:fe00:7000
[parse] 2025-12-19T14:03:57.369 state -> child
[parse] 2025-12-19T14:03:57.374 parent RLOC16 -> 7000
[/dev/ttyACM0] ping parent fd72:e9dd:7d27:e872:0:ff:fe00:7000
[parse] 2025-12-19T14:03:58.358 state -> child
[parse] 2025-12-19T14:03:58.362 parent RLOC16 -> 7000
[/dev/ttyACM0] ping parent fd72:e9dd:7d27:e872:0:ff:fe00:7000
[parse] 2025-12-19T14:03:59.433 state -> child
[parse] 2025-12-19T14:03:59.436 parent RLOC16 -> 7000
[/dev/ttyACM0] ping parent fd72:e9dd:7d27:e872:0:ff:fe00:7000
[parse] 2025-12-19T14:04:00.429 state -> child
[parse] 2025-12-19T14:04:00.433 parent RLOC16 -> 7000
[/dev/ttyACM0] ping parent fd72:e9dd:7d27:e872:0:ff:fe00:7000
[parse] 2025-12-19T14:04:01.371 state -> child
[parse] 2025-12-19T14:04:01.376 parent RLOC16 -> 7000
[/dev/ttyACM0] ping parent fd72:e9dd:7d27:e872:0:ff:fe00:7000
[parse] 2025-12-19T14:04:02.383 state -> child
[parse] 2025-12-19T14:04:02.390 parent RLOC16 -> 7000
[/dev/ttyACM0] ping parent fd72:e9dd:7d27:e872:0:ff:fe00:7000
[parse] 2025-12-19T14:04:03.348 state -> child
[parse] 2025-12-19T14:04:03.354 parent RLOC16 -> 7000
[/dev/ttyACM0] ping parent fd72:e9dd:7d27:e872:0:ff:fe00:7000
[parse] 2025-12-19T14:04:04.420 state -> child
[parse] 2025-12-19T14:04:04.424 parent RLOC16 -> 7000
[/dev/ttyACM0] ping parent fd72:e9dd:7d27:e872:0:ff:fe00:7000
[parse] 2025-12-19T14:04:05.389 state -> child
[parse] 2025-12-19T14:04:05.394 parent RLOC16 -> 7000
[/dev/ttyACM0] ping parent fd72:e9dd:7d27:e872:0:ff:fe00:7000
[parse] 2025-12-19T14:04:06.353 state -> child
[parse] 2025-12-19T14:04:06.359 parent RLOC16 -> 7000
[/dev/ttyACM0] ping parent fd72:e9dd:7d27:e872:0:ff:fe00:7000
[parse] 2025-12-19T14:04:07.354 state -> child
[parse] 2025-12-19T14:04:07.361 parent RLOC16 -> 7000
[/dev/ttyACM0] ping parent fd72:e9dd:7d27:e872:0:ff:fe00:7000
[parse] 2025-12-19T14:04:08.421 state -> child
[parse] 2025-12-19T14:04:08.426 parent RLOC16 -> 7000
[/dev/ttyACM0] ping parent fd72:e9dd:7d27:e872:0:ff:fe00:7000
[parse] 2025-12-19T14:04:09.389 state -> child
[parse] 2025-12-19T14:04:09.395 parent RLOC16 -> 7000
[/dev/ttyACM0] ping parent fd72:e9dd:7d27:e872:0:ff:fe00:7000
[parse] 2025-12-19T14:04:10.381 state -> child
[parse] 2025-12-19T14:04:10.387 parent RLOC16 -> 7000
[/dev/ttyACM0] ping parent fd72:e9dd:7d27:e872:0:ff:fe00:7000
[/dev/ttyACM0] ping parent fd72:e9dd:7d27:e872:0:ff:fe00:7000
[parse] 2025-12-19T14:04:14.357 state -> child
[parse] 2025-12-19T14:04:14.363 parent RLOC16 -> 7000
[parse] 2025-12-19T14:04:14.436 state -> child
[parse] 2025-12-19T14:04:14.439 parent RLOC16 -> 7000
[/dev/ttyACM0] ping parent fd72:e9dd:7d27:e872:0:ff:fe00:7000
[parse] 2025-12-19T14:04:15.399 state -> child
[parse] 2025-12-19T14:04:15.405 parent RLOC16 -> 7000
[/dev/ttyACM0] ping parent fd72:e9dd:7d27:e872:0:ff:fe00:7000
[parse] 2025-12-19T14:04:16.364 state -> child
[parse] 2025-12-19T14:04:16.369 parent RLOC16 -> 7000
[/dev/ttyACM0] ping parent fd72:e9dd:7d27:e872:0:ff:fe00:7000
[parse] 2025-12-19T14:04:18.145 state -> child
[parse] 2025-12-19T14:04:18.151 parent RLOC16 -> 7000
[/dev/ttyACM0] ping parent fd72:e9dd:7d27:e872:0:ff:fe00:7000
[parse] 2025-12-19T14:04:18.426 state -> child
[parse] 2025-12-19T14:04:18.431 parent RLOC16 -> 7000
[/dev/ttyACM0] ping parent fd72:e9dd:7d27:e872:0:ff:fe00:7000
[parse] 2025-12-19T14:04:19.401 state -> child
[parse] 2025-12-19T14:04:19.409 parent RLOC16 -> 7000
[/dev/ttyACM0] ping parent fd72:e9dd:7d27:e872:0:ff:fe00:7000
[parse] 2025-12-19T14:04:20.369 state -> child
[parse] 2025-12-19T14:04:20.375 parent RLOC16 -> 7000
[/dev/ttyACM0] ping parent fd72:e9dd:7d27:e872:0:ff:fe00:7000
[parse] 2025-12-19T14:04:21.429 state -> child
[parse] 2025-12-19T14:04:21.435 parent RLOC16 -> 7000
[/dev/ttyACM0] ping parent fd72:e9dd:7d27:e872:0:ff:fe00:7000
[parse] 2025-12-19T14:04:22.406 state -> child
[parse] 2025-12-19T14:04:22.411 parent RLOC16 -> 7000
[/dev/ttyACM0] ping parent fd72:e9dd:7d27:e872:0:ff:fe00:7000
[parse] 2025-12-19T14:04:23.381 state -> child
[parse] 2025-12-19T14:04:23.387 parent RLOC16 -> 7000
[/dev/ttyACM0] ping parent fd72:e9dd:7d27:e872:0:ff:fe00:7000
[parse] 2025-12-19T14:04:24.346 state -> child
[parse] 2025-12-19T14:04:24.352 parent RLOC16 -> 7000
[/dev/ttyACM0] ping parent fd72:e9dd:7d27:e872:0:ff:fe00:7000
[parse] 2025-12-19T14:04:25.365 state -> child
[parse] 2025-12-19T14:04:25.370 parent RLOC16 -> 7000
[/dev/ttyACM0] ping parent fd72:e9dd:7d27:e872:0:ff:fe00:7000
[parse] 2025-12-19T14:04:26.430 state -> child
[parse] 2025-12-19T14:04:26.436 parent RLOC16 -> 7000
[/dev/ttyACM0] ping parent fd72:e9dd:7d27:e872:0:ff:fe00:7000
[/dev/ttyACM0] ping parent fd72:e9dd:7d27:e872:0:ff:fe00:7000
[parse] 2025-12-19T14:04:28.987 state -> child
[parse] 2025-12-19T14:04:28.992 parent RLOC16 -> 7000
[parse] 2025-12-19T14:04:29.046 state -> child
[parse] 2025-12-19T14:04:29.050 parent RLOC16 -> 7000
[/dev/ttyACM0] ping parent fd72:e9dd:7d27:e872:0:ff:fe00:7000
[parse] 2025-12-19T14:04:29.409 state -> child
[parse] 2025-12-19T14:04:29.413 parent RLOC16 -> 7000
[/dev/ttyACM0] ping parent fd72:e9dd:7d27:e872:0:ff:fe00:7000
[parse] 2025-12-19T14:04:30.373 state -> child
[parse] 2025-12-19T14:04:30.380 parent RLOC16 -> 7000
[/dev/ttyACM0] ping parent fd72:e9dd:7d27:e872:0:ff:fe00:7000
[parse] 2025-12-19T14:04:31.339 state -> child
[parse] 2025-12-19T14:04:31.344 parent RLOC16 -> 7000
[/dev/ttyACM0] ping parent fd72:e9dd:7d27:e872:0:ff:fe00:7000
[parse] 2025-12-19T14:04:32.878 state -> child
[parse] 2025-12-19T14:04:32.885 parent RLOC16 -> 7000
[/dev/ttyACM0] ping parent fd72:e9dd:7d27:e872:0:ff:fe00:7000
[parse] 2025-12-19T14:04:33.342 state -> child
[parse] 2025-12-19T14:04:33.347 parent RLOC16 -> 7000
[/dev/ttyACM0] ping parent fd72:e9dd:7d27:e872:0:ff:fe00:7000
[parse] 2025-12-19T14:04:34.409 state -> child
[parse] 2025-12-19T14:04:34.415 parent RLOC16 -> 7000
[/dev/ttyACM0] ping parent fd72:e9dd:7d27:e872:0:ff:fe00:7000
[parse] 2025-12-19T14:04:35.413 state -> child
[parse] 2025-12-19T14:04:35.419 parent RLOC16 -> 7000
[/dev/ttyACM0] ping parent fd72:e9dd:7d27:e872:0:ff:fe00:7000
[parse] 2025-12-19T14:04:36.379 state -> child
[parse] 2025-12-19T14:04:36.386 parent RLOC16 -> 7000
[/dev/ttyACM0] ping parent fd72:e9dd:7d27:e872:0:ff:fe00:7000
[/dev/ttyACM0] ping parent fd72:e9dd:7d27:e872:0:ff:fe00:7000
[parse] 2025-12-19T14:04:41.098 state -> child
[parse] 2025-12-19T14:04:41.102 parent RLOC16 -> 7000
[parse] 2025-12-19T14:04:41.166 state -> child
[parse] 2025-12-19T14:04:41.170 parent RLOC16 -> 7000
[/dev/ttyACM0] ping parent fd72:e9dd:7d27:e872:0:ff:fe00:7000
[parse] 2025-12-19T14:04:41.427 state -> child
[parse] 2025-12-19T14:04:41.433 parent RLOC16 -> 7000
[/dev/ttyACM0] ping parent fd72:e9dd:7d27:e872:0:ff:fe00:7000
[parse] 2025-12-19T14:04:42.353 state -> child
[parse] 2025-12-19T14:04:42.358 parent RLOC16 -> 7000
[/dev/ttyACM0] ping parent fd72:e9dd:7d27:e872:0:ff:fe00:7000
[parse] 2025-12-19T14:04:43.344 state -> child
[parse] 2025-12-19T14:04:43.349 parent RLOC16 -> 7000
[/dev/ttyACM0] ping parent fd72:e9dd:7d27:e872:0:ff:fe00:7000
[parse] 2025-12-19T14:04:44.409 state -> child
[parse] 2025-12-19T14:04:44.415 parent RLOC16 -> 7000
[/dev/ttyACM0] ping parent fd72:e9dd:7d27:e872:0:ff:fe00:7000
[parse] 2025-12-19T14:04:45.375 state -> child
[parse] 2025-12-19T14:04:45.381 parent RLOC16 -> 7000
[/dev/ttyACM0] ping parent fd72:e9dd:7d27:e872:0:ff:fe00:7000
[/dev/ttyACM0] ping parent fd72:e9dd:7d27:e872:0:ff:fe00:7000
[parse] 2025-12-19T14:04:51.276 state -> child
[parse] 2025-12-19T14:04:51.282 parent RLOC16 -> 7000
[/dev/ttyACM0] ping parent fd72:e9dd:7d27:e872:0:ff:fe00:7000
[parse] 2025-12-19T14:04:51.334 state -> child
[parse] 2025-12-19T14:04:51.338 parent RLOC16 -> 7000
[parse] 2025-12-19T14:04:51.390 state -> child
[parse] 2025-12-19T14:04:51.393 parent RLOC16 -> 7000
[/dev/ttyACM0] ping parent fd72:e9dd:7d27:e872:0:ff:fe00:7000
[parse] 2025-12-19T14:04:52.352 state -> child
[parse] 2025-12-19T14:04:52.358 parent RLOC16 -> 7000
[/dev/ttyACM0] ping parent fd72:e9dd:7d27:e872:0:ff:fe00:7000
[parse] 2025-12-19T14:04:53.434 state -> child
[parse] 2025-12-19T14:04:53.439 parent RLOC16 -> 7000
[/dev/ttyACM0] ping parent fd72:e9dd:7d27:e872:0:ff:fe00:7000
[parse] 2025-12-19T14:04:54.399 state -> child
[parse] 2025-12-19T14:04:54.405 parent RLOC16 -> 7000
[/dev/ttyACM0] ping parent fd72:e9dd:7d27:e872:0:ff:fe00:7000
[parse] 2025-12-19T14:04:55.368 state -> child
[parse] 2025-12-19T14:04:55.373 parent RLOC16 -> 7000
[/dev/ttyACM0] ping parent fd72:e9dd:7d27:e872:0:ff:fe00:7000
[parse] 2025-12-19T14:04:56.377 state -> child
[parse] 2025-12-19T14:04:56.383 parent RLOC16 -> 7000
[/dev/ttyACM0] ping parent fd72:e9dd:7d27:e872:0:ff:fe00:7000
[parse] 2025-12-19T14:04:57.343 state -> child
[parse] 2025-12-19T14:04:57.348 parent RLOC16 -> 7000
[/dev/ttyACM0] ping parent fd72:e9dd:7d27:e872:0:ff:fe00:7000
[parse] 2025-12-19T14:04:58.424 state -> child
[parse] 2025-12-19T14:04:58.429 parent RLOC16 -> 7000
[/dev/ttyACM0] ping parent fd72:e9dd:7d27:e872:0:ff:fe00:7000
[parse] 2025-12-19T14:04:59.416 state -> child
[parse] 2025-12-19T14:04:59.420 parent RLOC16 -> 7000
[/dev/ttyACM0] ping parent fd72:e9dd:7d27:e872:0:ff:fe00:7000
[parse] 2025-12-19T14:05:00.362 state -> child
[parse] 2025-12-19T14:05:00.367 parent RLOC16 -> 7000
[/dev/ttyACM0] ping parent fd72:e9dd:7d27:e872:0:ff:fe00:7000
[parse] 2025-12-19T14:05:01.377 state -> child
[parse] 2025-12-19T14:05:01.382 parent RLOC16 -> 7000
[/dev/ttyACM0] ping parent fd72:e9dd:7d27:e872:0:ff:fe00:7000
[parse] 2025-12-19T14:05:02.344 state -> child
[parse] 2025-12-19T14:05:02.351 parent RLOC16 -> 7000
[/dev/ttyACM0] ping parent fd72:e9dd:7d27:e872:0:ff:fe00:7000
[/dev/ttyACM0] ping parent fd72:e9dd:7d27:e872:0:ff:fe00:7000
[parse] 2025-12-19T14:05:04.805 state -> child
[parse] 2025-12-19T14:05:04.811 parent RLOC16 -> 7000
[parse] 2025-12-19T14:05:04.885 state -> child
[parse] 2025-12-19T14:05:04.889 parent RLOC16 -> 7000
[/dev/ttyACM0] ping parent fd72:e9dd:7d27:e872:0:ff:fe00:7000
[parse] 2025-12-19T14:05:05.346 state -> child
[parse] 2025-12-19T14:05:05.352 parent RLOC16 -> 7000
[/dev/ttyACM0] ping parent fd72:e9dd:7d27:e872:0:ff:fe00:7000
[parse] 2025-12-19T14:05:06.460 state -> child
[parse] 2025-12-19T14:05:06.469 parent RLOC16 -> 7000
[/dev/ttyACM0] ping parent fd72:e9dd:7d27:e872:0:ff:fe00:7000
[parse] 2025-12-19T14:05:07.429 state -> child
[parse] 2025-12-19T14:05:07.434 parent RLOC16 -> 7000
[/dev/ttyACM0] ping parent fd72:e9dd:7d27:e872:0:ff:fe00:7000
[parse] 2025-12-19T14:05:08.394 state -> child
[parse] 2025-12-19T14:05:08.399 parent RLOC16 -> 7000
[/dev/ttyACM0] ping parent fd72:e9dd:7d27:e872:0:ff:fe00:7000
[parse] 2025-12-19T14:05:09.360 state -> child
[parse] 2025-12-19T14:05:09.365 parent RLOC16 -> 7000
[/dev/ttyACM0] ping parent fd72:e9dd:7d27:e872:0:ff:fe00:7000
[parse] 2025-12-19T14:05:10.430 state -> child
[parse] 2025-12-19T14:05:10.435 parent RLOC16 -> 7000
[/dev/ttyACM0] ping parent fd72:e9dd:7d27:e872:0:ff:fe00:7000
[parse] 2025-12-19T14:05:11.398 state -> child
[parse] 2025-12-19T14:05:11.403 parent RLOC16 -> 7000
[/dev/ttyACM0] ping parent fd72:e9dd:7d27:e872:0:ff:fe00:7000
[parse] 2025-12-19T14:05:12.415 state -> child
[parse] 2025-12-19T14:05:12.420 parent RLOC16 -> 7000
[/dev/ttyACM0] ping parent fd72:e9dd:7d27:e872:0:ff:fe00:7000
[parse] 2025-12-19T14:05:13.383 state -> child
[parse] 2025-12-19T14:05:13.389 parent RLOC16 -> 7000
[/dev/ttyACM0] ping parent fd72:e9dd:7d27:e872:0:ff:fe00:7000
[parse] 2025-12-19T14:05:14.353 state -> child
[parse] 2025-12-19T14:05:14.360 parent RLOC16 -> 7000
[/dev/ttyACM0] ping parent fd72:e9dd:7d27:e872:0:ff:fe00:7000
[parse] 2025-12-19T14:05:15.419 state -> child
[parse] 2025-12-19T14:05:15.425 parent RLOC16 -> 7000
[/dev/ttyACM0] ping parent fd72:e9dd:7d27:e872:0:ff:fe00:7000
[parse] 2025-12-19T14:05:16.532 state -> child
[parse] 2025-12-19T14:05:16.537 parent RLOC16 -> 7000
[/dev/ttyACM0] ping parent fd72:e9dd:7d27:e872:0:ff:fe00:7000
[parse] 2025-12-19T14:05:17.361 state -> child
[parse] 2025-12-19T14:05:17.366 parent RLOC16 -> 7000
[/dev/ttyACM0] ping parent fd72:e9dd:7d27:e872:0:ff:fe00:7000
[parse] 2025-12-19T14:05:18.429 state -> child
[parse] 2025-12-19T14:05:18.435 parent RLOC16 -> 7000
[/dev/ttyACM0] ping parent fd72:e9dd:7d27:e872:0:ff:fe00:7000
[parse] 2025-12-19T14:05:19.410 state -> child
[parse] 2025-12-19T14:05:19.415 parent RLOC16 -> 7000
[/dev/ttyACM0] ping parent fd72:e9dd:7d27:e872:0:ff:fe00:7000
[parse] 2025-12-19T14:05:20.374 state -> child
[parse] 2025-12-19T14:05:20.380 parent RLOC16 -> 7000
[/dev/ttyACM0] ping parent fd72:e9dd:7d27:e872:0:ff:fe00:7000
[parse] 2025-12-19T14:05:21.372 state -> child
[parse] 2025-12-19T14:05:21.377 parent RLOC16 -> 7000
[/dev/ttyACM0] ping parent fd72:e9dd:7d27:e872:0:ff:fe00:7000
[parse] 2025-12-19T14:05:22.338 state -> child
[parse] 2025-12-19T14:05:22.343 parent RLOC16 -> 7000
[/dev/ttyACM0] ping parent fd72:e9dd:7d27:e872:0:ff:fe00:7000
[parse] 2025-12-19T14:05:23.390 state -> child
[parse] 2025-12-19T14:05:23.395 parent RLOC16 -> 7000
[/dev/ttyACM0] ping parent fd72:e9dd:7d27:e872:0:ff:fe00:7000
[parse] 2025-12-19T14:05:24.355 state -> child
[parse] 2025-12-19T14:05:24.361 parent RLOC16 -> 7000
[/dev/ttyACM0] ping parent fd72:e9dd:7d27:e872:0:ff:fe00:7000
[parse] 2025-12-19T14:05:25.428 state -> child
[parse] 2025-12-19T14:05:25.434 parent RLOC16 -> 7000
[/dev/ttyACM0] ping parent fd72:e9dd:7d27:e872:0:ff:fe00:7000
[parse] 2025-12-19T14:05:26.395 state -> child
[parse] 2025-12-19T14:05:26.400 parent RLOC16 -> 7000
[/dev/ttyACM0] ping parent fd72:e9dd:7d27:e872:0:ff:fe00:7000
[parse] 2025-12-19T14:05:27.419 state -> child
[parse] 2025-12-19T14:05:27.424 parent RLOC16 -> 7000
[/dev/ttyACM0] ping parent fd72:e9dd:7d27:e872:0:ff:fe00:7000
[parse] 2025-12-19T14:05:28.386 state -> child
[parse] 2025-12-19T14:05:28.392 parent RLOC16 -> 7000
[/dev/ttyACM0] ping parent fd72:e9dd:7d27:e872:0:ff:fe00:7000
[parse] 2025-12-19T14:05:29.423 state -> child
[parse] 2025-12-19T14:05:29.429 parent RLOC16 -> 7000
[/dev/ttyACM0] ping parent fd72:e9dd:7d27:e872:0:ff:fe00:7000
[parse] 2025-12-19T14:05:30.404 state -> child
[parse] 2025-12-19T14:05:30.409 parent RLOC16 -> 7000
[/dev/ttyACM0] ping parent fd72:e9dd:7d27:e872:0:ff:fe00:7000
[parse] 2025-12-19T14:05:31.355 state -> child
[parse] 2025-12-19T14:05:31.361 parent RLOC16 -> 7000
[/dev/ttyACM0] ping parent fd72:e9dd:7d27:e872:0:ff:fe00:7000
[parse] 2025-12-19T14:05:32.420 state -> child
[parse] 2025-12-19T14:05:32.426 parent RLOC16 -> 7000
[/dev/ttyACM0] ping parent fd72:e9dd:7d27:e872:0:ff:fe00:7000
[parse] 2025-12-19T14:05:33.402 state -> child
[parse] 2025-12-19T14:05:33.408 parent RLOC16 -> 7000
[/dev/ttyACM0] ping parent fd72:e9dd:7d27:e872:0:ff:fe00:7000
[parse] 2025-12-19T14:05:34.415 state -> child
[parse] 2025-12-19T14:05:34.420 parent RLOC16 -> 7000
[/dev/ttyACM0] ping parent fd72:e9dd:7d27:e872:0:ff:fe00:7000
[parse] 2025-12-19T14:05:35.392 state -> child
[parse] 2025-12-19T14:05:35.397 parent RLOC16 -> 7000
[/dev/ttyACM0] ping parent fd72:e9dd:7d27:e872:0:ff:fe00:7000
[parse] 2025-12-19T14:05:36.357 state -> child
[parse] 2025-12-19T14:05:36.363 parent RLOC16 -> 7000
[/dev/ttyACM0] ping parent fd72:e9dd:7d27:e872:0:ff:fe00:7000
[parse] 2025-12-19T14:05:37.423 state -> child
[parse] 2025-12-19T14:05:37.429 parent RLOC16 -> 7000
[/dev/ttyACM0] ping parent fd72:e9dd:7d27:e872:0:ff:fe00:7000
[parse] 2025-12-19T14:05:38.383 state -> child
[parse] 2025-12-19T14:05:38.388 parent RLOC16 -> 7000
[/dev/ttyACM0] ping parent fd72:e9dd:7d27:e872:0:ff:fe00:7000
[parse] 2025-12-19T14:05:39.375 state -> child
[parse] 2025-12-19T14:05:39.381 parent RLOC16 -> 7000
[/dev/ttyACM0] ping parent fd72:e9dd:7d27:e872:0:ff:fe00:7000
[parse] 2025-12-19T14:05:40.428 state -> child
[parse] 2025-12-19T14:05:40.434 parent RLOC16 -> 7000
[/dev/ttyACM0] ping parent fd72:e9dd:7d27:e872:0:ff:fe00:7000
[parse] 2025-12-19T14:05:41.401 state -> child
[parse] 2025-12-19T14:05:41.406 parent RLOC16 -> 7000
[/dev/ttyACM0] ping parent fd72:e9dd:7d27:e872:0:ff:fe00:7000
[parse] 2025-12-19T14:05:42.378 state -> child
[parse] 2025-12-19T14:05:42.383 parent RLOC16 -> 7000
[/dev/ttyACM0] ping parent fd72:e9dd:7d27:e872:0:ff:fe00:7000
[parse] 2025-12-19T14:05:43.343 state -> child
[parse] 2025-12-19T14:05:43.349 parent RLOC16 -> 7000
[/dev/ttyACM0] ping parent fd72:e9dd:7d27:e872:0:ff:fe00:7000
[parse] 2025-12-19T14:05:44.415 state -> child
[parse] 2025-12-19T14:05:44.420 parent RLOC16 -> 7000
[/dev/ttyACM0] ping parent fd72:e9dd:7d27:e872:0:ff:fe00:7000
[parse] 2025-12-19T14:05:45.380 state -> child
[parse] 2025-12-19T14:05:45.386 parent RLOC16 -> 7000
[/dev/ttyACM0] ping parent fd72:e9dd:7d27:e872:0:ff:fe00:7000
[parse] 2025-12-19T14:05:46.365 state -> child
[parse] 2025-12-19T14:05:46.370 parent RLOC16 -> 7000
[/dev/ttyACM0] ping parent fd72:e9dd:7d27:e872:0:ff:fe00:7000
[parse] 2025-12-19T14:05:47.431 state -> child
[parse] 2025-12-19T14:05:47.437 parent RLOC16 -> 7000
[/dev/ttyACM0] ping parent fd72:e9dd:7d27:e872:0:ff:fe00:7000
[parse] 2025-12-19T14:05:48.399 state -> child
[parse] 2025-12-19T14:05:48.427 parent RLOC16 -> 7000
[/dev/ttyACM0] ping parent fd72:e9dd:7d27:e872:0:ff:fe00:7000
[parse] 2025-12-19T14:05:49.422 state -> child
[parse] 2025-12-19T14:05:49.425 parent RLOC16 -> e000
[/dev/ttyACM0] ping parent fd72:e9dd:7d27:e872:0:ff:fe00:e000
[parse] 2025-12-19T14:05:50.407 state -> child
[parse] 2025-12-19T14:05:50.413 parent RLOC16 -> e000
[/dev/ttyACM0] ping parent fd72:e9dd:7d27:e872:0:ff:fe00:e000
[parse] 2025-12-19T14:05:51.372 state -> child
[parse] 2025-12-19T14:05:51.378 parent RLOC16 -> e000
[/dev/ttyACM0] ping parent fd72:e9dd:7d27:e872:0:ff:fe00:e000
[parse] 2025-12-19T14:05:52.394 state -> child
[parse] 2025-12-19T14:05:52.399 parent RLOC16 -> e000
[/dev/ttyACM0] ping parent fd72:e9dd:7d27:e872:0:ff:fe00:e000
[parse] 2025-12-19T14:05:53.437 state -> child
[parse] 2025-12-19T14:05:53.443 parent RLOC16 -> e000
[/dev/ttyACM0] ping parent fd72:e9dd:7d27:e872:0:ff:fe00:e000
[parse] 2025-12-19T14:05:54.411 state -> child
[parse] 2025-12-19T14:05:54.418 parent RLOC16 -> e000
[/dev/ttyACM0] ping parent fd72:e9dd:7d27:e872:0:ff:fe00:e000
[parse] 2025-12-19T14:05:55.340 state -> child
[parse] 2025-12-19T14:05:55.345 parent RLOC16 -> e000
[/dev/ttyACM0] ping parent fd72:e9dd:7d27:e872:0:ff:fe00:e000
[parse] 2025-12-19T14:05:56.344 state -> child
[parse] 2025-12-19T14:05:56.349 parent RLOC16 -> e000
[/dev/ttyACM0] ping parent fd72:e9dd:7d27:e872:0:ff:fe00:e000
[parse] 2025-12-19T14:05:58.148 state -> child
[parse] 2025-12-19T14:05:58.156 parent RLOC16 -> e000
[/dev/ttyACM0] ping parent fd72:e9dd:7d27:e872:0:ff:fe00:e000
[parse] 2025-12-19T14:05:58.414 state -> child
[parse] 2025-12-19T14:05:58.419 parent RLOC16 -> e000
[/dev/ttyACM0] ping parent fd72:e9dd:7d27:e872:0:ff:fe00:e000
[parse] 2025-12-19T14:05:59.380 state -> child
[parse] 2025-12-19T14:05:59.386 parent RLOC16 -> e000
[/dev/ttyACM0] ping parent fd72:e9dd:7d27:e872:0:ff:fe00:e000
[parse] 2025-12-19T14:06:00.349 state -> child
[parse] 2025-12-19T14:06:00.354 parent RLOC16 -> e000
[/dev/ttyACM0] ping parent fd72:e9dd:7d27:e872:0:ff:fe00:e000
[parse] 2025-12-19T14:06:01.421 state -> child
[parse] 2025-12-19T14:06:01.426 parent RLOC16 -> e000
[/dev/ttyACM0] ping parent fd72:e9dd:7d27:e872:0:ff:fe00:e000
[parse] 2025-12-19T14:06:02.387 state -> child
[parse] 2025-12-19T14:06:02.393 parent RLOC16 -> e000
[/dev/ttyACM0] ping parent fd72:e9dd:7d27:e872:0:ff:fe00:e000
[parse] 2025-12-19T14:06:03.399 state -> child
[parse] 2025-12-19T14:06:03.405 parent RLOC16 -> e000
[/dev/ttyACM0] ping parent fd72:e9dd:7d27:e872:0:ff:fe00:e000
[parse] 2025-12-19T14:06:04.367 state -> child
[parse] 2025-12-19T14:06:04.371 parent RLOC16 -> e000
[/dev/ttyACM0] ping parent fd72:e9dd:7d27:e872:0:ff:fe00:e000
[parse] 2025-12-19T14:06:05.433 state -> child
[parse] 2025-12-19T14:06:05.438 parent RLOC16 -> e000
[/dev/ttyACM0] ping parent fd72:e9dd:7d27:e872:0:ff:fe00:e000
[parse] 2025-12-19T14:06:06.414 state -> child
[parse] 2025-12-19T14:06:06.419 parent RLOC16 -> e000
[/dev/ttyACM0] ping parent fd72:e9dd:7d27:e872:0:ff:fe00:e000
[parse] 2025-12-19T14:06:07.420 state -> child
[parse] 2025-12-19T14:06:07.472 parent RLOC16 -> e000
[/dev/ttyACM0] ping parent fd72:e9dd:7d27:e872:0:ff:fe00:e000
[parse] 2025-12-19T14:06:08.435 state -> child
[parse] 2025-12-19T14:06:08.441 parent RLOC16 -> e000
[/dev/ttyACM0] ping parent fd72:e9dd:7d27:e872:0:ff:fe00:e000
[parse] 2025-12-19T14:06:09.413 state -> child
[parse] 2025-12-19T14:06:09.418 parent RLOC16 -> e000
[/dev/ttyACM0] ping parent fd72:e9dd:7d27:e872:0:ff:fe00:e000
[parse] 2025-12-19T14:06:10.379 state -> child
[parse] 2025-12-19T14:06:10.385 parent RLOC16 -> e000
[/dev/ttyACM0] ping parent fd72:e9dd:7d27:e872:0:ff:fe00:e000
[parse] 2025-12-19T14:06:11.363 state -> child
[parse] 2025-12-19T14:06:11.369 parent RLOC16 -> e000
[/dev/ttyACM0] ping parent fd72:e9dd:7d27:e872:0:ff:fe00:e000
[parse] 2025-12-19T14:06:12.429 state -> child
[parse] 2025-12-19T14:06:12.434 parent RLOC16 -> e000
[/dev/ttyACM0] ping parent fd72:e9dd:7d27:e872:0:ff:fe00:e000
[parse] 2025-12-19T14:06:13.399 state -> child
[parse] 2025-12-19T14:06:13.406 parent RLOC16 -> e000
[/dev/ttyACM0] ping parent fd72:e9dd:7d27:e872:0:ff:fe00:e000
[parse] 2025-12-19T14:06:14.394 state -> child
[parse] 2025-12-19T14:06:14.400 parent RLOC16 -> e000
[/dev/ttyACM0] ping parent fd72:e9dd:7d27:e872:0:ff:fe00:e000
[parse] 2025-12-19T14:06:15.358 state -> child
[parse] 2025-12-19T14:06:15.364 parent RLOC16 -> e000
[/dev/ttyACM0] ping parent fd72:e9dd:7d27:e872:0:ff:fe00:e000
[parse] 2025-12-19T14:06:16.439 state -> child
[parse] 2025-12-19T14:06:16.442 parent RLOC16 -> e000
[/dev/ttyACM0] ping parent fd72:e9dd:7d27:e872:0:ff:fe00:e000
[parse] 2025-12-19T14:06:17.380 state -> child
[parse] 2025-12-19T14:06:17.384 parent RLOC16 -> e000
[/dev/ttyACM0] ping parent fd72:e9dd:7d27:e872:0:ff:fe00:e000
[parse] 2025-12-19T14:06:18.369 state -> child
[parse] 2025-12-19T14:06:18.375 parent RLOC16 -> e000
[/dev/ttyACM0] ping parent fd72:e9dd:7d27:e872:0:ff:fe00:e000
[parse] 2025-12-19T14:06:19.355 state -> child
[parse] 2025-12-19T14:06:19.359 parent RLOC16 -> e000
[/dev/ttyACM0] ping parent fd72:e9dd:7d27:e872:0:ff:fe00:e000
[parse] 2025-12-19T14:06:20.419 state -> child
[parse] 2025-12-19T14:06:20.424 parent RLOC16 -> e000
[/dev/ttyACM0] ping parent fd72:e9dd:7d27:e872:0:ff:fe00:e000
[parse] 2025-12-19T14:06:21.385 state -> child
[parse] 2025-12-19T14:06:21.391 parent RLOC16 -> e000
[/dev/ttyACM0] ping parent fd72:e9dd:7d27:e872:0:ff:fe00:e000
[parse] 2025-12-19T14:06:22.351 state -> child
[parse] 2025-12-19T14:06:22.357 parent RLOC16 -> e000
[/dev/ttyACM0] ping parent fd72:e9dd:7d27:e872:0:ff:fe00:e000
[parse] 2025-12-19T14:06:23.435 state -> child
[parse] 2025-12-19T14:06:23.441 parent RLOC16 -> e000
[/dev/ttyACM0] ping parent fd72:e9dd:7d27:e872:0:ff:fe00:e000
[parse] 2025-12-19T14:06:24.402 state -> child
[parse] 2025-12-19T14:06:24.408 parent RLOC16 -> e000
[/dev/ttyACM0] ping parent fd72:e9dd:7d27:e872:0:ff:fe00:e000
[parse] 2025-12-19T14:06:25.366 state -> child
[parse] 2025-12-19T14:06:25.371 parent RLOC16 -> e000
[/dev/ttyACM0] ping parent fd72:e9dd:7d27:e872:0:ff:fe00:e000
[parse] 2025-12-19T14:06:26.342 state -> child
[parse] 2025-12-19T14:06:26.348 parent RLOC16 -> e000
[/dev/ttyACM0] ping parent fd72:e9dd:7d27:e872:0:ff:fe00:e000
[parse] 2025-12-19T14:06:27.410 state -> child
[parse] 2025-12-19T14:06:27.416 parent RLOC16 -> e000
[/dev/ttyACM0] ping parent fd72:e9dd:7d27:e872:0:ff:fe00:e000
[parse] 2025-12-19T14:06:28.404 state -> child
[parse] 2025-12-19T14:06:28.410 parent RLOC16 -> e000
[/dev/ttyACM0] ping parent fd72:e9dd:7d27:e872:0:ff:fe00:e000
[parse] 2025-12-19T14:06:29.369 state -> child
[parse] 2025-12-19T14:06:29.374 parent RLOC16 -> e000
[/dev/ttyACM0] ping parent fd72:e9dd:7d27:e872:0:ff:fe00:e000
[parse] 2025-12-19T14:06:30.435 state -> child
[parse] 2025-12-19T14:06:30.441 parent RLOC16 -> e000
[/dev/ttyACM0] ping parent fd72:e9dd:7d27:e872:0:ff:fe00:e000
[parse] 2025-12-19T14:06:31.412 state -> child
[parse] 2025-12-19T14:06:31.418 parent RLOC16 -> e000
[/dev/ttyACM0] ping parent fd72:e9dd:7d27:e872:0:ff:fe00:e000
[parse] 2025-12-19T14:06:32.377 state -> child
[parse] 2025-12-19T14:06:32.383 parent RLOC16 -> e000
[/dev/ttyACM0] ping parent fd72:e9dd:7d27:e872:0:ff:fe00:e000
[parse] 2025-12-19T14:06:33.375 state -> child
[parse] 2025-12-19T14:06:33.381 parent RLOC16 -> e000
[/dev/ttyACM0] ping parent fd72:e9dd:7d27:e872:0:ff:fe00:e000
[parse] 2025-12-19T14:06:34.341 state -> child
[parse] 2025-12-19T14:06:34.346 parent RLOC16 -> e000
[/dev/ttyACM0] ping parent fd72:e9dd:7d27:e872:0:ff:fe00:e000
[parse] 2025-12-19T14:06:35.410 state -> child
[parse] 2025-12-19T14:06:35.415 parent RLOC16 -> e000
[/dev/ttyACM0] ping parent fd72:e9dd:7d27:e872:0:ff:fe00:e000
[parse] 2025-12-19T14:06:36.379 state -> child
[parse] 2025-12-19T14:06:36.386 parent RLOC16 -> e000
[/dev/ttyACM0] ping parent fd72:e9dd:7d27:e872:0:ff:fe00:e000
[parse] 2025-12-19T14:06:37.348 state -> child
[parse] 2025-12-19T14:06:37.354 parent RLOC16 -> e000
[/dev/ttyACM0] ping parent fd72:e9dd:7d27:e872:0:ff:fe00:e000
[parse] 2025-12-19T14:06:38.419 state -> child
[parse] 2025-12-19T14:06:38.425 parent RLOC16 -> e000
[/dev/ttyACM0] ping parent fd72:e9dd:7d27:e872:0:ff:fe00:e000
[parse] 2025-12-19T14:06:39.410 state -> child
[parse] 2025-12-19T14:06:39.416 parent RLOC16 -> e000
[/dev/ttyACM0] ping parent fd72:e9dd:7d27:e872:0:ff:fe00:e000
[parse] 2025-12-19T14:06:40.380 state -> child
[parse] 2025-12-19T14:06:40.386 parent RLOC16 -> e000
[/dev/ttyACM0] ping parent fd72:e9dd:7d27:e872:0:ff:fe00:e000
[parse] 2025-12-19T14:06:41.346 state -> child
[parse] 2025-12-19T14:06:41.352 parent RLOC16 -> e000
[/dev/ttyACM0] ping parent fd72:e9dd:7d27:e872:0:ff:fe00:e000
[parse] 2025-12-19T14:06:42.414 state -> child
[parse] 2025-12-19T14:06:42.419 parent RLOC16 -> e000
[/dev/ttyACM0] ping parent fd72:e9dd:7d27:e872:0:ff:fe00:e000
[parse] 2025-12-19T14:06:43.414 state -> child
[parse] 2025-12-19T14:06:43.419 parent RLOC16 -> e000
[/dev/ttyACM0] ping parent fd72:e9dd:7d27:e872:0:ff:fe00:e000
[parse] 2025-12-19T14:06:44.370 state -> child
[parse] 2025-12-19T14:06:44.376 parent RLOC16 -> e000
[/dev/ttyACM0] ping parent fd72:e9dd:7d27:e872:0:ff:fe00:e000
[parse] 2025-12-19T14:06:45.337 state -> child
[parse] 2025-12-19T14:06:45.341 parent RLOC16 -> e000
[/dev/ttyACM0] ping parent fd72:e9dd:7d27:e872:0:ff:fe00:e000
[parse] 2025-12-19T14:06:46.403 state -> child
[parse] 2025-12-19T14:06:46.408 parent RLOC16 -> e000
[/dev/ttyACM0] ping parent fd72:e9dd:7d27:e872:0:ff:fe00:e000
[parse] 2025-12-19T14:06:47.367 state -> child
[parse] 2025-12-19T14:06:47.372 parent RLOC16 -> e000
[/dev/ttyACM0] ping parent fd72:e9dd:7d27:e872:0:ff:fe00:e000
[parse] 2025-12-19T14:06:48.434 state -> child
[parse] 2025-12-19T14:06:48.439 parent RLOC16 -> e000
[/dev/ttyACM0] ping parent fd72:e9dd:7d27:e872:0:ff:fe00:e000
[parse] 2025-12-19T14:06:49.413 state -> child
[parse] 2025-12-19T14:06:49.419 parent RLOC16 -> e000
[/dev/ttyACM0] ping parent fd72:e9dd:7d27:e872:0:ff:fe00:e000
[parse] 2025-12-19T14:06:50.379 state -> child
[parse] 2025-12-19T14:06:50.386 parent RLOC16 -> e000
[/dev/ttyACM0] ping parent fd72:e9dd:7d27:e872:0:ff:fe00:e000
[parse] 2025-12-19T14:06:51.344 state -> child
[parse] 2025-12-19T14:06:51.350 parent RLOC16 -> e000
[/dev/ttyACM0] ping parent fd72:e9dd:7d27:e872:0:ff:fe00:e000
[parse] 2025-12-19T14:06:52.411 state -> child
[parse] 2025-12-19T14:06:52.416 parent RLOC16 -> e000
[/dev/ttyACM0] ping parent fd72:e9dd:7d27:e872:0:ff:fe00:e000
[parse] 2025-12-19T14:06:53.376 state -> child
[parse] 2025-12-19T14:06:53.381 parent RLOC16 -> e000
[/dev/ttyACM0] ping parent fd72:e9dd:7d27:e872:0:ff:fe00:e000
[parse] 2025-12-19T14:06:54.388 state -> child
[parse] 2025-12-19T14:06:54.395 parent RLOC16 -> e000
[/dev/ttyACM0] ping parent fd72:e9dd:7d27:e872:0:ff:fe00:e000
[parse] 2025-12-19T14:06:55.360 state -> child
[parse] 2025-12-19T14:06:55.366 parent RLOC16 -> e000
[/dev/ttyACM0] ping parent fd72:e9dd:7d27:e872:0:ff:fe00:e000
[parse] 2025-12-19T14:06:56.425 state -> child
[parse] 2025-12-19T14:06:56.431 parent RLOC16 -> e000
[/dev/ttyACM0] ping parent fd72:e9dd:7d27:e872:0:ff:fe00:e000
[parse] 2025-12-19T14:06:57.380 state -> child
[parse] 2025-12-19T14:06:57.384 parent RLOC16 -> e000
[/dev/ttyACM0] ping parent fd72:e9dd:7d27:e872:0:ff:fe00:e000
[parse] 2025-12-19T14:06:58.387 state -> child
[parse] 2025-12-19T14:06:58.393 parent RLOC16 -> 7000
[/dev/ttyACM0] ping parent fd72:e9dd:7d27:e872:0:ff:fe00:7000
[parse] 2025-12-19T14:06:59.406 state -> child
[parse] 2025-12-19T14:06:59.412 parent RLOC16 -> 7000
[/dev/ttyACM0] ping parent fd72:e9dd:7d27:e872:0:ff:fe00:7000
[parse] 2025-12-19T14:07:00.385 state -> child
[parse] 2025-12-19T14:07:00.389 parent RLOC16 -> 7000
[/dev/ttyACM0] ping parent fd72:e9dd:7d27:e872:0:ff:fe00:7000
[parse] 2025-12-19T14:07:01.361 state -> child
[parse] 2025-12-19T14:07:01.367 parent RLOC16 -> 7000
[/dev/ttyACM0] ping parent fd72:e9dd:7d27:e872:0:ff:fe00:7000
[parse] 2025-12-19T14:07:02.430 state -> child
[parse] 2025-12-19T14:07:02.436 parent RLOC16 -> 7000
[/dev/ttyACM0] ping parent fd72:e9dd:7d27:e872:0:ff:fe00:7000
[parse] 2025-12-19T14:07:03.483 state -> child
[parse] 2025-12-19T14:07:03.492 parent RLOC16 -> 7000
[/dev/ttyACM0] ping parent fd72:e9dd:7d27:e872:0:ff:fe00:7000
[parse] 2025-12-19T14:07:04.372 state -> child
[parse] 2025-12-19T14:07:04.378 parent RLOC16 -> 7000
[/dev/ttyACM0] ping parent fd72:e9dd:7d27:e872:0:ff:fe00:7000
[parse] 2025-12-19T14:07:05.338 state -> child
[parse] 2025-12-19T14:07:05.342 parent RLOC16 -> 7000
[/dev/ttyACM0] ping parent fd72:e9dd:7d27:e872:0:ff:fe00:7000
[parse] 2025-12-19T14:07:06.379 state -> child
[parse] 2025-12-19T14:07:06.382 parent RLOC16 -> 7000
[/dev/ttyACM0] ping parent fd72:e9dd:7d27:e872:0:ff:fe00:7000
[parse] 2025-12-19T14:07:07.378 state -> child
[parse] 2025-12-19T14:07:07.384 parent RLOC16 -> 7000
[/dev/ttyACM0] ping parent fd72:e9dd:7d27:e872:0:ff:fe00:7000
[parse] 2025-12-19T14:07:08.349 state -> child
[parse] 2025-12-19T14:07:08.354 parent RLOC16 -> 7000
[/dev/ttyACM0] ping parent fd72:e9dd:7d27:e872:0:ff:fe00:7000
[parse] 2025-12-19T14:07:09.424 state -> child
[parse] 2025-12-19T14:07:09.429 parent RLOC16 -> 7000
[/dev/ttyACM0] ping parent fd72:e9dd:7d27:e872:0:ff:fe00:7000
[parse] 2025-12-19T14:07:10.403 state -> child
[parse] 2025-12-19T14:07:10.409 parent RLOC16 -> 7000
[/dev/ttyACM0] ping parent fd72:e9dd:7d27:e872:0:ff:fe00:7000
[parse] 2025-12-19T14:07:11.368 state -> child
[parse] 2025-12-19T14:07:11.373 parent RLOC16 -> 7000
[/dev/ttyACM0] ping parent fd72:e9dd:7d27:e872:0:ff:fe00:7000
[parse] 2025-12-19T14:07:12.340 state -> child
[parse] 2025-12-19T14:07:12.345 parent RLOC16 -> 7000
[/dev/ttyACM0] ping parent fd72:e9dd:7d27:e872:0:ff:fe00:7000
[parse] 2025-12-19T14:07:13.423 state -> child
[parse] 2025-12-19T14:07:13.428 parent RLOC16 -> 7000
[/dev/ttyACM0] ping parent fd72:e9dd:7d27:e872:0:ff:fe00:7000
[parse] 2025-12-19T14:07:14.389 state -> child
[parse] 2025-12-19T14:07:14.395 parent RLOC16 -> 7000
[/dev/ttyACM0] ping parent fd72:e9dd:7d27:e872:0:ff:fe00:7000
[parse] 2025-12-19T14:07:15.400 state -> child
[parse] 2025-12-19T14:07:15.407 parent RLOC16 -> 7000
[/dev/ttyACM0] ping parent fd72:e9dd:7d27:e872:0:ff:fe00:7000
[parse] 2025-12-19T14:07:16.365 state -> child
[parse] 2025-12-19T14:07:16.370 parent RLOC16 -> 7000
[/dev/ttyACM0] ping parent fd72:e9dd:7d27:e872:0:ff:fe00:7000
[parse] 2025-12-19T14:07:17.336 state -> child
[parse] 2025-12-19T14:07:17.340 parent RLOC16 -> 7000
[/dev/ttyACM0] ping parent fd72:e9dd:7d27:e872:0:ff:fe00:7000
[parse] 2025-12-19T14:07:18.396 state -> child
[parse] 2025-12-19T14:07:18.402 parent RLOC16 -> e000
[/dev/ttyACM0] ping parent fd72:e9dd:7d27:e872:0:ff:fe00:e000
[parse] 2025-12-19T14:07:19.361 state -> child
[parse] 2025-12-19T14:07:19.366 parent RLOC16 -> e000
[/dev/ttyACM0] ping parent fd72:e9dd:7d27:e872:0:ff:fe00:e000
[parse] 2025-12-19T14:07:20.432 state -> child
[parse] 2025-12-19T14:07:20.439 parent RLOC16 -> e000
[/dev/ttyACM0] ping parent fd72:e9dd:7d27:e872:0:ff:fe00:e000
[parse] 2025-12-19T14:07:21.398 state -> child
[parse] 2025-12-19T14:07:21.403 parent RLOC16 -> e000
[/dev/ttyACM0] ping parent fd72:e9dd:7d27:e872:0:ff:fe00:e000
[parse] 2025-12-19T14:07:22.369 state -> child
[parse] 2025-12-19T14:07:22.374 parent RLOC16 -> e000
[/dev/ttyACM0] ping parent fd72:e9dd:7d27:e872:0:ff:fe00:e000
[parse] 2025-12-19T14:07:23.339 state -> child
[parse] 2025-12-19T14:07:23.344 parent RLOC16 -> e000
[/dev/ttyACM0] ping parent fd72:e9dd:7d27:e872:0:ff:fe00:e000
[parse] 2025-12-19T14:07:24.460 state -> child
[parse] 2025-12-19T14:07:24.463 parent RLOC16 -> e000
[/dev/ttyACM0] ping parent fd72:e9dd:7d27:e872:0:ff:fe00:e000
[parse] 2025-12-19T14:07:25.372 state -> child
[parse] 2025-12-19T14:07:25.378 parent RLOC16 -> e000
[/dev/ttyACM0] ping parent fd72:e9dd:7d27:e872:0:ff:fe00:e000
[parse] 2025-12-19T14:07:26.419 state -> child
[parse] 2025-12-19T14:07:26.424 parent RLOC16 -> e000
[/dev/ttyACM0] ping parent fd72:e9dd:7d27:e872:0:ff:fe00:e000
[parse] 2025-12-19T14:07:27.386 state -> child
[parse] 2025-12-19T14:07:27.392 parent RLOC16 -> e000
[/dev/ttyACM0] ping parent fd72:e9dd:7d27:e872:0:ff:fe00:e000
[parse] 2025-12-19T14:07:28.360 state -> child
[parse] 2025-12-19T14:07:28.365 parent RLOC16 -> e000
[/dev/ttyACM0] ping parent fd72:e9dd:7d27:e872:0:ff:fe00:e000
[parse] 2025-12-19T14:07:29.432 state -> child
[parse] 2025-12-19T14:07:29.436 parent RLOC16 -> e000
[/dev/ttyACM0] ping parent fd72:e9dd:7d27:e872:0:ff:fe00:e000
[parse] 2025-12-19T14:07:30.399 state -> child
[parse] 2025-12-19T14:07:30.406 parent RLOC16 -> e000
[/dev/ttyACM0] ping parent fd72:e9dd:7d27:e872:0:ff:fe00:e000
[parse] 2025-12-19T14:07:31.381 state -> child
[parse] 2025-12-19T14:07:31.385 parent RLOC16 -> e000
[/dev/ttyACM0] ping parent fd72:e9dd:7d27:e872:0:ff:fe00:e000
[parse] 2025-12-19T14:07:32.415 state -> child
[parse] 2025-12-19T14:07:32.420 parent RLOC16 -> 7000
[/dev/ttyACM0] ping parent fd72:e9dd:7d27:e872:0:ff:fe00:7000
[parse] 2025-12-19T14:07:33.397 state -> child
[parse] 2025-12-19T14:07:33.403 parent RLOC16 -> 7000
[/dev/ttyACM0] ping parent fd72:e9dd:7d27:e872:0:ff:fe00:7000
[parse] 2025-12-19T14:07:34.370 state -> child
[parse] 2025-12-19T14:07:34.375 parent RLOC16 -> 7000
[/dev/ttyACM0] ping parent fd72:e9dd:7d27:e872:0:ff:fe00:7000
[parse] 2025-12-19T14:07:35.980 state -> child
[parse] 2025-12-19T14:07:35.987 parent RLOC16 -> 7000
[/dev/ttyACM0] ping parent fd72:e9dd:7d27:e872:0:ff:fe00:7000
[parse] 2025-12-19T14:07:36.353 state -> child
[parse] 2025-12-19T14:07:36.359 parent RLOC16 -> 7000
[/dev/ttyACM0] ping parent fd72:e9dd:7d27:e872:0:ff:fe00:7000
[parse] 2025-12-19T14:07:37.375 state -> child
[parse] 2025-12-19T14:07:37.381 parent RLOC16 -> 7000
[/dev/ttyACM0] ping parent fd72:e9dd:7d27:e872:0:ff:fe00:7000
[parse] 2025-12-19T14:07:38.341 state -> child
[parse] 2025-12-19T14:07:38.346 parent RLOC16 -> e000
[/dev/ttyACM0] ping parent fd72:e9dd:7d27:e872:0:ff:fe00:e000
[parse] 2025-12-19T14:07:39.429 state -> child
[parse] 2025-12-19T14:07:39.435 parent RLOC16 -> e000
[/dev/ttyACM0] ping parent fd72:e9dd:7d27:e872:0:ff:fe00:e000
[parse] 2025-12-19T14:07:40.403 state -> child
[parse] 2025-12-19T14:07:40.407 parent RLOC16 -> e000
[/dev/ttyACM0] ping parent fd72:e9dd:7d27:e872:0:ff:fe00:e000
[parse] 2025-12-19T14:07:41.426 state -> child
[parse] 2025-12-19T14:07:41.429 parent RLOC16 -> e000
[/dev/ttyACM0] ping parent fd72:e9dd:7d27:e872:0:ff:fe00:e000
[parse] 2025-12-19T14:07:42.377 state -> child
[parse] 2025-12-19T14:07:42.382 parent RLOC16 -> 7000
[/dev/ttyACM0] ping parent fd72:e9dd:7d27:e872:0:ff:fe00:7000
[parse] 2025-12-19T14:07:43.357 state -> child
[parse] 2025-12-19T14:07:43.363 parent RLOC16 -> 7000
[/dev/ttyACM0] ping parent fd72:e9dd:7d27:e872:0:ff:fe00:7000
[parse] 2025-12-19T14:07:44.432 state -> child
[parse] 2025-12-19T14:07:44.437 parent RLOC16 -> 7000
[/dev/ttyACM0] ping parent fd72:e9dd:7d27:e872:0:ff:fe00:7000
[parse] 2025-12-19T14:07:45.460 state -> child
[parse] 2025-12-19T14:07:45.466 parent RLOC16 -> 7000
[/dev/ttyACM0] ping parent fd72:e9dd:7d27:e872:0:ff:fe00:7000
[parse] 2025-12-19T14:07:46.426 state -> child
[parse] 2025-12-19T14:07:46.430 parent RLOC16 -> 7000
[/dev/ttyACM0] ping parent fd72:e9dd:7d27:e872:0:ff:fe00:7000
[parse] 2025-12-19T14:07:47.417 state -> child
[parse] 2025-12-19T14:07:47.421 parent RLOC16 -> e000
[/dev/ttyACM0] ping parent fd72:e9dd:7d27:e872:0:ff:fe00:e000
[parse] 2025-12-19T14:07:48.406 state -> child
[parse] 2025-12-19T14:07:48.410 parent RLOC16 -> e000
[/dev/ttyACM0] ping parent fd72:e9dd:7d27:e872:0:ff:fe00:e000
[parse] 2025-12-19T14:07:49.423 state -> child
[parse] 2025-12-19T14:07:49.428 parent RLOC16 -> e000
[/dev/ttyACM0] ping parent fd72:e9dd:7d27:e872:0:ff:fe00:e000
[parse] 2025-12-19T14:07:50.389 state -> child
[parse] 2025-12-19T14:07:50.394 parent RLOC16 -> e000
[/dev/ttyACM0] ping parent fd72:e9dd:7d27:e872:0:ff:fe00:e000
[parse] 2025-12-19T14:07:51.368 state -> child
[parse] 2025-12-19T14:07:51.373 parent RLOC16 -> e000
[/dev/ttyACM0] ping parent fd72:e9dd:7d27:e872:0:ff:fe00:e000
[parse] 2025-12-19T14:07:52.435 state -> child
[parse] 2025-12-19T14:07:52.441 parent RLOC16 -> e000
[/dev/ttyACM0] ping parent fd72:e9dd:7d27:e872:0:ff:fe00:e000
[parse] 2025-12-19T14:07:53.414 state -> child
[parse] 2025-12-19T14:07:53.420 parent RLOC16 -> e000
[/dev/ttyACM0] ping parent fd72:e9dd:7d27:e872:0:ff:fe00:e000
[parse] 2025-12-19T14:07:54.340 state -> child
[parse] 2025-12-19T14:07:54.344 parent RLOC16 -> e000
[/dev/ttyACM0] ping parent fd72:e9dd:7d27:e872:0:ff:fe00:e000
[parse] 2025-12-19T14:07:55.427 state -> child
[parse] 2025-12-19T14:07:55.433 parent RLOC16 -> e000
[/dev/ttyACM0] ping parent fd72:e9dd:7d27:e872:0:ff:fe00:e000
[parse] 2025-12-19T14:07:56.394 state -> child
[parse] 2025-12-19T14:07:56.400 parent RLOC16 -> e000
[/dev/ttyACM0] ping parent fd72:e9dd:7d27:e872:0:ff:fe00:e000
[parse] 2025-12-19T14:07:57.370 state -> child
[parse] 2025-12-19T14:07:57.375 parent RLOC16 -> e000
[/dev/ttyACM0] ping parent fd72:e9dd:7d27:e872:0:ff:fe00:e000
[parse] 2025-12-19T14:07:58.437 state -> child
[parse] 2025-12-19T14:07:58.443 parent RLOC16 -> e000
[/dev/ttyACM0] ping parent fd72:e9dd:7d27:e872:0:ff:fe00:e000
[parse] 2025-12-19T14:07:59.448 state -> child
[parse] 2025-12-19T14:07:59.452 parent RLOC16 -> 7000
[/dev/ttyACM0] ping parent fd72:e9dd:7d27:e872:0:ff:fe00:7000
[parse] 2025-12-19T14:08:00.426 state -> child
[parse] 2025-12-19T14:08:00.433 parent RLOC16 -> 7000
[/dev/ttyACM0] ping parent fd72:e9dd:7d27:e872:0:ff:fe00:7000
[parse] 2025-12-19T14:08:01.402 state -> child
[parse] 2025-12-19T14:08:01.407 parent RLOC16 -> 7000
[/dev/ttyACM0] ping parent fd72:e9dd:7d27:e872:0:ff:fe00:7000
[parse] 2025-12-19T14:08:02.384 state -> child
[parse] 2025-12-19T14:08:02.389 parent RLOC16 -> 7000
[/dev/ttyACM0] ping parent fd72:e9dd:7d27:e872:0:ff:fe00:7000
[parse] 2025-12-19T14:08:03.364 state -> child
[parse] 2025-12-19T14:08:03.370 parent RLOC16 -> 7000
[/dev/ttyACM0] ping parent fd72:e9dd:7d27:e872:0:ff:fe00:7000
[parse] 2025-12-19T14:08:04.432 state -> child
[parse] 2025-12-19T14:08:04.438 parent RLOC16 -> 7000
[/dev/ttyACM0] ping parent fd72:e9dd:7d27:e872:0:ff:fe00:7000
[parse] 2025-12-19T14:08:05.399 state -> child
[parse] 2025-12-19T14:08:05.406 parent RLOC16 -> 7000
[/dev/ttyACM0] ping parent fd72:e9dd:7d27:e872:0:ff:fe00:7000
[parse] 2025-12-19T14:08:06.368 state -> child
[parse] 2025-12-19T14:08:06.373 parent RLOC16 -> 7000
[/dev/ttyACM0] ping parent fd72:e9dd:7d27:e872:0:ff:fe00:7000
[parse] 2025-12-19T14:08:07.459 state -> child
[parse] 2025-12-19T14:08:07.462 parent RLOC16 -> 7000
[/dev/ttyACM0] ping parent fd72:e9dd:7d27:e872:0:ff:fe00:7000
[parse] 2025-12-19T14:08:08.446 state -> child
[parse] 2025-12-19T14:08:08.449 parent RLOC16 -> 7000
[/dev/ttyACM0] ping parent fd72:e9dd:7d27:e872:0:ff:fe00:7000
[parse] 2025-12-19T14:08:09.415 state -> child
[parse] 2025-12-19T14:08:09.420 parent RLOC16 -> 7000
[/dev/ttyACM0] ping parent fd72:e9dd:7d27:e872:0:ff:fe00:7000
[parse] 2025-12-19T14:08:10.406 state -> child
[parse] 2025-12-19T14:08:10.409 parent RLOC16 -> 7000
[/dev/ttyACM0] ping parent fd72:e9dd:7d27:e872:0:ff:fe00:7000
[parse] 2025-12-19T14:08:11.376 state -> child
[parse] 2025-12-19T14:08:11.382 parent RLOC16 -> 7000
[/dev/ttyACM0] ping parent fd72:e9dd:7d27:e872:0:ff:fe00:7000
[parse] 2025-12-19T14:08:12.374 state -> child
[parse] 2025-12-19T14:08:12.379 parent RLOC16 -> 7000
[/dev/ttyACM0] ping parent fd72:e9dd:7d27:e872:0:ff:fe00:7000
[parse] 2025-12-19T14:08:13.339 state -> child
[parse] 2025-12-19T14:08:13.344 parent RLOC16 -> 7000
[/dev/ttyACM0] ping parent fd72:e9dd:7d27:e872:0:ff:fe00:7000
[parse] 2025-12-19T14:08:14.351 state -> child
[parse] 2025-12-19T14:08:14.358 parent RLOC16 -> 7000
[/dev/ttyACM0] ping parent fd72:e9dd:7d27:e872:0:ff:fe00:7000
[parse] 2025-12-19T14:08:15.336 state -> child
[parse] 2025-12-19T14:08:15.340 parent RLOC16 -> 7000
[/dev/ttyACM0] ping parent fd72:e9dd:7d27:e872:0:ff:fe00:7000
[parse] 2025-12-19T14:08:16.380 state -> child
[parse] 2025-12-19T14:08:16.386 parent RLOC16 -> 7000
[/dev/ttyACM0] ping parent fd72:e9dd:7d27:e872:0:ff:fe00:7000
[parse] 2025-12-19T14:08:17.344 state -> child
[parse] 2025-12-19T14:08:17.349 parent RLOC16 -> 7000
[/dev/ttyACM0] ping parent fd72:e9dd:7d27:e872:0:ff:fe00:7000
[parse] 2025-12-19T14:08:18.415 state -> child
[parse] 2025-12-19T14:08:18.421 parent RLOC16 -> 7000
[/dev/ttyACM0] ping parent fd72:e9dd:7d27:e872:0:ff:fe00:7000
[parse] 2025-12-19T14:08:19.379 state -> child
[parse] 2025-12-19T14:08:19.382 parent RLOC16 -> 7000
[/dev/ttyACM0] ping parent fd72:e9dd:7d27:e872:0:ff:fe00:7000
[parse] 2025-12-19T14:08:20.365 state -> child
[parse] 2025-12-19T14:08:20.370 parent RLOC16 -> 7000
[/dev/ttyACM0] ping parent fd72:e9dd:7d27:e872:0:ff:fe00:7000
[parse] 2025-12-19T14:08:21.370 state -> child
[parse] 2025-12-19T14:08:21.375 parent RLOC16 -> 7000
[/dev/ttyACM0] ping parent fd72:e9dd:7d27:e872:0:ff:fe00:7000
[parse] 2025-12-19T14:08:22.351 state -> child
[parse] 2025-12-19T14:08:22.357 parent RLOC16 -> 7000
[/dev/ttyACM0] ping parent fd72:e9dd:7d27:e872:0:ff:fe00:7000
[parse] 2025-12-19T14:08:23.419 state -> child
[parse] 2025-12-19T14:08:23.423 parent RLOC16 -> 7000
[/dev/ttyACM0] ping parent fd72:e9dd:7d27:e872:0:ff:fe00:7000
[parse] 2025-12-19T14:08:24.397 state -> child
[parse] 2025-12-19T14:08:24.403 parent RLOC16 -> 7000
[/dev/ttyACM0] ping parent fd72:e9dd:7d27:e872:0:ff:fe00:7000
[parse] 2025-12-19T14:08:25.365 state -> child
[parse] 2025-12-19T14:08:25.370 parent RLOC16 -> 7000
[/dev/ttyACM0] ping parent fd72:e9dd:7d27:e872:0:ff:fe00:7000
[parse] 2025-12-19T14:08:26.431 state -> child
[parse] 2025-12-19T14:08:26.437 parent RLOC16 -> 7000
[/dev/ttyACM0] ping parent fd72:e9dd:7d27:e872:0:ff:fe00:7000
[parse] 2025-12-19T14:08:27.415 state -> child
[parse] 2025-12-19T14:08:27.420 parent RLOC16 -> 7000
[/dev/ttyACM0] ping parent fd72:e9dd:7d27:e872:0:ff:fe00:7000
[parse] 2025-12-19T14:08:28.357 state -> child
[parse] 2025-12-19T14:08:28.360 parent RLOC16 -> 7000
[/dev/ttyACM0] ping parent fd72:e9dd:7d27:e872:0:ff:fe00:7000
[parse] 2025-12-19T14:08:29.389 state -> child
[parse] 2025-12-19T14:08:29.394 parent RLOC16 -> e000
[/dev/ttyACM0] ping parent fd72:e9dd:7d27:e872:0:ff:fe00:e000
[parse] 2025-12-19T14:08:30.366 state -> child
[parse] 2025-12-19T14:08:30.371 parent RLOC16 -> e000
[/dev/ttyACM0] ping parent fd72:e9dd:7d27:e872:0:ff:fe00:e000
[parse] 2025-12-19T14:08:31.341 state -> child
[parse] 2025-12-19T14:08:31.346 parent RLOC16 -> e000
[/dev/ttyACM0] ping parent fd72:e9dd:7d27:e872:0:ff:fe00:e000
[parse] 2025-12-19T14:08:32.469 state -> child
[parse] 2025-12-19T14:08:32.474 parent RLOC16 -> e000
[/dev/ttyACM0] ping parent fd72:e9dd:7d27:e872:0:ff:fe00:e000
[parse] 2025-12-19T14:08:33.382 state -> child
[parse] 2025-12-19T14:08:33.389 parent RLOC16 -> e000
[/dev/ttyACM0] ping parent fd72:e9dd:7d27:e872:0:ff:fe00:e000
[parse] 2025-12-19T14:08:34.348 state -> child
[parse] 2025-12-19T14:08:34.354 parent RLOC16 -> e000
[/dev/ttyACM0] ping parent fd72:e9dd:7d27:e872:0:ff:fe00:e000
[parse] 2025-12-19T14:08:35.414 state -> child
[parse] 2025-12-19T14:08:35.419 parent RLOC16 -> e000
[/dev/ttyACM0] ping parent fd72:e9dd:7d27:e872:0:ff:fe00:e000
[parse] 2025-12-19T14:08:36.379 state -> child
[parse] 2025-12-19T14:08:36.386 parent RLOC16 -> e000
[/dev/ttyACM0] ping parent fd72:e9dd:7d27:e872:0:ff:fe00:e000
[parse] 2025-12-19T14:08:37.349 state -> child
[parse] 2025-12-19T14:08:37.355 parent RLOC16 -> e000
[/dev/ttyACM0] ping parent fd72:e9dd:7d27:e872:0:ff:fe00:e000
[parse] 2025-12-19T14:08:38.339 state -> child
[parse] 2025-12-19T14:08:38.343 parent RLOC16 -> e000
[/dev/ttyACM0] ping parent fd72:e9dd:7d27:e872:0:ff:fe00:e000
[parse] 2025-12-19T14:08:39.364 state -> child
[parse] 2025-12-19T14:08:39.370 parent RLOC16 -> e000
[/dev/ttyACM0] ping parent fd72:e9dd:7d27:e872:0:ff:fe00:e000
[parse] 2025-12-19T14:08:40.359 state -> child
[parse] 2025-12-19T14:08:40.364 parent RLOC16 -> e000
[/dev/ttyACM0] ping parent fd72:e9dd:7d27:e872:0:ff:fe00:e000
[parse] 2025-12-19T14:08:41.427 state -> child
[parse] 2025-12-19T14:08:41.432 parent RLOC16 -> e000
[/dev/ttyACM0] ping parent fd72:e9dd:7d27:e872:0:ff:fe00:e000
[parse] 2025-12-19T14:08:42.403 state -> child
[parse] 2025-12-19T14:08:42.408 parent RLOC16 -> e000
[/dev/ttyACM0] ping parent fd72:e9dd:7d27:e872:0:ff:fe00:e000
[parse] 2025-12-19T14:08:43.367 state -> child
[parse] 2025-12-19T14:08:43.372 parent RLOC16 -> e000
[/dev/ttyACM0] ping parent fd72:e9dd:7d27:e872:0:ff:fe00:e000
[parse] 2025-12-19T14:08:44.339 state -> child
[parse] 2025-12-19T14:08:44.345 parent RLOC16 -> e000
[/dev/ttyACM0] ping parent fd72:e9dd:7d27:e872:0:ff:fe00:e000
[parse] 2025-12-19T14:08:45.408 state -> child
[parse] 2025-12-19T14:08:45.413 parent RLOC16 -> e000
[/dev/ttyACM0] ping parent fd72:e9dd:7d27:e872:0:ff:fe00:e000
[parse] 2025-12-19T14:08:46.370 state -> child
[parse] 2025-12-19T14:08:46.377 parent RLOC16 -> e000
[/dev/ttyACM0] ping parent fd72:e9dd:7d27:e872:0:ff:fe00:e000
[parse] 2025-12-19T14:08:47.351 state -> child
[parse] 2025-12-19T14:08:47.357 parent RLOC16 -> e000
[/dev/ttyACM0] ping parent fd72:e9dd:7d27:e872:0:ff:fe00:e000
[parse] 2025-12-19T14:08:48.416 state -> child
[parse] 2025-12-19T14:08:48.420 parent RLOC16 -> e000
[/dev/ttyACM0] ping parent fd72:e9dd:7d27:e872:0:ff:fe00:e000
[parse] 2025-12-19T14:08:49.401 state -> child
[parse] 2025-12-19T14:08:49.407 parent RLOC16 -> e000
[/dev/ttyACM0] ping parent fd72:e9dd:7d27:e872:0:ff:fe00:e000
[parse] 2025-12-19T14:08:50.367 state -> child
[parse] 2025-12-19T14:08:50.372 parent RLOC16 -> e000
[/dev/ttyACM0] ping parent fd72:e9dd:7d27:e872:0:ff:fe00:e000
[parse] 2025-12-19T14:08:51.340 state -> child
[parse] 2025-12-19T14:08:51.345 parent RLOC16 -> e000
[/dev/ttyACM0] ping parent fd72:e9dd:7d27:e872:0:ff:fe00:e000
[parse] 2025-12-19T14:08:52.411 state -> child
[parse] 2025-12-19T14:08:52.417 parent RLOC16 -> e000
[/dev/ttyACM0] ping parent fd72:e9dd:7d27:e872:0:ff:fe00:e000
[parse] 2025-12-19T14:08:53.380 state -> child
[parse] 2025-12-19T14:08:53.386 parent RLOC16 -> e000
[/dev/ttyACM0] ping parent fd72:e9dd:7d27:e872:0:ff:fe00:e000
[parse] 2025-12-19T14:08:54.349 state -> child
[parse] 2025-12-19T14:08:54.355 parent RLOC16 -> e000
[/dev/ttyACM0] ping parent fd72:e9dd:7d27:e872:0:ff:fe00:e000
[parse] 2025-12-19T14:08:55.417 state -> child
[parse] 2025-12-19T14:08:55.422 parent RLOC16 -> e000
[/dev/ttyACM0] ping parent fd72:e9dd:7d27:e872:0:ff:fe00:e000
[parse] 2025-12-19T14:08:56.392 state -> child
[parse] 2025-12-19T14:08:56.400 parent RLOC16 -> e000
[/dev/ttyACM0] ping parent fd72:e9dd:7d27:e872:0:ff:fe00:e000
[parse] 2025-12-19T14:08:57.360 state -> child
[parse] 2025-12-19T14:08:57.366 parent RLOC16 -> e000
[/dev/ttyACM0] ping parent fd72:e9dd:7d27:e872:0:ff:fe00:e000
[parse] 2025-12-19T14:08:58.425 state -> child
[parse] 2025-12-19T14:08:58.431 parent RLOC16 -> e000
[/dev/ttyACM0] ping parent fd72:e9dd:7d27:e872:0:ff:fe00:e000
[parse] 2025-12-19T14:08:59.402 state -> child
[parse] 2025-12-19T14:08:59.408 parent RLOC16 -> e000
[/dev/ttyACM0] ping parent fd72:e9dd:7d27:e872:0:ff:fe00:e000
[parse] 2025-12-19T14:09:00.395 state -> child
[parse] 2025-12-19T14:09:00.401 parent RLOC16 -> e000
[/dev/ttyACM0] ping parent fd72:e9dd:7d27:e872:0:ff:fe00:e000
[parse] 2025-12-19T14:09:01.371 state -> child
[parse] 2025-12-19T14:09:01.377 parent RLOC16 -> e000
[/dev/ttyACM0] ping parent fd72:e9dd:7d27:e872:0:ff:fe00:e000
[parse] 2025-12-19T14:09:02.337 state -> child
[parse] 2025-12-19T14:09:02.342 parent RLOC16 -> e000
[/dev/ttyACM0] ping parent fd72:e9dd:7d27:e872:0:ff:fe00:e000
[parse] 2025-12-19T14:09:03.355 state -> child
[parse] 2025-12-19T14:09:03.360 parent RLOC16 -> e000
[/dev/ttyACM0] ping parent fd72:e9dd:7d27:e872:0:ff:fe00:e000
[/dev/ttyACM0] ping parent fd72:e9dd:7d27:e872:0:ff:fe00:e000
[parse] 2025-12-19T14:09:06.535 state -> child
[parse] 2025-12-19T14:09:06.541 parent RLOC16 -> e000
[parse] 2025-12-19T14:09:06.614 state -> child
[parse] 2025-12-19T14:09:06.618 parent RLOC16 -> e000
[/dev/ttyACM0] ping parent fd72:e9dd:7d27:e872:0:ff:fe00:e000
[parse] 2025-12-19T14:09:07.391 state -> child
[parse] 2025-12-19T14:09:07.397 parent RLOC16 -> e000
[/dev/ttyACM0] ping parent fd72:e9dd:7d27:e872:0:ff:fe00:e000
[parse] 2025-12-19T14:09:08.360 state -> child
[parse] 2025-12-19T14:09:08.364 parent RLOC16 -> e000
[/dev/ttyACM0] ping parent fd72:e9dd:7d27:e872:0:ff:fe00:e000
[parse] 2025-12-19T14:09:09.413 state -> child
[parse] 2025-12-19T14:09:09.419 parent RLOC16 -> e000
[/dev/ttyACM0] ping parent fd72:e9dd:7d27:e872:0:ff:fe00:e000
[parse] 2025-12-19T14:09:10.395 state -> child
[parse] 2025-12-19T14:09:10.400 parent RLOC16 -> e000
[/dev/ttyACM0] ping parent fd72:e9dd:7d27:e872:0:ff:fe00:e000
[parse] 2025-12-19T14:09:11.373 state -> child
[parse] 2025-12-19T14:09:11.378 parent RLOC16 -> e000
[/dev/ttyACM0] ping parent fd72:e9dd:7d27:e872:0:ff:fe00:e000
[parse] 2025-12-19T14:09:12.337 state -> child
[parse] 2025-12-19T14:09:12.341 parent RLOC16 -> e000
[/dev/ttyACM0] ping parent fd72:e9dd:7d27:e872:0:ff:fe00:e000
[parse] 2025-12-19T14:09:13.407 state -> child
[parse] 2025-12-19T14:09:13.410 parent RLOC16 -> e000
[/dev/ttyACM0] ping parent fd72:e9dd:7d27:e872:0:ff:fe00:e000
[parse] 2025-12-19T14:09:14.379 state -> child
[parse] 2025-12-19T14:09:14.384 parent RLOC16 -> e000
[/dev/ttyACM0] ping parent fd72:e9dd:7d27:e872:0:ff:fe00:e000
[parse] 2025-12-19T14:09:15.342 state -> child
[parse] 2025-12-19T14:09:15.346 parent RLOC16 -> e000
[/dev/ttyACM0] ping parent fd72:e9dd:7d27:e872:0:ff:fe00:e000
[parse] 2025-12-19T14:09:16.411 state -> child
[parse] 2025-12-19T14:09:16.418 parent RLOC16 -> e000
[/dev/ttyACM0] ping parent fd72:e9dd:7d27:e872:0:ff:fe00:e000
[parse] 2025-12-19T14:09:17.377 state -> child
[parse] 2025-12-19T14:09:17.381 parent RLOC16 -> e000
[/dev/ttyACM0] ping parent fd72:e9dd:7d27:e872:0:ff:fe00:e000
[parse] 2025-12-19T14:09:18.340 state -> child
[parse] 2025-12-19T14:09:18.345 parent RLOC16 -> e000
[/dev/ttyACM0] ping parent fd72:e9dd:7d27:e872:0:ff:fe00:e000
[/dev/ttyACM0] ping parent fd72:e9dd:7d27:e872:0:ff:fe00:e000
[parse] 2025-12-19T14:09:22.091 state -> child
[parse] 2025-12-19T14:09:22.097 parent RLOC16 -> e000
[parse] 2025-12-19T14:09:22.151 state -> child
[parse] 2025-12-19T14:09:22.154 parent RLOC16 -> e000
[/dev/ttyACM0] ping parent fd72:e9dd:7d27:e872:0:ff:fe00:e000
[parse] 2025-12-19T14:09:22.413 state -> child
[parse] 2025-12-19T14:09:22.419 parent RLOC16 -> e000
[/dev/ttyACM0] ping parent fd72:e9dd:7d27:e872:0:ff:fe00:e000
[parse] 2025-12-19T14:09:23.379 state -> child
[parse] 2025-12-19T14:09:23.385 parent RLOC16 -> e000
[/dev/ttyACM0] ping parent fd72:e9dd:7d27:e872:0:ff:fe00:e000
[parse] 2025-12-19T14:09:24.344 state -> child
[parse] 2025-12-19T14:09:24.349 parent RLOC16 -> e000
[/dev/ttyACM0] ping parent fd72:e9dd:7d27:e872:0:ff:fe00:e000
[parse] 2025-12-19T14:09:25.402 state -> child
[parse] 2025-12-19T14:09:25.408 parent RLOC16 -> e000
[/dev/ttyACM0] ping parent fd72:e9dd:7d27:e872:0:ff:fe00:e000
[parse] 2025-12-19T14:09:26.358 state -> child
[parse] 2025-12-19T14:09:26.363 parent RLOC16 -> e000
[/dev/ttyACM0] ping parent fd72:e9dd:7d27:e872:0:ff:fe00:e000
[parse] 2025-12-19T14:09:27.432 state -> child
[parse] 2025-12-19T14:09:27.439 parent RLOC16 -> e000
[/dev/ttyACM0] ping parent fd72:e9dd:7d27:e872:0:ff:fe00:e000
[/dev/ttyACM0] ping parent fd72:e9dd:7d27:e872:0:ff:fe00:e000
[parse] 2025-12-19T14:09:30.891 state -> child
[parse] 2025-12-19T14:09:30.896 parent RLOC16 -> e000
[parse] 2025-12-19T14:09:30.949 state -> child
[parse] 2025-12-19T14:09:30.953 parent RLOC16 -> e000
[/dev/ttyACM0] ping parent fd72:e9dd:7d27:e872:0:ff:fe00:e000
[parse] 2025-12-19T14:09:31.412 state -> child
[parse] 2025-12-19T14:09:31.417 parent RLOC16 -> e000
[/dev/ttyACM0] ping parent fd72:e9dd:7d27:e872:0:ff:fe00:e000
[parse] 2025-12-19T14:09:32.391 state -> child
[parse] 2025-12-19T14:09:32.397 parent RLOC16 -> e000
[/dev/ttyACM0] ping parent fd72:e9dd:7d27:e872:0:ff:fe00:e000
[parse] 2025-12-19T14:09:33.379 state -> child
[parse] 2025-12-19T14:09:33.385 parent RLOC16 -> e000
[/dev/ttyACM0] ping parent fd72:e9dd:7d27:e872:0:ff:fe00:e000
[parse] 2025-12-19T14:09:34.344 state -> child
[parse] 2025-12-19T14:09:34.349 parent RLOC16 -> e000
[/dev/ttyACM0] ping parent fd72:e9dd:7d27:e872:0:ff:fe00:e000
[parse] 2025-12-19T14:09:35.401 state -> child
[parse] 2025-12-19T14:09:35.406 parent RLOC16 -> e000
[/dev/ttyACM0] ping parent fd72:e9dd:7d27:e872:0:ff:fe00:e000
[parse] 2025-12-19T14:09:36.379 state -> child
[parse] 2025-12-19T14:09:36.383 parent RLOC16 -> e000
[/dev/ttyACM0] ping parent fd72:e9dd:7d27:e872:0:ff:fe00:e000
[parse] 2025-12-19T14:09:37.387 state -> child
[parse] 2025-12-19T14:09:37.394 parent RLOC16 -> e000
[/dev/ttyACM0] ping parent fd72:e9dd:7d27:e872:0:ff:fe00:e000
[parse] 2025-12-19T14:09:38.350 state -> child
[parse] 2025-12-19T14:09:38.355 parent RLOC16 -> e000
[/dev/ttyACM0] ping parent fd72:e9dd:7d27:e872:0:ff:fe00:e000
[parse] 2025-12-19T14:09:39.433 state -> child
[parse] 2025-12-19T14:09:39.439 parent RLOC16 -> e000
[/dev/ttyACM0] ping parent fd72:e9dd:7d27:e872:0:ff:fe00:e000
[/dev/ttyACM0] ping parent fd72:e9dd:7d27:e872:0:ff:fe00:e000
[parse] 2025-12-19T14:09:47.728 state -> child
[parse] 2025-12-19T14:09:47.734 parent RLOC16 -> e000
[parse] 2025-12-19T14:09:47.830 state -> child
[parse] 2025-12-19T14:09:47.834 parent RLOC16 -> e000
[/dev/ttyACM0] ping parent fd72:e9dd:7d27:e872:0:ff:fe00:e000
[parse] 2025-12-19T14:09:48.392 state -> child
[parse] 2025-12-19T14:09:48.399 parent RLOC16 -> e000
[/dev/ttyACM0] ping parent fd72:e9dd:7d27:e872:0:ff:fe00:e000
[parse] 2025-12-19T14:09:49.422 state -> child
[parse] 2025-12-19T14:09:49.427 parent RLOC16 -> e000
[/dev/ttyACM0] ping parent fd72:e9dd:7d27:e872:0:ff:fe00:e000
[parse] 2025-12-19T14:09:50.435 state -> child
[parse] 2025-12-19T14:09:50.441 parent RLOC16 -> e000
[/dev/ttyACM0] ping parent fd72:e9dd:7d27:e872:0:ff:fe00:e000
[parse] 2025-12-19T14:09:51.418 state -> child
[parse] 2025-12-19T14:09:51.422 parent RLOC16 -> e000
[/dev/ttyACM0] ping parent fd72:e9dd:7d27:e872:0:ff:fe00:e000
[parse] 2025-12-19T14:09:52.382 state -> child
[parse] 2025-12-19T14:09:52.389 parent RLOC16 -> e000
[/dev/ttyACM0] ping parent fd72:e9dd:7d27:e872:0:ff:fe00:e000
[parse] 2025-12-19T14:09:53.420 state -> child
[parse] 2025-12-19T14:09:53.425 parent RLOC16 -> e000
[/dev/ttyACM0] ping parent fd72:e9dd:7d27:e872:0:ff:fe00:e000
[parse] 2025-12-19T14:09:54.405 state -> child
[parse] 2025-12-19T14:09:54.411 parent RLOC16 -> e000
[/dev/ttyACM0] ping parent fd72:e9dd:7d27:e872:0:ff:fe00:e000
[parse] 2025-12-19T14:09:55.370 state -> child
[parse] 2025-12-19T14:09:55.375 parent RLOC16 -> e000
[/dev/ttyACM0] ping parent fd72:e9dd:7d27:e872:0:ff:fe00:e000
[parse] 2025-12-19T14:09:56.435 state -> child
[parse] 2025-12-19T14:09:56.441 parent RLOC16 -> e000
[/dev/ttyACM0] ping parent fd72:e9dd:7d27:e872:0:ff:fe00:e000
[parse] 2025-12-19T14:09:57.400 state -> child
[parse] 2025-12-19T14:09:57.406 parent RLOC16 -> e000
[/dev/ttyACM0] ping parent fd72:e9dd:7d27:e872:0:ff:fe00:e000
[parse] 2025-12-19T14:09:58.376 state -> child
[parse] 2025-12-19T14:09:58.379 parent RLOC16 -> e000
[/dev/ttyACM0] ping parent fd72:e9dd:7d27:e872:0:ff:fe00:e000
[parse] 2025-12-19T14:09:59.340 state -> child
[parse] 2025-12-19T14:09:59.345 parent RLOC16 -> e000
[/dev/ttyACM0] ping parent fd72:e9dd:7d27:e872:0:ff:fe00:e000
[parse] 2025-12-19T14:10:00.411 state -> child
[parse] 2025-12-19T14:10:00.417 parent RLOC16 -> e000
[/dev/ttyACM0] ping parent fd72:e9dd:7d27:e872:0:ff:fe00:e000
[parse] 2025-12-19T14:10:01.377 state -> child
[parse] 2025-12-19T14:10:01.382 parent RLOC16 -> e000
[/dev/ttyACM0] ping parent fd72:e9dd:7d27:e872:0:ff:fe00:e000
[parse] 2025-12-19T14:10:02.342 state -> child
[parse] 2025-12-19T14:10:02.347 parent RLOC16 -> e000
[/dev/ttyACM0] ping parent fd72:e9dd:7d27:e872:0:ff:fe00:e000
[parse] 2025-12-19T14:10:03.483 state -> child
[parse] 2025-12-19T14:10:03.491 parent RLOC16 -> e000
[/dev/ttyACM0] ping parent fd72:e9dd:7d27:e872:0:ff:fe00:e000
[parse] 2025-12-19T14:10:04.350 state -> child
[parse] 2025-12-19T14:10:04.355 parent RLOC16 -> e000
[/dev/ttyACM0] ping parent fd72:e9dd:7d27:e872:0:ff:fe00:e000
[parse] 2025-12-19T14:10:05.415 state -> child
[parse] 2025-12-19T14:10:05.420 parent RLOC16 -> e000
[/dev/ttyACM0] ping parent fd72:e9dd:7d27:e872:0:ff:fe00:e000
[parse] 2025-12-19T14:10:06.381 state -> child
[parse] 2025-12-19T14:10:06.387 parent RLOC16 -> e000
[/dev/ttyACM0] ping parent fd72:e9dd:7d27:e872:0:ff:fe00:e000
[parse] 2025-12-19T14:10:07.345 state -> child
[parse] 2025-12-19T14:10:07.351 parent RLOC16 -> e000
[/dev/ttyACM0] ping parent fd72:e9dd:7d27:e872:0:ff:fe00:e000
[parse] 2025-12-19T14:10:08.481 state -> child
[parse] 2025-12-19T14:10:08.488 parent RLOC16 -> e000
[/dev/ttyACM0] ping parent fd72:e9dd:7d27:e872:0:ff:fe00:e000
[parse] 2025-12-19T14:10:09.350 state -> child
[parse] 2025-12-19T14:10:09.356 parent RLOC16 -> e000
[/dev/ttyACM0] ping parent fd72:e9dd:7d27:e872:0:ff:fe00:e000
[parse] 2025-12-19T14:10:10.421 state -> child
[parse] 2025-12-19T14:10:10.427 parent RLOC16 -> e000
[/dev/ttyACM0] ping parent fd72:e9dd:7d27:e872:0:ff:fe00:e000
[parse] 2025-12-19T14:10:11.388 state -> child
[parse] 2025-12-19T14:10:11.395 parent RLOC16 -> e000
[/dev/ttyACM0] ping parent fd72:e9dd:7d27:e872:0:ff:fe00:e000
[parse] 2025-12-19T14:10:12.353 state -> child
[parse] 2025-12-19T14:10:12.359 parent RLOC16 -> e000
[/dev/ttyACM0] ping parent fd72:e9dd:7d27:e872:0:ff:fe00:e000
[parse] 2025-12-19T14:10:13.363 state -> child
[parse] 2025-12-19T14:10:13.369 parent RLOC16 -> e000
[/dev/ttyACM0] ping parent fd72:e9dd:7d27:e872:0:ff:fe00:e000
[parse] 2025-12-19T14:10:14.429 state -> child
[parse] 2025-12-19T14:10:14.434 parent RLOC16 -> e000
[/dev/ttyACM0] ping parent fd72:e9dd:7d27:e872:0:ff:fe00:e000
[parse] 2025-12-19T14:10:15.407 state -> child
[parse] 2025-12-19T14:10:15.412 parent RLOC16 -> e000
[/dev/ttyACM0] ping parent fd72:e9dd:7d27:e872:0:ff:fe00:e000
[parse] 2025-12-19T14:10:16.383 state -> child
[parse] 2025-12-19T14:10:16.389 parent RLOC16 -> e000
[/dev/ttyACM0] ping parent fd72:e9dd:7d27:e872:0:ff:fe00:e000
[parse] 2025-12-19T14:10:17.379 state -> child
[parse] 2025-12-19T14:10:17.384 parent RLOC16 -> e000
[/dev/ttyACM0] ping parent fd72:e9dd:7d27:e872:0:ff:fe00:e000
[parse] 2025-12-19T14:10:18.348 state -> child
[parse] 2025-12-19T14:10:18.354 parent RLOC16 -> e000
[/dev/ttyACM0] ping parent fd72:e9dd:7d27:e872:0:ff:fe00:e000
[parse] 2025-12-19T14:10:19.415 state -> child
[parse] 2025-12-19T14:10:19.422 parent RLOC16 -> e000
[/dev/ttyACM0] ping parent fd72:e9dd:7d27:e872:0:ff:fe00:e000
[parse] 2025-12-19T14:10:20.383 state -> child
[parse] 2025-12-19T14:10:20.388 parent RLOC16 -> e000
[/dev/ttyACM0] ping parent fd72:e9dd:7d27:e872:0:ff:fe00:e000
[parse] 2025-12-19T14:10:21.348 state -> child
[parse] 2025-12-19T14:10:21.354 parent RLOC16 -> e000
[/dev/ttyACM0] ping parent fd72:e9dd:7d27:e872:0:ff:fe00:e000
[parse] 2025-12-19T14:10:22.358 state -> child
[parse] 2025-12-19T14:10:22.365 parent RLOC16 -> e000
[/dev/ttyACM0] ping parent fd72:e9dd:7d27:e872:0:ff:fe00:e000
[parse] 2025-12-19T14:10:23.346 state -> child
[parse] 2025-12-19T14:10:23.352 parent RLOC16 -> e000
[/dev/ttyACM0] ping parent fd72:e9dd:7d27:e872:0:ff:fe00:e000
[parse] 2025-12-19T14:10:24.411 state -> child
[parse] 2025-12-19T14:10:24.418 parent RLOC16 -> e000
[/dev/ttyACM0] ping parent fd72:e9dd:7d27:e872:0:ff:fe00:e000
[parse] 2025-12-19T14:10:25.380 state -> child
[parse] 2025-12-19T14:10:25.386 parent RLOC16 -> e000
[/dev/ttyACM0] ping parent fd72:e9dd:7d27:e872:0:ff:fe00:e000
[parse] 2025-12-19T14:10:26.345 state -> child
[parse] 2025-12-19T14:10:26.350 parent RLOC16 -> e000
[/dev/ttyACM0] ping parent fd72:e9dd:7d27:e872:0:ff:fe00:e000
[parse] 2025-12-19T14:10:27.413 state -> child
[parse] 2025-12-19T14:10:27.420 parent RLOC16 -> e000
[/dev/ttyACM0] ping parent fd72:e9dd:7d27:e872:0:ff:fe00:e000
[parse] 2025-12-19T14:10:28.379 state -> child
[parse] 2025-12-19T14:10:28.386 parent RLOC16 -> e000
[/dev/ttyACM0] ping parent fd72:e9dd:7d27:e872:0:ff:fe00:e000
[parse] 2025-12-19T14:10:29.374 state -> child
[parse] 2025-12-19T14:10:29.378 parent RLOC16 -> e000
[/dev/ttyACM0] ping parent fd72:e9dd:7d27:e872:0:ff:fe00:e000
[parse] 2025-12-19T14:10:30.337 state -> child
[parse] 2025-12-19T14:10:30.341 parent RLOC16 -> e000
[/dev/ttyACM0] ping parent fd72:e9dd:7d27:e872:0:ff:fe00:e000
[parse] 2025-12-19T14:10:31.413 state -> child
[parse] 2025-12-19T14:10:31.419 parent RLOC16 -> e000
[/dev/ttyACM0] ping parent fd72:e9dd:7d27:e872:0:ff:fe00:e000
[parse] 2025-12-19T14:10:32.379 state -> child
[parse] 2025-12-19T14:10:32.384 parent RLOC16 -> e000
[/dev/ttyACM0] ping parent fd72:e9dd:7d27:e872:0:ff:fe00:e000
[parse] 2025-12-19T14:10:33.380 state -> child
[parse] 2025-12-19T14:10:33.385 parent RLOC16 -> e000
[/dev/ttyACM0] ping parent fd72:e9dd:7d27:e872:0:ff:fe00:e000
[parse] 2025-12-19T14:10:34.379 state -> child
[parse] 2025-12-19T14:10:34.385 parent RLOC16 -> e000
[/dev/ttyACM0] ping parent fd72:e9dd:7d27:e872:0:ff:fe00:e000
[parse] 2025-12-19T14:10:35.361 state -> child
[parse] 2025-12-19T14:10:35.367 parent RLOC16 -> e000
[/dev/ttyACM0] ping parent fd72:e9dd:7d27:e872:0:ff:fe00:e000
[parse] 2025-12-19T14:10:36.436 state -> child
[parse] 2025-12-19T14:10:36.442 parent RLOC16 -> e000
[/dev/ttyACM0] ping parent fd72:e9dd:7d27:e872:0:ff:fe00:e000
[parse] 2025-12-19T14:10:37.375 state -> child
[parse] 2025-12-19T14:10:37.380 parent RLOC16 -> e000
[/dev/ttyACM0] ping parent fd72:e9dd:7d27:e872:0:ff:fe00:e000
[parse] 2025-12-19T14:10:38.339 state -> child
[parse] 2025-12-19T14:10:38.344 parent RLOC16 -> e000
[/dev/ttyACM0] ping parent fd72:e9dd:7d27:e872:0:ff:fe00:e000
[parse] 2025-12-19T14:10:39.412 state -> child
[parse] 2025-12-19T14:10:39.418 parent RLOC16 -> e000
[/dev/ttyACM0] ping parent fd72:e9dd:7d27:e872:0:ff:fe00:e000
[parse] 2025-12-19T14:10:40.379 state -> child
[parse] 2025-12-19T14:10:40.384 parent RLOC16 -> e000
[/dev/ttyACM0] ping parent fd72:e9dd:7d27:e872:0:ff:fe00:e000
[parse] 2025-12-19T14:10:41.411 state -> child
[parse] 2025-12-19T14:10:41.416 parent RLOC16 -> e000
[/dev/ttyACM0] ping parent fd72:e9dd:7d27:e872:0:ff:fe00:e000
[parse] 2025-12-19T14:10:42.376 state -> child
[parse] 2025-12-19T14:10:42.381 parent RLOC16 -> e000
[/dev/ttyACM0] ping parent fd72:e9dd:7d27:e872:0:ff:fe00:e000
[parse] 2025-12-19T14:10:43.340 state -> child
[parse] 2025-12-19T14:10:43.344 parent RLOC16 -> e000
[/dev/ttyACM0] ping parent fd72:e9dd:7d27:e872:0:ff:fe00:e000
[parse] 2025-12-19T14:10:44.383 state -> child
[parse] 2025-12-19T14:10:44.389 parent RLOC16 -> e000
[/dev/ttyACM0] ping parent fd72:e9dd:7d27:e872:0:ff:fe00:e000
[parse] 2025-12-19T14:10:45.349 state -> child
[parse] 2025-12-19T14:10:45.355 parent RLOC16 -> e000
[/dev/ttyACM0] ping parent fd72:e9dd:7d27:e872:0:ff:fe00:e000
[parse] 2025-12-19T14:10:46.418 state -> child
[parse] 2025-12-19T14:10:46.424 parent RLOC16 -> e000
[/dev/ttyACM0] ping parent fd72:e9dd:7d27:e872:0:ff:fe00:e000
[parse] 2025-12-19T14:10:47.383 state -> child
[parse] 2025-12-19T14:10:47.390 parent RLOC16 -> e000
[/dev/ttyACM0] ping parent fd72:e9dd:7d27:e872:0:ff:fe00:e000
[parse] 2025-12-19T14:10:48.348 state -> child
[parse] 2025-12-19T14:10:48.354 parent RLOC16 -> e000
[/dev/ttyACM0] ping parent fd72:e9dd:7d27:e872:0:ff:fe00:e000
[parse] 2025-12-19T14:10:49.413 state -> child
[parse] 2025-12-19T14:10:49.419 parent RLOC16 -> e000
[/dev/ttyACM0] ping parent fd72:e9dd:7d27:e872:0:ff:fe00:e000
[parse] 2025-12-19T14:10:50.398 state -> child
[parse] 2025-12-19T14:10:50.402 parent RLOC16 -> e000
[/dev/ttyACM0] ping parent fd72:e9dd:7d27:e872:0:ff:fe00:e000
[parse] 2025-12-19T14:10:51.371 state -> child
[parse] 2025-12-19T14:10:51.375 parent RLOC16 -> e000
[/dev/ttyACM0] ping parent fd72:e9dd:7d27:e872:0:ff:fe00:e000
[parse] 2025-12-19T14:10:52.340 state -> child
[parse] 2025-12-19T14:10:52.344 parent RLOC16 -> e000
[/dev/ttyACM0] ping parent fd72:e9dd:7d27:e872:0:ff:fe00:e000
[parse] 2025-12-19T14:10:53.413 state -> child
[parse] 2025-12-19T14:10:53.418 parent RLOC16 -> e000
[/dev/ttyACM0] ping parent fd72:e9dd:7d27:e872:0:ff:fe00:e000
[parse] 2025-12-19T14:10:54.396 state -> child
[parse] 2025-12-19T14:10:54.403 parent RLOC16 -> e000
[/dev/ttyACM0] ping parent fd72:e9dd:7d27:e872:0:ff:fe00:e000
[parse] 2025-12-19T14:10:55.414 state -> child
[parse] 2025-12-19T14:10:55.419 parent RLOC16 -> e000
[/dev/ttyACM0] ping parent fd72:e9dd:7d27:e872:0:ff:fe00:e000
[parse] 2025-12-19T14:10:56.380 state -> child
[parse] 2025-12-19T14:10:56.386 parent RLOC16 -> e000
[/dev/ttyACM0] ping parent fd72:e9dd:7d27:e872:0:ff:fe00:e000
[parse] 2025-12-19T14:10:57.352 state -> child
[parse] 2025-12-19T14:10:57.359 parent RLOC16 -> e000
[/dev/ttyACM0] ping parent fd72:e9dd:7d27:e872:0:ff:fe00:e000
[parse] 2025-12-19T14:10:58.419 state -> child
[parse] 2025-12-19T14:10:58.424 parent RLOC16 -> e000
[/dev/ttyACM0] ping parent fd72:e9dd:7d27:e872:0:ff:fe00:e000
[parse] 2025-12-19T14:10:59.383 state -> child
[parse] 2025-12-19T14:10:59.388 parent RLOC16 -> e000
[/dev/ttyACM0] ping parent fd72:e9dd:7d27:e872:0:ff:fe00:e000
[parse] 2025-12-19T14:11:00.408 state -> child
[parse] 2025-12-19T14:11:00.414 parent RLOC16 -> e000
[/dev/ttyACM0] ping parent fd72:e9dd:7d27:e872:0:ff:fe00:e000
[parse] 2025-12-19T14:11:01.382 state -> child
[parse] 2025-12-19T14:11:01.388 parent RLOC16 -> e000
[/dev/ttyACM0] ping parent fd72:e9dd:7d27:e872:0:ff:fe00:e000
[parse] 2025-12-19T14:11:02.379 state -> child
[parse] 2025-12-19T14:11:02.385 parent RLOC16 -> e000
[/dev/ttyACM0] ping parent fd72:e9dd:7d27:e872:0:ff:fe00:e000
[parse] 2025-12-19T14:11:03.351 state -> child
[parse] 2025-12-19T14:11:03.357 parent RLOC16 -> e000
[/dev/ttyACM0] ping parent fd72:e9dd:7d27:e872:0:ff:fe00:e000
[parse] 2025-12-19T14:11:04.420 state -> child
[parse] 2025-12-19T14:11:04.426 parent RLOC16 -> e000
[/dev/ttyACM0] ping parent fd72:e9dd:7d27:e872:0:ff:fe00:e000
[parse] 2025-12-19T14:11:05.437 state -> child
[parse] 2025-12-19T14:11:05.443 parent RLOC16 -> e000
[/dev/ttyACM0] ping parent fd72:e9dd:7d27:e872:0:ff:fe00:e000
[parse] 2025-12-19T14:11:06.404 state -> child
[parse] 2025-12-19T14:11:06.410 parent RLOC16 -> e000
[/dev/ttyACM0] ping parent fd72:e9dd:7d27:e872:0:ff:fe00:e000
[parse] 2025-12-19T14:11:07.390 state -> child
[parse] 2025-12-19T14:11:07.397 parent RLOC16 -> e000
[/dev/ttyACM0] ping parent fd72:e9dd:7d27:e872:0:ff:fe00:e000
[parse] 2025-12-19T14:11:08.437 state -> child
[parse] 2025-12-19T14:11:08.443 parent RLOC16 -> e000
[/dev/ttyACM0] ping parent fd72:e9dd:7d27:e872:0:ff:fe00:e000
[parse] 2025-12-19T14:11:09.404 state -> child
[parse] 2025-12-19T14:11:09.411 parent RLOC16 -> e000
[/dev/ttyACM0] ping parent fd72:e9dd:7d27:e872:0:ff:fe00:e000
[parse] 2025-12-19T14:11:10.419 state -> child
[parse] 2025-12-19T14:11:10.424 parent RLOC16 -> e000
[/dev/ttyACM0] ping parent fd72:e9dd:7d27:e872:0:ff:fe00:e000
[parse] 2025-12-19T14:11:11.393 state -> child
[parse] 2025-12-19T14:11:11.398 parent RLOC16 -> e000
[/dev/ttyACM0] ping parent fd72:e9dd:7d27:e872:0:ff:fe00:e000
[parse] 2025-12-19T14:11:12.358 state -> child
[parse] 2025-12-19T14:11:12.364 parent RLOC16 -> e000
[/dev/ttyACM0] ping parent fd72:e9dd:7d27:e872:0:ff:fe00:e000
[parse] 2025-12-19T14:11:13.424 state -> child
[parse] 2025-12-19T14:11:13.430 parent RLOC16 -> e000
[/dev/ttyACM0] ping parent fd72:e9dd:7d27:e872:0:ff:fe00:e000
[parse] 2025-12-19T14:11:14.410 state -> child
[parse] 2025-12-19T14:11:14.413 parent RLOC16 -> e000
[/dev/ttyACM0] ping parent fd72:e9dd:7d27:e872:0:ff:fe00:e000
[parse] 2025-12-19T14:11:15.427 state -> child
[parse] 2025-12-19T14:11:15.432 parent RLOC16 -> e000
[/dev/ttyACM0] ping parent fd72:e9dd:7d27:e872:0:ff:fe00:e000
[parse] 2025-12-19T14:11:16.393 state -> child
[parse] 2025-12-19T14:11:16.400 parent RLOC16 -> e000
[/dev/ttyACM0] ping parent fd72:e9dd:7d27:e872:0:ff:fe00:e000
[parse] 2025-12-19T14:11:17.360 state -> child
[parse] 2025-12-19T14:11:17.366 parent RLOC16 -> e000
[/dev/ttyACM0] ping parent fd72:e9dd:7d27:e872:0:ff:fe00:e000
[parse] 2025-12-19T14:11:18.427 state -> child
[parse] 2025-12-19T14:11:18.433 parent RLOC16 -> e000
[/dev/ttyACM0] ping parent fd72:e9dd:7d27:e872:0:ff:fe00:e000
[parse] 2025-12-19T14:11:19.395 state -> child
[parse] 2025-12-19T14:11:19.400 parent RLOC16 -> e000
[/dev/ttyACM0] ping parent fd72:e9dd:7d27:e872:0:ff:fe00:e000
[parse] 2025-12-19T14:11:20.400 state -> child
[parse] 2025-12-19T14:11:20.404 parent RLOC16 -> e000
[/dev/ttyACM0] ping parent fd72:e9dd:7d27:e872:0:ff:fe00:e000
[parse] 2025-12-19T14:11:21.362 state -> child
[parse] 2025-12-19T14:11:21.367 parent RLOC16 -> e000
[/dev/ttyACM0] ping parent fd72:e9dd:7d27:e872:0:ff:fe00:e000
[parse] 2025-12-19T14:11:22.340 state -> child
[parse] 2025-12-19T14:11:22.345 parent RLOC16 -> e000
[/dev/ttyACM0] ping parent fd72:e9dd:7d27:e872:0:ff:fe00:e000
[parse] 2025-12-19T14:11:23.433 state -> child
[parse] 2025-12-19T14:11:23.439 parent RLOC16 -> e000
[/dev/ttyACM0] ping parent fd72:e9dd:7d27:e872:0:ff:fe00:e000
[parse] 2025-12-19T14:11:24.419 state -> child
[parse] 2025-12-19T14:11:24.423 parent RLOC16 -> e000
[/dev/ttyACM0] ping parent fd72:e9dd:7d27:e872:0:ff:fe00:e000
[parse] 2025-12-19T14:11:25.434 state -> child
[parse] 2025-12-19T14:11:25.439 parent RLOC16 -> e000
[/dev/ttyACM0] ping parent fd72:e9dd:7d27:e872:0:ff:fe00:e000
[parse] 2025-12-19T14:11:26.395 state -> child
[parse] 2025-12-19T14:11:26.400 parent RLOC16 -> e000
[/dev/ttyACM0] ping parent fd72:e9dd:7d27:e872:0:ff:fe00:e000
[parse] 2025-12-19T14:11:27.368 state -> child
[parse] 2025-12-19T14:11:27.373 parent RLOC16 -> e000
[/dev/ttyACM0] ping parent fd72:e9dd:7d27:e872:0:ff:fe00:e000
[parse] 2025-12-19T14:11:28.341 state -> child
[parse] 2025-12-19T14:11:28.345 parent RLOC16 -> e000
[/dev/ttyACM0] ping parent fd72:e9dd:7d27:e872:0:ff:fe00:e000
[parse] 2025-12-19T14:11:29.425 state -> child
[parse] 2025-12-19T14:11:29.430 parent RLOC16 -> e000
[/dev/ttyACM0] ping parent fd72:e9dd:7d27:e872:0:ff:fe00:e000
[parse] 2025-12-19T14:11:30.436 state -> child
[parse] 2025-12-19T14:11:30.442 parent RLOC16 -> e000
[/dev/ttyACM0] ping parent fd72:e9dd:7d27:e872:0:ff:fe00:e000
[parse] 2025-12-19T14:11:31.404 state -> child
[parse] 2025-12-19T14:11:31.411 parent RLOC16 -> e000
[/dev/ttyACM0] ping parent fd72:e9dd:7d27:e872:0:ff:fe00:e000
[parse] 2025-12-19T14:11:32.411 state -> child
[parse] 2025-12-19T14:11:32.417 parent RLOC16 -> e000
[/dev/ttyACM0] ping parent fd72:e9dd:7d27:e872:0:ff:fe00:e000
[parse] 2025-12-19T14:11:33.375 state -> child
[parse] 2025-12-19T14:11:33.380 parent RLOC16 -> e000
[/dev/ttyACM0] ping parent fd72:e9dd:7d27:e872:0:ff:fe00:e000
[parse] 2025-12-19T14:11:34.340 state -> child
[parse] 2025-12-19T14:11:34.345 parent RLOC16 -> e000
[/dev/ttyACM0] ping parent fd72:e9dd:7d27:e872:0:ff:fe00:e000
[/dev/ttyACM0] ping parent fd72:e9dd:7d27:e872:0:ff:fe00:e000
[parse] 2025-12-19T14:11:37.069 state -> child
[parse] 2025-12-19T14:11:37.074 parent RLOC16 -> e000
[parse] 2025-12-19T14:11:37.128 state -> child
[parse] 2025-12-19T14:11:37.132 parent RLOC16 -> e000
[/dev/ttyACM0] ping parent fd72:e9dd:7d27:e872:0:ff:fe00:e000
[parse] 2025-12-19T14:11:37.389 state -> child
[parse] 2025-12-19T14:11:37.395 parent RLOC16 -> e000
[/dev/ttyACM0] ping parent fd72:e9dd:7d27:e872:0:ff:fe00:e000
[parse] 2025-12-19T14:11:38.354 state -> child
[parse] 2025-12-19T14:11:38.359 parent RLOC16 -> e000
[/dev/ttyACM0] ping parent fd72:e9dd:7d27:e872:0:ff:fe00:e000
[parse] 2025-12-19T14:11:39.404 state -> child
[parse] 2025-12-19T14:11:39.408 parent RLOC16 -> e000
[/dev/ttyACM0] ping parent fd72:e9dd:7d27:e872:0:ff:fe00:e000
[/dev/ttyACM0] ping parent fd72:e9dd:7d27:e872:0:ff:fe00:e000
[parse] 2025-12-19T14:11:41.705 state -> child
[parse] 2025-12-19T14:11:41.712 parent RLOC16 -> e000
[parse] 2025-12-19T14:11:41.797 state -> child
[parse] 2025-12-19T14:11:41.801 parent RLOC16 -> e000
[/dev/ttyACM0] ping parent fd72:e9dd:7d27:e872:0:ff:fe00:e000
[parse] 2025-12-19T14:11:42.358 state -> child
[parse] 2025-12-19T14:11:42.364 parent RLOC16 -> e000
[/dev/ttyACM0] ping parent fd72:e9dd:7d27:e872:0:ff:fe00:e000
[parse] 2025-12-19T14:11:43.423 state -> child
[parse] 2025-12-19T14:11:43.428 parent RLOC16 -> e000
[/dev/ttyACM0] ping parent fd72:e9dd:7d27:e872:0:ff:fe00:e000
[parse] 2025-12-19T14:11:44.390 state -> child
[parse] 2025-12-19T14:11:44.396 parent RLOC16 -> e000
[/dev/ttyACM0] ping parent fd72:e9dd:7d27:e872:0:ff:fe00:e000
[parse] 2025-12-19T14:11:45.396 state -> child
[parse] 2025-12-19T14:11:45.402 parent RLOC16 -> e000
[/dev/ttyACM0] ping parent fd72:e9dd:7d27:e872:0:ff:fe00:e000
[parse] 2025-12-19T14:11:46.393 state -> child
[parse] 2025-12-19T14:11:46.398 parent RLOC16 -> e000
[/dev/ttyACM0] ping parent fd72:e9dd:7d27:e872:0:ff:fe00:e000
[parse] 2025-12-19T14:11:47.342 state -> child
[parse] 2025-12-19T14:11:47.348 parent RLOC16 -> e000
[/dev/ttyACM0] ping parent fd72:e9dd:7d27:e872:0:ff:fe00:e000
[parse] 2025-12-19T14:11:48.424 state -> child
[parse] 2025-12-19T14:11:48.429 parent RLOC16 -> e000
[/dev/ttyACM0] ping parent fd72:e9dd:7d27:e872:0:ff:fe00:e000
[parse] 2025-12-19T14:11:49.405 state -> child
[parse] 2025-12-19T14:11:49.412 parent RLOC16 -> e000
[/dev/ttyACM0] ping parent fd72:e9dd:7d27:e872:0:ff:fe00:e000
[parse] 2025-12-19T14:11:50.400 state -> child
[parse] 2025-12-19T14:11:50.406 parent RLOC16 -> e000
[/dev/ttyACM0] ping parent fd72:e9dd:7d27:e872:0:ff:fe00:e000
[parse] 2025-12-19T14:11:51.366 state -> child
[parse] 2025-12-19T14:11:51.372 parent RLOC16 -> e000
[/dev/ttyACM0] ping parent fd72:e9dd:7d27:e872:0:ff:fe00:e000
[parse] 2025-12-19T14:11:52.375 state -> child
[parse] 2025-12-19T14:11:52.380 parent RLOC16 -> e000
[/dev/ttyACM0] ping parent fd72:e9dd:7d27:e872:0:ff:fe00:e000
[parse] 2025-12-19T14:11:53.373 state -> child
[parse] 2025-12-19T14:11:53.379 parent RLOC16 -> e000
[/dev/ttyACM0] ping parent fd72:e9dd:7d27:e872:0:ff:fe00:e000
[parse] 2025-12-19T14:11:54.350 state -> child
[parse] 2025-12-19T14:11:54.356 parent RLOC16 -> e000
[/dev/ttyACM0] ping parent fd72:e9dd:7d27:e872:0:ff:fe00:e000
[parse] 2025-12-19T14:11:55.341 state -> child
[parse] 2025-12-19T14:11:55.347 parent RLOC16 -> e000
[/dev/ttyACM0] ping parent fd72:e9dd:7d27:e872:0:ff:fe00:e000
[parse] 2025-12-19T14:11:56.400 state -> child
[parse] 2025-12-19T14:11:56.405 parent RLOC16 -> e000
[/dev/ttyACM0] ping parent fd72:e9dd:7d27:e872:0:ff:fe00:e000
[parse] 2025-12-19T14:11:57.369 state -> child
[parse] 2025-12-19T14:11:57.374 parent RLOC16 -> e000
[/dev/ttyACM0] ping parent fd72:e9dd:7d27:e872:0:ff:fe00:e000
[parse] 2025-12-19T14:11:58.436 state -> child
[parse] 2025-12-19T14:11:58.441 parent RLOC16 -> e000
[/dev/ttyACM0] ping parent fd72:e9dd:7d27:e872:0:ff:fe00:e000
[parse] 2025-12-19T14:11:59.413 state -> child
[parse] 2025-12-19T14:11:59.418 parent RLOC16 -> e000
[/dev/ttyACM0] ping parent fd72:e9dd:7d27:e872:0:ff:fe00:e000
[parse] 2025-12-19T14:12:00.380 state -> child
[parse] 2025-12-19T14:12:00.386 parent RLOC16 -> e000
[/dev/ttyACM0] ping parent fd72:e9dd:7d27:e872:0:ff:fe00:e000
[parse] 2025-12-19T14:12:01.386 state -> child
[parse] 2025-12-19T14:12:01.394 parent RLOC16 -> e000
[/dev/ttyACM0] ping parent fd72:e9dd:7d27:e872:0:ff:fe00:e000
[parse] 2025-12-19T14:12:02.353 state -> child
[parse] 2025-12-19T14:12:02.359 parent RLOC16 -> e000
[/dev/ttyACM0] ping parent fd72:e9dd:7d27:e872:0:ff:fe00:e000
[parse] 2025-12-19T14:12:03.421 state -> child
[parse] 2025-12-19T14:12:03.426 parent RLOC16 -> e000
[/dev/ttyACM0] ping parent fd72:e9dd:7d27:e872:0:ff:fe00:e000
[parse] 2025-12-19T14:12:04.390 state -> child
[parse] 2025-12-19T14:12:04.396 parent RLOC16 -> e000
[/dev/ttyACM0] ping parent fd72:e9dd:7d27:e872:0:ff:fe00:e000
[parse] 2025-12-19T14:12:05.356 state -> child
[parse] 2025-12-19T14:12:05.361 parent RLOC16 -> e000
[/dev/ttyACM0] ping parent fd72:e9dd:7d27:e872:0:ff:fe00:e000
[parse] 2025-12-19T14:12:06.362 state -> child
[parse] 2025-12-19T14:12:06.368 parent RLOC16 -> e000
[/dev/ttyACM0] ping parent fd72:e9dd:7d27:e872:0:ff:fe00:e000
[parse] 2025-12-19T14:12:07.428 state -> child
[parse] 2025-12-19T14:12:07.433 parent RLOC16 -> e000
[/dev/ttyACM0] ping parent fd72:e9dd:7d27:e872:0:ff:fe00:e000
[parse] 2025-12-19T14:12:08.395 state -> child
[parse] 2025-12-19T14:12:08.400 parent RLOC16 -> e000
[/dev/ttyACM0] ping parent fd72:e9dd:7d27:e872:0:ff:fe00:e000
[parse] 2025-12-19T14:12:09.371 state -> child
[parse] 2025-12-19T14:12:09.376 parent RLOC16 -> e000
[/dev/ttyACM0] ping parent fd72:e9dd:7d27:e872:0:ff:fe00:e000
[parse] 2025-12-19T14:12:10.339 state -> child
[parse] 2025-12-19T14:12:10.344 parent RLOC16 -> e000
[/dev/ttyACM0] ping parent fd72:e9dd:7d27:e872:0:ff:fe00:e000
[/dev/ttyACM0] ping parent fd72:e9dd:7d27:e872:0:ff:fe00:e000
[parse] 2025-12-19T14:12:12.896 state -> child
[parse] 2025-12-19T14:12:12.903 parent RLOC16 -> e000
[parse] 2025-12-19T14:12:12.976 state -> child
[parse] 2025-12-19T14:12:12.980 parent RLOC16 -> e000
[/dev/ttyACM0] ping parent fd72:e9dd:7d27:e872:0:ff:fe00:e000
[parse] 2025-12-19T14:12:13.438 state -> child
[parse] 2025-12-19T14:12:13.443 parent RLOC16 -> e000
[/dev/ttyACM0] ping parent fd72:e9dd:7d27:e872:0:ff:fe00:e000
[parse] 2025-12-19T14:12:14.356 state -> child
[parse] 2025-12-19T14:12:14.362 parent RLOC16 -> e000
[/dev/ttyACM0] ping parent fd72:e9dd:7d27:e872:0:ff:fe00:e000
[parse] 2025-12-19T14:12:15.422 state -> child
[parse] 2025-12-19T14:12:15.427 parent RLOC16 -> e000
[/dev/ttyACM0] ping parent fd72:e9dd:7d27:e872:0:ff:fe00:e000
[parse] 2025-12-19T14:12:16.429 state -> child
[parse] 2025-12-19T14:12:16.435 parent RLOC16 -> e000
[/dev/ttyACM0] ping parent fd72:e9dd:7d27:e872:0:ff:fe00:e000
[parse] 2025-12-19T14:12:17.431 state -> child
[parse] 2025-12-19T14:12:17.437 parent RLOC16 -> e000
[/dev/ttyACM0] ping parent fd72:e9dd:7d27:e872:0:ff:fe00:e000
[parse] 2025-12-19T14:12:18.397 state -> child
[parse] 2025-12-19T14:12:18.404 parent RLOC16 -> e000
[/dev/ttyACM0] ping parent fd72:e9dd:7d27:e872:0:ff:fe00:e000
[parse] 2025-12-19T14:12:19.386 state -> child
[parse] 2025-12-19T14:12:19.394 parent RLOC16 -> e000
[/dev/ttyACM0] ping parent fd72:e9dd:7d27:e872:0:ff:fe00:e000
[parse] 2025-12-19T14:12:20.409 state -> child
[parse] 2025-12-19T14:12:20.413 parent RLOC16 -> e000
[/dev/ttyACM0] ping parent fd72:e9dd:7d27:e872:0:ff:fe00:e000
[parse] 2025-12-19T14:12:21.388 state -> child
[parse] 2025-12-19T14:12:21.394 parent RLOC16 -> e000
[/dev/ttyACM0] ping parent fd72:e9dd:7d27:e872:0:ff:fe00:e000
[parse] 2025-12-19T14:12:22.336 state -> child
[parse] 2025-12-19T14:12:22.340 parent RLOC16 -> e000
[/dev/ttyACM0] ping parent fd72:e9dd:7d27:e872:0:ff:fe00:e000
[parse] 2025-12-19T14:12:23.416 state -> child
[parse] 2025-12-19T14:12:23.423 parent RLOC16 -> e000
[/dev/ttyACM0] ping parent fd72:e9dd:7d27:e872:0:ff:fe00:e000
[parse] 2025-12-19T14:12:24.382 state -> child
[parse] 2025-12-19T14:12:24.389 parent RLOC16 -> e000
[/dev/ttyACM0] ping parent fd72:e9dd:7d27:e872:0:ff:fe00:e000
[parse] 2025-12-19T14:12:25.366 state -> child
[parse] 2025-12-19T14:12:25.371 parent RLOC16 -> e000
[/dev/ttyACM0] ping parent fd72:e9dd:7d27:e872:0:ff:fe00:e000
[parse] 2025-12-19T14:12:26.378 state -> child
[parse] 2025-12-19T14:12:26.386 parent RLOC16 -> e000
[/dev/ttyACM0] ping parent fd72:e9dd:7d27:e872:0:ff:fe00:e000
[parse] 2025-12-19T14:12:27.355 state -> child
[parse] 2025-12-19T14:12:27.361 parent RLOC16 -> e000
[/dev/ttyACM0] ping parent fd72:e9dd:7d27:e872:0:ff:fe00:e000
[parse] 2025-12-19T14:12:28.434 state -> child
[parse] 2025-12-19T14:12:28.440 parent RLOC16 -> e000
[/dev/ttyACM0] ping parent fd72:e9dd:7d27:e872:0:ff:fe00:e000
[parse] 2025-12-19T14:12:29.401 state -> child
[parse] 2025-12-19T14:12:29.407 parent RLOC16 -> e000
[/dev/ttyACM0] ping parent fd72:e9dd:7d27:e872:0:ff:fe00:e000
[parse] 2025-12-19T14:12:30.370 state -> child
[parse] 2025-12-19T14:12:30.375 parent RLOC16 -> e000
[/dev/ttyACM0] ping parent fd72:e9dd:7d27:e872:0:ff:fe00:e000
[parse] 2025-12-19T14:12:31.437 state -> child
[parse] 2025-12-19T14:12:31.442 parent RLOC16 -> e000
[/dev/ttyACM0] ping parent fd72:e9dd:7d27:e872:0:ff:fe00:e000
[parse] 2025-12-19T14:12:32.415 state -> child
[parse] 2025-12-19T14:12:32.420 parent RLOC16 -> e000
[/dev/ttyACM0] ping parent fd72:e9dd:7d27:e872:0:ff:fe00:e000
[parse] 2025-12-19T14:12:33.381 state -> child
[parse] 2025-12-19T14:12:33.386 parent RLOC16 -> e000
[/dev/ttyACM0] ping parent fd72:e9dd:7d27:e872:0:ff:fe00:e000
[parse] 2025-12-19T14:12:34.351 state -> child
[parse] 2025-12-19T14:12:34.356 parent RLOC16 -> e000
[/dev/ttyACM0] ping parent fd72:e9dd:7d27:e872:0:ff:fe00:e000
[parse] 2025-12-19T14:12:35.419 state -> child
[parse] 2025-12-19T14:12:35.426 parent RLOC16 -> e000
[/dev/ttyACM0] ping parent fd72:e9dd:7d27:e872:0:ff:fe00:e000
[parse] 2025-12-19T14:12:36.386 state -> child
[parse] 2025-12-19T14:12:36.392 parent RLOC16 -> e000
[/dev/ttyACM0] ping parent fd72:e9dd:7d27:e872:0:ff:fe00:e000
[parse] 2025-12-19T14:12:37.393 state -> child
[parse] 2025-12-19T14:12:37.396 parent RLOC16 -> e000
[/dev/ttyACM0] ping parent fd72:e9dd:7d27:e872:0:ff:fe00:e000
[parse] 2025-12-19T14:12:38.355 state -> child
[parse] 2025-12-19T14:12:38.361 parent RLOC16 -> e000
[/dev/ttyACM0] ping parent fd72:e9dd:7d27:e872:0:ff:fe00:e000
[parse] 2025-12-19T14:12:39.421 state -> child
[parse] 2025-12-19T14:12:39.426 parent RLOC16 -> e000
[/dev/ttyACM0] ping parent fd72:e9dd:7d27:e872:0:ff:fe00:e000
[parse] 2025-12-19T14:12:40.385 state -> child
[parse] 2025-12-19T14:12:40.391 parent RLOC16 -> e000
[/dev/ttyACM0] ping parent fd72:e9dd:7d27:e872:0:ff:fe00:e000
[parse] 2025-12-19T14:12:41.428 state -> child
[parse] 2025-12-19T14:12:41.433 parent RLOC16 -> e000
[/dev/ttyACM0] ping parent fd72:e9dd:7d27:e872:0:ff:fe00:e000
[parse] 2025-12-19T14:12:42.370 state -> child
[parse] 2025-12-19T14:12:42.375 parent RLOC16 -> e000
[/dev/ttyACM0] ping parent fd72:e9dd:7d27:e872:0:ff:fe00:e000
[parse] 2025-12-19T14:12:43.338 state -> child
[parse] 2025-12-19T14:12:43.343 parent RLOC16 -> e000
[/dev/ttyACM0] ping parent fd72:e9dd:7d27:e872:0:ff:fe00:e000
[parse] 2025-12-19T14:12:44.432 state -> child
[parse] 2025-12-19T14:12:44.438 parent RLOC16 -> e000
[/dev/ttyACM0] ping parent fd72:e9dd:7d27:e872:0:ff:fe00:e000
[parse] 2025-12-19T14:12:45.415 state -> child
[parse] 2025-12-19T14:12:45.420 parent RLOC16 -> e000
[/dev/ttyACM0] ping parent fd72:e9dd:7d27:e872:0:ff:fe00:e000
[parse] 2025-12-19T14:12:46.380 state -> child
[parse] 2025-12-19T14:12:46.386 parent RLOC16 -> e000
[/dev/ttyACM0] ping parent fd72:e9dd:7d27:e872:0:ff:fe00:e000
[parse] 2025-12-19T14:12:47.455 state -> child
[parse] 2025-12-19T14:12:47.460 parent RLOC16 -> e000
[/dev/ttyACM0] ping parent fd72:e9dd:7d27:e872:0:ff:fe00:e000
[parse] 2025-12-19T14:12:48.420 state -> child
[parse] 2025-12-19T14:12:48.424 parent RLOC16 -> e000
[/dev/ttyACM0] ping parent fd72:e9dd:7d27:e872:0:ff:fe00:e000
[parse] 2025-12-19T14:12:49.413 state -> child
[parse] 2025-12-19T14:12:49.418 parent RLOC16 -> e000
[/dev/ttyACM0] ping parent fd72:e9dd:7d27:e872:0:ff:fe00:e000
[parse] 2025-12-19T14:12:50.420 state -> child
[parse] 2025-12-19T14:12:50.424 parent RLOC16 -> 7000
[/dev/ttyACM0] ping parent fd72:e9dd:7d27:e872:0:ff:fe00:7000
[parse] 2025-12-19T14:12:51.385 state -> child
[parse] 2025-12-19T14:12:51.391 parent RLOC16 -> 7000
[/dev/ttyACM0] ping parent fd72:e9dd:7d27:e872:0:ff:fe00:7000
[parse] 2025-12-19T14:12:52.364 state -> child
[parse] 2025-12-19T14:12:52.370 parent RLOC16 -> 7000
[/dev/ttyACM0] ping parent fd72:e9dd:7d27:e872:0:ff:fe00:7000
[parse] 2025-12-19T14:12:53.430 state -> child
[parse] 2025-12-19T14:12:53.436 parent RLOC16 -> 7000
[/dev/ttyACM0] ping parent fd72:e9dd:7d27:e872:0:ff:fe00:7000
[parse] 2025-12-19T14:12:54.403 state -> child
[parse] 2025-12-19T14:12:54.408 parent RLOC16 -> 7000
[/dev/ttyACM0] ping parent fd72:e9dd:7d27:e872:0:ff:fe00:7000
[parse] 2025-12-19T14:12:55.368 state -> child
[parse] 2025-12-19T14:12:55.373 parent RLOC16 -> 7000
[/dev/ttyACM0] ping parent fd72:e9dd:7d27:e872:0:ff:fe00:7000
[parse] 2025-12-19T14:12:56.405 state -> child
[parse] 2025-12-19T14:12:56.411 parent RLOC16 -> 7000
[/dev/ttyACM0] ping parent fd72:e9dd:7d27:e872:0:ff:fe00:7000
[parse] 2025-12-19T14:12:57.432 state -> child
[parse] 2025-12-19T14:12:57.438 parent RLOC16 -> 7000
[/dev/ttyACM0] ping parent fd72:e9dd:7d27:e872:0:ff:fe00:7000
[parse] 2025-12-19T14:12:58.428 state -> child
[parse] 2025-12-19T14:12:58.434 parent RLOC16 -> 7000
[/dev/ttyACM0] ping parent fd72:e9dd:7d27:e872:0:ff:fe00:7000
[parse] 2025-12-19T14:12:59.385 state -> child
[parse] 2025-12-19T14:12:59.391 parent RLOC16 -> 7000
[/dev/ttyACM0] ping parent fd72:e9dd:7d27:e872:0:ff:fe00:7000
[parse] 2025-12-19T14:13:00.365 state -> child
[parse] 2025-12-19T14:13:00.370 parent RLOC16 -> 7000
[/dev/ttyACM0] ping parent fd72:e9dd:7d27:e872:0:ff:fe00:7000
[parse] 2025-12-19T14:13:01.429 state -> child
[parse] 2025-12-19T14:13:01.434 parent RLOC16 -> 7000
[/dev/ttyACM0] ping parent fd72:e9dd:7d27:e872:0:ff:fe00:7000
[parse] 2025-12-19T14:13:02.342 state -> child
[parse] 2025-12-19T14:13:02.347 parent RLOC16 -> 7000
[/dev/ttyACM0] ping parent fd72:e9dd:7d27:e872:0:ff:fe00:7000
[parse] 2025-12-19T14:13:04.981 state -> child
[parse] 2025-12-19T14:13:04.984 parent RLOC16 -> 7000
[/dev/ttyACM0] ping parent fd72:e9dd:7d27:e872:0:ff:fe00:7000
[parse] 2025-12-19T14:13:05.341 state -> child
[parse] 2025-12-19T14:13:05.346 parent RLOC16 -> 7000
[/dev/ttyACM0] ping parent fd72:e9dd:7d27:e872:0:ff:fe00:7000
[parse] 2025-12-19T14:13:06.341 state -> child
[parse] 2025-12-19T14:13:06.346 parent RLOC16 -> 7000
[/dev/ttyACM0] ping parent fd72:e9dd:7d27:e872:0:ff:fe00:7000
[parse] 2025-12-19T14:13:07.425 state -> child
[parse] 2025-12-19T14:13:07.430 parent RLOC16 -> 7000
[/dev/ttyACM0] ping parent fd72:e9dd:7d27:e872:0:ff:fe00:7000
[parse] 2025-12-19T14:13:08.394 state -> child
[parse] 2025-12-19T14:13:08.400 parent RLOC16 -> 7000
[/dev/ttyACM0] ping parent fd72:e9dd:7d27:e872:0:ff:fe00:7000
[parse] 2025-12-19T14:13:09.373 state -> child
[parse] 2025-12-19T14:13:09.379 parent RLOC16 -> 7000
[/dev/ttyACM0] ping parent fd72:e9dd:7d27:e872:0:ff:fe00:7000
[/dev/ttyACM0] ping parent fd72:e9dd:7d27:e872:0:ff:fe00:7000
[parse] 2025-12-19T14:13:12.651 state -> child
[parse] 2025-12-19T14:13:12.656 parent RLOC16 -> 7000
[parse] 2025-12-19T14:13:12.709 state -> child
[parse] 2025-12-19T14:13:12.713 parent RLOC16 -> 7000
[/dev/ttyACM0] ping parent fd72:e9dd:7d27:e872:0:ff:fe00:7000
[parse] 2025-12-19T14:13:13.372 state -> child
[parse] 2025-12-19T14:13:13.377 parent RLOC16 -> 7000
[/dev/ttyACM0] ping parent fd72:e9dd:7d27:e872:0:ff:fe00:7000
[parse] 2025-12-19T14:13:14.339 state -> child
[parse] 2025-12-19T14:13:14.344 parent RLOC16 -> 7000
[/dev/ttyACM0] ping parent fd72:e9dd:7d27:e872:0:ff:fe00:7000
[parse] 2025-12-19T14:13:15.465 state -> child
[parse] 2025-12-19T14:13:15.471 parent RLOC16 -> 7000
[/dev/ttyACM0] ping parent fd72:e9dd:7d27:e872:0:ff:fe00:7000
[parse] 2025-12-19T14:13:16.432 state -> child
[parse] 2025-12-19T14:13:16.438 parent RLOC16 -> 7000
[/dev/ttyACM0] ping parent fd72:e9dd:7d27:e872:0:ff:fe00:7000
[parse] 2025-12-19T14:13:17.434 state -> child
[parse] 2025-12-19T14:13:17.440 parent RLOC16 -> 7000
[/dev/ttyACM0] ping parent fd72:e9dd:7d27:e872:0:ff:fe00:7000
[parse] 2025-12-19T14:13:18.354 state -> child
[parse] 2025-12-19T14:13:18.359 parent RLOC16 -> 7000
[/dev/ttyACM0] ping parent fd72:e9dd:7d27:e872:0:ff:fe00:7000
[parse] 2025-12-19T14:13:19.395 state -> child
[parse] 2025-12-19T14:13:19.400 parent RLOC16 -> 7000
[/dev/ttyACM0] ping parent fd72:e9dd:7d27:e872:0:ff:fe00:7000
[parse] 2025-12-19T14:13:20.363 state -> child
[parse] 2025-12-19T14:13:20.369 parent RLOC16 -> 7000
[/dev/ttyACM0] ping parent fd72:e9dd:7d27:e872:0:ff:fe00:7000
[parse] 2025-12-19T14:13:21.375 state -> child
[parse] 2025-12-19T14:13:21.380 parent RLOC16 -> 7000
[/dev/ttyACM0] ping parent fd72:e9dd:7d27:e872:0:ff:fe00:7000
[parse] 2025-12-19T14:13:22.339 state -> child
[parse] 2025-12-19T14:13:22.344 parent RLOC16 -> 7000
[/dev/ttyACM0] ping parent fd72:e9dd:7d27:e872:0:ff:fe00:7000
[parse] 2025-12-19T14:13:23.411 state -> child
[parse] 2025-12-19T14:13:23.417 parent RLOC16 -> 7000
[/dev/ttyACM0] ping parent fd72:e9dd:7d27:e872:0:ff:fe00:7000
[parse] 2025-12-19T14:13:24.381 state -> child
[parse] 2025-12-19T14:13:24.387 parent RLOC16 -> 7000
[/dev/ttyACM0] ping parent fd72:e9dd:7d27:e872:0:ff:fe00:7000
[parse] 2025-12-19T14:13:25.346 state -> child
[parse] 2025-12-19T14:13:25.351 parent RLOC16 -> 7000
[/dev/ttyACM0] ping parent fd72:e9dd:7d27:e872:0:ff:fe00:7000
[parse] 2025-12-19T14:13:26.383 state -> child
[parse] 2025-12-19T14:13:26.388 parent RLOC16 -> 7000
[/dev/ttyACM0] ping parent fd72:e9dd:7d27:e872:0:ff:fe00:7000
[parse] 2025-12-19T14:13:27.352 state -> child
[parse] 2025-12-19T14:13:27.357 parent RLOC16 -> 7000
[/dev/ttyACM0] ping parent fd72:e9dd:7d27:e872:0:ff:fe00:7000
[parse] 2025-12-19T14:13:28.402 state -> child
[parse] 2025-12-19T14:13:28.408 parent RLOC16 -> 7000
[/dev/ttyACM0] ping parent fd72:e9dd:7d27:e872:0:ff:fe00:7000
[parse] 2025-12-19T14:13:29.386 state -> child
[parse] 2025-12-19T14:13:29.392 parent RLOC16 -> 7000
[/dev/ttyACM0] ping parent fd72:e9dd:7d27:e872:0:ff:fe00:7000
[parse] 2025-12-19T14:13:30.351 state -> child
[parse] 2025-12-19T14:13:30.357 parent RLOC16 -> 7000
[/dev/ttyACM0] ping parent fd72:e9dd:7d27:e872:0:ff:fe00:7000
[parse] 2025-12-19T14:13:31.384 state -> child
[parse] 2025-12-19T14:13:31.391 parent RLOC16 -> 7000
[/dev/ttyACM0] ping parent fd72:e9dd:7d27:e872:0:ff:fe00:7000
[parse] 2025-12-19T14:13:32.364 state -> child
[parse] 2025-12-19T14:13:32.370 parent RLOC16 -> 7000
[/dev/ttyACM0] ping parent fd72:e9dd:7d27:e872:0:ff:fe00:7000
[parse] 2025-12-19T14:13:33.355 state -> child
[parse] 2025-12-19T14:13:33.361 parent RLOC16 -> 7000
[/dev/ttyACM0] ping parent fd72:e9dd:7d27:e872:0:ff:fe00:7000
[parse] 2025-12-19T14:13:34.420 state -> child
[parse] 2025-12-19T14:13:34.425 parent RLOC16 -> 7000
[/dev/ttyACM0] ping parent fd72:e9dd:7d27:e872:0:ff:fe00:7000
[parse] 2025-12-19T14:13:35.391 state -> child
[parse] 2025-12-19T14:13:35.397 parent RLOC16 -> 7000
[/dev/ttyACM0] ping parent fd72:e9dd:7d27:e872:0:ff:fe00:7000
[parse] 2025-12-19T14:13:36.380 state -> child
[parse] 2025-12-19T14:13:36.385 parent RLOC16 -> 7000
[/dev/ttyACM0] ping parent fd72:e9dd:7d27:e872:0:ff:fe00:7000
[parse] 2025-12-19T14:13:37.345 state -> child
[parse] 2025-12-19T14:13:37.350 parent RLOC16 -> 7000
[/dev/ttyACM0] ping parent fd72:e9dd:7d27:e872:0:ff:fe00:7000
[parse] 2025-12-19T14:13:38.412 state -> child
[parse] 2025-12-19T14:13:38.419 parent RLOC16 -> 7000
[/dev/ttyACM0] ping parent fd72:e9dd:7d27:e872:0:ff:fe00:7000
[parse] 2025-12-19T14:13:39.383 state -> child
[parse] 2025-12-19T14:13:39.387 parent RLOC16 -> 7000
[/dev/ttyACM0] ping parent fd72:e9dd:7d27:e872:0:ff:fe00:7000
[parse] 2025-12-19T14:13:40.350 state -> child
[parse] 2025-12-19T14:13:40.357 parent RLOC16 -> 7000
[/dev/ttyACM0] ping parent fd72:e9dd:7d27:e872:0:ff:fe00:7000
[parse] 2025-12-19T14:13:41.419 state -> child
[parse] 2025-12-19T14:13:41.423 parent RLOC16 -> 7000
[/dev/ttyACM0] ping parent fd72:e9dd:7d27:e872:0:ff:fe00:7000
[parse] 2025-12-19T14:13:42.401 state -> child
[parse] 2025-12-19T14:13:42.409 parent RLOC16 -> 7000
[/dev/ttyACM0] ping parent fd72:e9dd:7d27:e872:0:ff:fe00:7000
[parse] 2025-12-19T14:13:43.368 state -> child
[parse] 2025-12-19T14:13:43.373 parent RLOC16 -> 7000
[/dev/ttyACM0] ping parent fd72:e9dd:7d27:e872:0:ff:fe00:7000
[parse] 2025-12-19T14:13:44.341 state -> child
[parse] 2025-12-19T14:13:44.347 parent RLOC16 -> 7000
[/dev/ttyACM0] ping parent fd72:e9dd:7d27:e872:0:ff:fe00:7000
[parse] 2025-12-19T14:13:45.407 state -> child
[parse] 2025-12-19T14:13:45.413 parent RLOC16 -> 7000
[/dev/ttyACM0] ping parent fd72:e9dd:7d27:e872:0:ff:fe00:7000
[parse] 2025-12-19T14:13:46.377 state -> child
[parse] 2025-12-19T14:13:46.382 parent RLOC16 -> 7000
[/dev/ttyACM0] ping parent fd72:e9dd:7d27:e872:0:ff:fe00:7000
[parse] 2025-12-19T14:13:47.410 state -> child
[parse] 2025-12-19T14:13:47.415 parent RLOC16 -> 7000
[/dev/ttyACM0] ping parent fd72:e9dd:7d27:e872:0:ff:fe00:7000
[parse] 2025-12-19T14:13:48.373 state -> child
[parse] 2025-12-19T14:13:48.379 parent RLOC16 -> 7000
[/dev/ttyACM0] ping parent fd72:e9dd:7d27:e872:0:ff:fe00:7000
[parse] 2025-12-19T14:13:49.387 state -> child
[parse] 2025-12-19T14:13:49.392 parent RLOC16 -> 7000
[/dev/ttyACM0] ping parent fd72:e9dd:7d27:e872:0:ff:fe00:7000
[parse] 2025-12-19T14:13:50.384 state -> child
[parse] 2025-12-19T14:13:50.390 parent RLOC16 -> 7000
[/dev/ttyACM0] ping parent fd72:e9dd:7d27:e872:0:ff:fe00:7000
[parse] 2025-12-19T14:13:51.423 state -> child
[parse] 2025-12-19T14:13:51.429 parent RLOC16 -> 7000
[/dev/ttyACM0] ping parent fd72:e9dd:7d27:e872:0:ff:fe00:7000
[parse] 2025-12-19T14:13:52.403 state -> child
[parse] 2025-12-19T14:13:52.409 parent RLOC16 -> 7000
[/dev/ttyACM0] ping parent fd72:e9dd:7d27:e872:0:ff:fe00:7000
[parse] 2025-12-19T14:13:53.381 state -> child
[parse] 2025-12-19T14:13:53.385 parent RLOC16 -> 7000
[/dev/ttyACM0] ping parent fd72:e9dd:7d27:e872:0:ff:fe00:7000
[parse] 2025-12-19T14:13:54.344 state -> child
[parse] 2025-12-19T14:13:54.350 parent RLOC16 -> 7000
[/dev/ttyACM0] ping parent fd72:e9dd:7d27:e872:0:ff:fe00:7000
[parse] 2025-12-19T14:13:55.425 state -> child
[parse] 2025-12-19T14:13:55.430 parent RLOC16 -> 7000
[/dev/ttyACM0] ping parent fd72:e9dd:7d27:e872:0:ff:fe00:7000
[/dev/ttyACM0] ping parent fd72:e9dd:7d27:e872:0:ff:fe00:7000
[parse] 2025-12-19T14:13:58.692 state -> child
[parse] 2025-12-19T14:13:58.697 parent RLOC16 -> 7000
[parse] 2025-12-19T14:13:58.771 state -> child
[parse] 2025-12-19T14:13:58.775 parent RLOC16 -> 7000
[/dev/ttyACM0] ping parent fd72:e9dd:7d27:e872:0:ff:fe00:7000
[parse] 2025-12-19T14:13:59.433 state -> child
[parse] 2025-12-19T14:13:59.439 parent RLOC16 -> 7000
[/dev/ttyACM0] ping parent fd72:e9dd:7d27:e872:0:ff:fe00:7000
[parse] 2025-12-19T14:14:00.417 state -> child
[parse] 2025-12-19T14:14:00.423 parent RLOC16 -> 7000
[/dev/ttyACM0] ping parent fd72:e9dd:7d27:e872:0:ff:fe00:7000
[parse] 2025-12-19T14:14:01.375 state -> child
[parse] 2025-12-19T14:14:01.380 parent RLOC16 -> 7000
[/dev/ttyACM0] ping parent fd72:e9dd:7d27:e872:0:ff:fe00:7000
[parse] 2025-12-19T14:14:02.406 state -> child
[parse] 2025-12-19T14:14:02.410 parent RLOC16 -> 7000
[/dev/ttyACM0] ping parent fd72:e9dd:7d27:e872:0:ff:fe00:7000
[parse] 2025-12-19T14:14:03.441 state -> child
[parse] 2025-12-19T14:14:03.444 parent RLOC16 -> 7000
[/dev/ttyACM0] ping parent fd72:e9dd:7d27:e872:0:ff:fe00:7000
[parse] 2025-12-19T14:14:04.347 state -> child
[parse] 2025-12-19T14:14:04.352 parent RLOC16 -> 7000
[/dev/ttyACM0] ping parent fd72:e9dd:7d27:e872:0:ff:fe00:7000
[parse] 2025-12-19T14:14:05.390 state -> child
[parse] 2025-12-19T14:14:05.393 parent RLOC16 -> 7000
[/dev/ttyACM0] ping parent fd72:e9dd:7d27:e872:0:ff:fe00:7000
[parse] 2025-12-19T14:14:06.352 state -> child
[parse] 2025-12-19T14:14:06.358 parent RLOC16 -> 7000
[/dev/ttyACM0] ping parent fd72:e9dd:7d27:e872:0:ff:fe00:7000
[parse] 2025-12-19T14:14:07.366 state -> child
[parse] 2025-12-19T14:14:07.372 parent RLOC16 -> 7000
[/dev/ttyACM0] ping parent fd72:e9dd:7d27:e872:0:ff:fe00:7000
[parse] 2025-12-19T14:14:08.435 state -> child
[parse] 2025-12-19T14:14:08.441 parent RLOC16 -> 7000
[/dev/ttyACM0] ping parent fd72:e9dd:7d27:e872:0:ff:fe00:7000
[parse] 2025-12-19T14:14:09.420 state -> child
[parse] 2025-12-19T14:14:09.426 parent RLOC16 -> 7000
[/dev/ttyACM0] ping parent fd72:e9dd:7d27:e872:0:ff:fe00:7000
[parse] 2025-12-19T14:14:10.387 state -> child
[parse] 2025-12-19T14:14:10.394 parent RLOC16 -> 7000
[/dev/ttyACM0] ping parent fd72:e9dd:7d27:e872:0:ff:fe00:7000
[parse] 2025-12-19T14:14:11.352 state -> child
[parse] 2025-12-19T14:14:11.357 parent RLOC16 -> 7000
[/dev/ttyACM0] ping parent fd72:e9dd:7d27:e872:0:ff:fe00:7000
[parse] 2025-12-19T14:14:12.338 state -> child
[parse] 2025-12-19T14:14:12.343 parent RLOC16 -> 7000
[/dev/ttyACM0] ping parent fd72:e9dd:7d27:e872:0:ff:fe00:7000
[parse] 2025-12-19T14:14:13.399 state -> child
[parse] 2025-12-19T14:14:13.404 parent RLOC16 -> 7000
[/dev/ttyACM0] ping parent fd72:e9dd:7d27:e872:0:ff:fe00:7000
[parse] 2025-12-19T14:14:14.371 state -> child
[parse] 2025-12-19T14:14:14.375 parent RLOC16 -> 7000
[/dev/ttyACM0] ping parent fd72:e9dd:7d27:e872:0:ff:fe00:7000
[parse] 2025-12-19T14:14:15.399 state -> child
[parse] 2025-12-19T14:14:15.404 parent RLOC16 -> 7000
[/dev/ttyACM0] ping parent fd72:e9dd:7d27:e872:0:ff:fe00:7000
[parse] 2025-12-19T14:14:16.347 state -> child
[parse] 2025-12-19T14:14:16.353 parent RLOC16 -> 7000
[/dev/ttyACM0] ping parent fd72:e9dd:7d27:e872:0:ff:fe00:7000
[parse] 2025-12-19T14:14:17.399 state -> child
[parse] 2025-12-19T14:14:17.404 parent RLOC16 -> 7000
[/dev/ttyACM0] ping parent fd72:e9dd:7d27:e872:0:ff:fe00:7000
[parse] 2025-12-19T14:14:18.372 state -> child
[parse] 2025-12-19T14:14:18.377 parent RLOC16 -> 7000
[/dev/ttyACM0] ping parent fd72:e9dd:7d27:e872:0:ff:fe00:7000
[parse] 2025-12-19T14:14:19.366 state -> child
[parse] 2025-12-19T14:14:19.371 parent RLOC16 -> 7000
[/dev/ttyACM0] ping parent fd72:e9dd:7d27:e872:0:ff:fe00:7000
[parse] 2025-12-19T14:14:20.345 state -> child
[parse] 2025-12-19T14:14:20.351 parent RLOC16 -> 7000
[/dev/ttyACM0] ping parent fd72:e9dd:7d27:e872:0:ff:fe00:7000
[parse] 2025-12-19T14:14:21.412 state -> child
[parse] 2025-12-19T14:14:21.416 parent RLOC16 -> 7000
[/dev/ttyACM0] ping parent fd72:e9dd:7d27:e872:0:ff:fe00:7000
[parse] 2025-12-19T14:14:22.376 state -> child
[parse] 2025-12-19T14:14:22.381 parent RLOC16 -> 7000
[/dev/ttyACM0] ping parent fd72:e9dd:7d27:e872:0:ff:fe00:7000
[parse] 2025-12-19T14:14:23.342 state -> child
[parse] 2025-12-19T14:14:23.347 parent RLOC16 -> 7000
[/dev/ttyACM0] ping parent fd72:e9dd:7d27:e872:0:ff:fe00:7000
[parse] 2025-12-19T14:14:24.425 state -> child
[parse] 2025-12-19T14:14:24.429 parent RLOC16 -> 7000
[/dev/ttyACM0] ping parent fd72:e9dd:7d27:e872:0:ff:fe00:7000
[parse] 2025-12-19T14:14:25.390 state -> child
[parse] 2025-12-19T14:14:25.397 parent RLOC16 -> 7000
[/dev/ttyACM0] ping parent fd72:e9dd:7d27:e872:0:ff:fe00:7000
[parse] 2025-12-19T14:14:26.359 state -> child
[parse] 2025-12-19T14:14:26.364 parent RLOC16 -> 7000
[/dev/ttyACM0] ping parent fd72:e9dd:7d27:e872:0:ff:fe00:7000
[parse] 2025-12-19T14:14:27.428 state -> child
[parse] 2025-12-19T14:14:27.433 parent RLOC16 -> 7000
[/dev/ttyACM0] ping parent fd72:e9dd:7d27:e872:0:ff:fe00:7000
[parse] 2025-12-19T14:14:28.407 state -> child
[parse] 2025-12-19T14:14:28.410 parent RLOC16 -> 7000
[/dev/ttyACM0] ping parent fd72:e9dd:7d27:e872:0:ff:fe00:7000
[parse] 2025-12-19T14:14:29.381 state -> child
[parse] 2025-12-19T14:14:29.387 parent RLOC16 -> 7000
[/dev/ttyACM0] ping parent fd72:e9dd:7d27:e872:0:ff:fe00:7000
[parse] 2025-12-19T14:14:30.356 state -> child
[parse] 2025-12-19T14:14:30.361 parent RLOC16 -> 7000
[/dev/ttyACM0] ping parent fd72:e9dd:7d27:e872:0:ff:fe00:7000
[parse] 2025-12-19T14:14:31.442 state -> child
[parse] 2025-12-19T14:14:31.447 parent RLOC16 -> 7000
[/dev/ttyACM0] ping parent fd72:e9dd:7d27:e872:0:ff:fe00:7000
[parse] 2025-12-19T14:14:32.419 state -> child
[parse] 2025-12-19T14:14:32.422 parent RLOC16 -> 7000
[/dev/ttyACM0] ping parent fd72:e9dd:7d27:e872:0:ff:fe00:7000
[parse] 2025-12-19T14:14:33.390 state -> child
[parse] 2025-12-19T14:14:33.394 parent RLOC16 -> 7000
[/dev/ttyACM0] ping parent fd72:e9dd:7d27:e872:0:ff:fe00:7000
[parse] 2025-12-19T14:14:34.371 state -> child
[parse] 2025-12-19T14:14:34.378 parent RLOC16 -> 7000
[/dev/ttyACM0] ping parent fd72:e9dd:7d27:e872:0:ff:fe00:7000
[parse] 2025-12-19T14:14:35.405 state -> child
[parse] 2025-12-19T14:14:35.410 parent RLOC16 -> 7000
[/dev/ttyACM0] ping parent fd72:e9dd:7d27:e872:0:ff:fe00:7000
[parse] 2025-12-19T14:14:36.367 state -> child
[parse] 2025-12-19T14:14:36.371 parent RLOC16 -> 7000
[/dev/ttyACM0] ping parent fd72:e9dd:7d27:e872:0:ff:fe00:7000
[parse] 2025-12-19T14:14:37.430 state -> child
[parse] 2025-12-19T14:14:37.437 parent RLOC16 -> 7000
[/dev/ttyACM0] ping parent fd72:e9dd:7d27:e872:0:ff:fe00:7000
[parse] 2025-12-19T14:14:38.403 state -> child
[parse] 2025-12-19T14:14:38.409 parent RLOC16 -> 7000
[/dev/ttyACM0] ping parent fd72:e9dd:7d27:e872:0:ff:fe00:7000
[parse] 2025-12-19T14:14:39.369 state -> child
[parse] 2025-12-19T14:14:39.374 parent RLOC16 -> 7000
[/dev/ttyACM0] ping parent fd72:e9dd:7d27:e872:0:ff:fe00:7000
[parse] 2025-12-19T14:14:40.342 state -> child
[parse] 2025-12-19T14:14:40.348 parent RLOC16 -> 7000
[/dev/ttyACM0] ping parent fd72:e9dd:7d27:e872:0:ff:fe00:7000
[parse] 2025-12-19T14:14:41.404 state -> child
[parse] 2025-12-19T14:14:41.410 parent RLOC16 -> 7000
[/dev/ttyACM0] ping parent fd72:e9dd:7d27:e872:0:ff:fe00:7000
[parse] 2025-12-19T14:14:42.415 state -> child
[parse] 2025-12-19T14:14:42.421 parent RLOC16 -> 7000
[/dev/ttyACM0] ping parent fd72:e9dd:7d27:e872:0:ff:fe00:7000
[parse] 2025-12-19T14:14:43.401 state -> child
[parse] 2025-12-19T14:14:43.409 parent RLOC16 -> 7000
[/dev/ttyACM0] ping parent fd72:e9dd:7d27:e872:0:ff:fe00:7000
[parse] 2025-12-19T14:14:44.390 state -> child
[parse] 2025-12-19T14:14:44.397 parent RLOC16 -> 7000
[/dev/ttyACM0] ping parent fd72:e9dd:7d27:e872:0:ff:fe00:7000
[parse] 2025-12-19T14:14:45.357 state -> child
[parse] 2025-12-19T14:14:45.363 parent RLOC16 -> 7000
[/dev/ttyACM0] ping parent fd72:e9dd:7d27:e872:0:ff:fe00:7000
[parse] 2025-12-19T14:14:46.425 state -> child
[parse] 2025-12-19T14:14:46.429 parent RLOC16 -> 7000
[/dev/ttyACM0] ping parent fd72:e9dd:7d27:e872:0:ff:fe00:7000
[parse] 2025-12-19T14:14:47.433 state -> child
[parse] 2025-12-19T14:14:47.439 parent RLOC16 -> 7000
[/dev/ttyACM0] ping parent fd72:e9dd:7d27:e872:0:ff:fe00:7000
[parse] 2025-12-19T14:14:48.402 state -> child
[parse] 2025-12-19T14:14:48.407 parent RLOC16 -> 7000
[/dev/ttyACM0] ping parent fd72:e9dd:7d27:e872:0:ff:fe00:7000
[parse] 2025-12-19T14:14:49.366 state -> child
[parse] 2025-12-19T14:14:49.371 parent RLOC16 -> 7000
[/dev/ttyACM0] ping parent fd72:e9dd:7d27:e872:0:ff:fe00:7000
[parse] 2025-12-19T14:14:50.432 state -> child
[parse] 2025-12-19T14:14:50.438 parent RLOC16 -> 7000
[/dev/ttyACM0] ping parent fd72:e9dd:7d27:e872:0:ff:fe00:7000
[parse] 2025-12-19T14:14:51.403 state -> child
[parse] 2025-12-19T14:14:51.411 parent RLOC16 -> 7000
[/dev/ttyACM0] ping parent fd72:e9dd:7d27:e872:0:ff:fe00:7000
[parse] 2025-12-19T14:14:52.418 state -> child
[parse] 2025-12-19T14:14:52.423 parent RLOC16 -> 7000
[/dev/ttyACM0] ping parent fd72:e9dd:7d27:e872:0:ff:fe00:7000
[parse] 2025-12-19T14:14:53.391 state -> child
[parse] 2025-12-19T14:14:53.398 parent RLOC16 -> 7000
[/dev/ttyACM0] ping parent fd72:e9dd:7d27:e872:0:ff:fe00:7000
[parse] 2025-12-19T14:14:54.358 state -> child
[parse] 2025-12-19T14:14:54.363 parent RLOC16 -> 7000
[/dev/ttyACM0] ping parent fd72:e9dd:7d27:e872:0:ff:fe00:7000
[parse] 2025-12-19T14:14:55.433 state -> child
[parse] 2025-12-19T14:14:55.439 parent RLOC16 -> 7000
[/dev/ttyACM0] ping parent fd72:e9dd:7d27:e872:0:ff:fe00:7000
[parse] 2025-12-19T14:14:56.401 state -> child
[parse] 2025-12-19T14:14:56.407 parent RLOC16 -> 7000
[/dev/ttyACM0] ping parent fd72:e9dd:7d27:e872:0:ff:fe00:7000
[parse] 2025-12-19T14:14:57.366 state -> child
[parse] 2025-12-19T14:14:57.372 parent RLOC16 -> 7000
[/dev/ttyACM0] ping parent fd72:e9dd:7d27:e872:0:ff:fe00:7000
[parse] 2025-12-19T14:14:58.342 state -> child
[parse] 2025-12-19T14:14:58.349 parent RLOC16 -> 7000
[/dev/ttyACM0] ping parent fd72:e9dd:7d27:e872:0:ff:fe00:7000
[parse] 2025-12-19T14:14:59.425 state -> child
[parse] 2025-12-19T14:14:59.429 parent RLOC16 -> 7000
[/dev/ttyACM0] ping parent fd72:e9dd:7d27:e872:0:ff:fe00:7000
[parse] 2025-12-19T14:15:00.404 state -> child
[parse] 2025-12-19T14:15:00.410 parent RLOC16 -> 7000
[/dev/ttyACM0] ping parent fd72:e9dd:7d27:e872:0:ff:fe00:7000
[parse] 2025-12-19T14:15:01.396 state -> child
[parse] 2025-12-19T14:15:01.403 parent RLOC16 -> 7000
[/dev/ttyACM0] ping parent fd72:e9dd:7d27:e872:0:ff:fe00:7000
[parse] 2025-12-19T14:15:02.406 state -> child
[parse] 2025-12-19T14:15:02.412 parent RLOC16 -> 7000
[/dev/ttyACM0] ping parent fd72:e9dd:7d27:e872:0:ff:fe00:7000
[parse] 2025-12-19T14:15:03.372 state -> child
[parse] 2025-12-19T14:15:03.377 parent RLOC16 -> 7000
[/dev/ttyACM0] ping parent fd72:e9dd:7d27:e872:0:ff:fe00:7000
[parse] 2025-12-19T14:15:04.412 state -> child
[parse] 2025-12-19T14:15:04.419 parent RLOC16 -> 7000
[/dev/ttyACM0] ping parent fd72:e9dd:7d27:e872:0:ff:fe00:7000
[parse] 2025-12-19T14:15:05.378 state -> child
[parse] 2025-12-19T14:15:05.384 parent RLOC16 -> 7000
[/dev/ttyACM0] ping parent fd72:e9dd:7d27:e872:0:ff:fe00:7000
[parse] 2025-12-19T14:15:06.354 state -> child
[parse] 2025-12-19T14:15:06.360 parent RLOC16 -> 7000
[/dev/ttyACM0] ping parent fd72:e9dd:7d27:e872:0:ff:fe00:7000
[parse] 2025-12-19T14:15:07.479 state -> child
[parse] 2025-12-19T14:15:07.483 parent RLOC16 -> 7000
[/dev/ttyACM0] ping parent fd72:e9dd:7d27:e872:0:ff:fe00:7000
[parse] 2025-12-19T14:15:08.363 state -> child
[parse] 2025-12-19T14:15:08.368 parent RLOC16 -> 7000
[/dev/ttyACM0] ping parent fd72:e9dd:7d27:e872:0:ff:fe00:7000
[parse] 2025-12-19T14:15:09.345 state -> child
[parse] 2025-12-19T14:15:09.351 parent RLOC16 -> 7000
[/dev/ttyACM0] ping parent fd72:e9dd:7d27:e872:0:ff:fe00:7000
[parse] 2025-12-19T14:15:10.425 state -> child
[parse] 2025-12-19T14:15:10.431 parent RLOC16 -> 7000
[/dev/ttyACM0] ping parent fd72:e9dd:7d27:e872:0:ff:fe00:7000
[parse] 2025-12-19T14:15:11.394 state -> child
[parse] 2025-12-19T14:15:11.399 parent RLOC16 -> 7000
[/dev/ttyACM0] ping parent fd72:e9dd:7d27:e872:0:ff:fe00:7000
[parse] 2025-12-19T14:15:12.360 state -> child
[parse] 2025-12-19T14:15:12.366 parent RLOC16 -> 7000
[/dev/ttyACM0] ping parent fd72:e9dd:7d27:e872:0:ff:fe00:7000
[parse] 2025-12-19T14:15:13.424 state -> child
[parse] 2025-12-19T14:15:13.429 parent RLOC16 -> 7000
[/dev/ttyACM0] ping parent fd72:e9dd:7d27:e872:0:ff:fe00:7000
[parse] 2025-12-19T14:15:14.391 state -> child
[parse] 2025-12-19T14:15:14.398 parent RLOC16 -> 7000
[/dev/ttyACM0] ping parent fd72:e9dd:7d27:e872:0:ff:fe00:7000
[parse] 2025-12-19T14:15:15.357 state -> child
[parse] 2025-12-19T14:15:15.362 parent RLOC16 -> 7000
[/dev/ttyACM0] ping parent fd72:e9dd:7d27:e872:0:ff:fe00:7000
[parse] 2025-12-19T14:15:16.436 state -> child
[parse] 2025-12-19T14:15:16.442 parent RLOC16 -> 7000
[/dev/ttyACM0] ping parent fd72:e9dd:7d27:e872:0:ff:fe00:7000
[parse] 2025-12-19T14:15:17.403 state -> child
[parse] 2025-12-19T14:15:17.410 parent RLOC16 -> 7000
[/dev/ttyACM0] ping parent fd72:e9dd:7d27:e872:0:ff:fe00:7000
[parse] 2025-12-19T14:15:18.424 state -> child
[parse] 2025-12-19T14:15:18.428 parent RLOC16 -> 7000
[/dev/ttyACM0] ping parent fd72:e9dd:7d27:e872:0:ff:fe00:7000
[parse] 2025-12-19T14:15:19.391 state -> child
[parse] 2025-12-19T14:15:19.397 parent RLOC16 -> 7000
[/dev/ttyACM0] ping parent fd72:e9dd:7d27:e872:0:ff:fe00:7000
[parse] 2025-12-19T14:15:20.359 state -> child
[parse] 2025-12-19T14:15:20.363 parent RLOC16 -> 7000
[/dev/ttyACM0] ping parent fd72:e9dd:7d27:e872:0:ff:fe00:7000
[parse] 2025-12-19T14:15:21.423 state -> child
[parse] 2025-12-19T14:15:21.428 parent RLOC16 -> 7000
[/dev/ttyACM0] ping parent fd72:e9dd:7d27:e872:0:ff:fe00:7000
[parse] 2025-12-19T14:15:22.375 state -> child
[parse] 2025-12-19T14:15:22.380 parent RLOC16 -> 7000
[/dev/ttyACM0] ping parent fd72:e9dd:7d27:e872:0:ff:fe00:7000
[parse] 2025-12-19T14:15:23.825 state -> child
[parse] 2025-12-19T14:15:23.829 parent RLOC16 -> 7000
[/dev/ttyACM0] ping parent fd72:e9dd:7d27:e872:0:ff:fe00:7000
[parse] 2025-12-19T14:15:24.387 state -> child
[parse] 2025-12-19T14:15:24.394 parent RLOC16 -> 7000
[/dev/ttyACM0] ping parent fd72:e9dd:7d27:e872:0:ff:fe00:7000
[parse] 2025-12-19T14:15:25.346 state -> child
[parse] 2025-12-19T14:15:25.352 parent RLOC16 -> 7000
[/dev/ttyACM0] ping parent fd72:e9dd:7d27:e872:0:ff:fe00:7000
[parse] 2025-12-19T14:15:26.399 state -> child
[parse] 2025-12-19T14:15:26.406 parent RLOC16 -> 7000
[/dev/ttyACM0] ping parent fd72:e9dd:7d27:e872:0:ff:fe00:7000
[parse] 2025-12-19T14:15:27.372 state -> child
[parse] 2025-12-19T14:15:27.376 parent RLOC16 -> 7000
[/dev/ttyACM0] ping parent fd72:e9dd:7d27:e872:0:ff:fe00:7000
[parse] 2025-12-19T14:15:28.338 state -> child
[parse] 2025-12-19T14:15:28.344 parent RLOC16 -> 7000
[/dev/ttyACM0] ping parent fd72:e9dd:7d27:e872:0:ff:fe00:7000
[parse] 2025-12-19T14:15:29.414 state -> child
[parse] 2025-12-19T14:15:29.419 parent RLOC16 -> 7000
[/dev/ttyACM0] ping parent fd72:e9dd:7d27:e872:0:ff:fe00:7000
[parse] 2025-12-19T14:15:30.340 state -> child
[parse] 2025-12-19T14:15:30.345 parent RLOC16 -> 7000
[/dev/ttyACM0] ping parent fd72:e9dd:7d27:e872:0:ff:fe00:7000
[parse] 2025-12-19T14:15:31.407 state -> child
[parse] 2025-12-19T14:15:31.413 parent RLOC16 -> 7000
[/dev/ttyACM0] ping parent fd72:e9dd:7d27:e872:0:ff:fe00:7000
[parse] 2025-12-19T14:15:32.383 state -> child
[parse] 2025-12-19T14:15:32.388 parent RLOC16 -> 7000
[/dev/ttyACM0] ping parent fd72:e9dd:7d27:e872:0:ff:fe00:7000
[parse] 2025-12-19T14:15:33.397 state -> child
[parse] 2025-12-19T14:15:33.402 parent RLOC16 -> 7000
[/dev/ttyACM0] ping parent fd72:e9dd:7d27:e872:0:ff:fe00:7000
[parse] 2025-12-19T14:15:34.360 state -> child
[parse] 2025-12-19T14:15:34.365 parent RLOC16 -> 7000
[/dev/ttyACM0] ping parent fd72:e9dd:7d27:e872:0:ff:fe00:7000
[parse] 2025-12-19T14:15:35.432 state -> child
[parse] 2025-12-19T14:15:35.437 parent RLOC16 -> 7000
[/dev/ttyACM0] ping parent fd72:e9dd:7d27:e872:0:ff:fe00:7000
[parse] 2025-12-19T14:15:36.416 state -> child
[parse] 2025-12-19T14:15:36.421 parent RLOC16 -> 7000
[/dev/ttyACM0] ping parent fd72:e9dd:7d27:e872:0:ff:fe00:7000
[parse] 2025-12-19T14:15:37.381 state -> child
[parse] 2025-12-19T14:15:37.388 parent RLOC16 -> 7000
[/dev/ttyACM0] ping parent fd72:e9dd:7d27:e872:0:ff:fe00:7000
[parse] 2025-12-19T14:15:38.377 state -> child
[parse] 2025-12-19T14:15:38.383 parent RLOC16 -> 7000
[/dev/ttyACM0] ping parent fd72:e9dd:7d27:e872:0:ff:fe00:7000
[parse] 2025-12-19T14:15:39.343 state -> child
[parse] 2025-12-19T14:15:39.349 parent RLOC16 -> 7000
[/dev/ttyACM0] ping parent fd72:e9dd:7d27:e872:0:ff:fe00:7000
[parse] 2025-12-19T14:15:40.425 state -> child
[parse] 2025-12-19T14:15:40.430 parent RLOC16 -> 7000
[/dev/ttyACM0] ping parent fd72:e9dd:7d27:e872:0:ff:fe00:7000
[parse] 2025-12-19T14:15:41.391 state -> child
[parse] 2025-12-19T14:15:41.398 parent RLOC16 -> 7000
[/dev/ttyACM0] ping parent fd72:e9dd:7d27:e872:0:ff:fe00:7000
[parse] 2025-12-19T14:15:42.356 state -> child
[parse] 2025-12-19T14:15:42.361 parent RLOC16 -> 7000
[/dev/ttyACM0] ping parent fd72:e9dd:7d27:e872:0:ff:fe00:7000
[parse] 2025-12-19T14:15:43.420 state -> child
[parse] 2025-12-19T14:15:43.425 parent RLOC16 -> 7000
[/dev/ttyACM0] ping parent fd72:e9dd:7d27:e872:0:ff:fe00:7000
[parse] 2025-12-19T14:15:44.401 state -> child
[parse] 2025-12-19T14:15:44.407 parent RLOC16 -> 7000
[/dev/ttyACM0] ping parent fd72:e9dd:7d27:e872:0:ff:fe00:7000
[parse] 2025-12-19T14:15:45.371 state -> child
[parse] 2025-12-19T14:15:45.376 parent RLOC16 -> 7000
[/dev/ttyACM0] ping parent fd72:e9dd:7d27:e872:0:ff:fe00:7000
[parse] 2025-12-19T14:15:46.340 state -> child
[parse] 2025-12-19T14:15:46.345 parent RLOC16 -> 7000
[/dev/ttyACM0] ping parent fd72:e9dd:7d27:e872:0:ff:fe00:7000
[parse] 2025-12-19T14:15:47.368 state -> child
[parse] 2025-12-19T14:15:47.373 parent RLOC16 -> 7000
[/dev/ttyACM0] ping parent fd72:e9dd:7d27:e872:0:ff:fe00:7000
[parse] 2025-12-19T14:15:48.433 state -> child
[parse] 2025-12-19T14:15:48.438 parent RLOC16 -> 7000
[/dev/ttyACM0] ping parent fd72:e9dd:7d27:e872:0:ff:fe00:7000
[parse] 2025-12-19T14:15:49.403 state -> child
[parse] 2025-12-19T14:15:49.409 parent RLOC16 -> 7000
[/dev/ttyACM0] ping parent fd72:e9dd:7d27:e872:0:ff:fe00:7000
[parse] 2025-12-19T14:15:50.380 state -> child
[parse] 2025-12-19T14:15:50.386 parent RLOC16 -> 7000
[/dev/ttyACM0] ping parent fd72:e9dd:7d27:e872:0:ff:fe00:7000
[parse] 2025-12-19T14:15:51.344 state -> child
[parse] 2025-12-19T14:15:51.350 parent RLOC16 -> 7000
[/dev/ttyACM0] ping parent fd72:e9dd:7d27:e872:0:ff:fe00:7000
[parse] 2025-12-19T14:15:52.408 state -> child
[parse] 2025-12-19T14:15:52.413 parent RLOC16 -> 7000
[/dev/ttyACM0] ping parent fd72:e9dd:7d27:e872:0:ff:fe00:7000
[parse] 2025-12-19T14:15:53.420 state -> child
[parse] 2025-12-19T14:15:53.425 parent RLOC16 -> 7000
[/dev/ttyACM0] ping parent fd72:e9dd:7d27:e872:0:ff:fe00:7000
[parse] 2025-12-19T14:15:54.438 state -> child
[parse] 2025-12-19T14:15:54.442 parent RLOC16 -> 7000
[/dev/ttyACM0] ping parent fd72:e9dd:7d27:e872:0:ff:fe00:7000
[parse] 2025-12-19T14:15:55.426 state -> child
[parse] 2025-12-19T14:15:55.430 parent RLOC16 -> 7000
[/dev/ttyACM0] ping parent fd72:e9dd:7d27:e872:0:ff:fe00:7000
[parse] 2025-12-19T14:15:56.403 state -> child
[parse] 2025-12-19T14:15:56.406 parent RLOC16 -> 7000
[/dev/ttyACM0] ping parent fd72:e9dd:7d27:e872:0:ff:fe00:7000
[parse] 2025-12-19T14:15:57.372 state -> child
[parse] 2025-12-19T14:15:57.377 parent RLOC16 -> 7000
[/dev/ttyACM0] ping parent fd72:e9dd:7d27:e872:0:ff:fe00:7000
[parse] 2025-12-19T14:15:58.336 state -> child
[parse] 2025-12-19T14:15:58.341 parent RLOC16 -> 7000
[/dev/ttyACM0] ping parent fd72:e9dd:7d27:e872:0:ff:fe00:7000
[parse] 2025-12-19T14:15:59.403 state -> child
[parse] 2025-12-19T14:15:59.410 parent RLOC16 -> 7000
[/dev/ttyACM0] ping parent fd72:e9dd:7d27:e872:0:ff:fe00:7000
[parse] 2025-12-19T14:16:00.369 state -> child
[parse] 2025-12-19T14:16:00.374 parent RLOC16 -> 7000
[/dev/ttyACM0] ping parent fd72:e9dd:7d27:e872:0:ff:fe00:7000
[parse] 2025-12-19T14:16:01.436 state -> child
[parse] 2025-12-19T14:16:01.441 parent RLOC16 -> 7000
[/dev/ttyACM0] ping parent fd72:e9dd:7d27:e872:0:ff:fe00:7000
[parse] 2025-12-19T14:16:02.416 state -> child
[parse] 2025-12-19T14:16:02.421 parent RLOC16 -> 7000
[/dev/ttyACM0] ping parent fd72:e9dd:7d27:e872:0:ff:fe00:7000
[parse] 2025-12-19T14:16:03.395 state -> child
[parse] 2025-12-19T14:16:03.402 parent RLOC16 -> 7000
[/dev/ttyACM0] ping parent fd72:e9dd:7d27:e872:0:ff:fe00:7000
[/dev/ttyACM0] ping parent fd72:e9dd:7d27:e872:0:ff:fe00:7000
[parse] 2025-12-19T14:16:06.098 state -> child
[parse] 2025-12-19T14:16:06.104 parent RLOC16 -> 7000
[parse] 2025-12-19T14:16:06.165 state -> child
[parse] 2025-12-19T14:16:06.168 parent RLOC16 -> 7000
[/dev/ttyACM0] ping parent fd72:e9dd:7d27:e872:0:ff:fe00:7000
[parse] 2025-12-19T14:16:06.432 state -> child
[parse] 2025-12-19T14:16:06.437 parent RLOC16 -> 7000
[/dev/ttyACM0] ping parent fd72:e9dd:7d27:e872:0:ff:fe00:7000
[parse] 2025-12-19T14:16:07.402 state -> child
[parse] 2025-12-19T14:16:07.407 parent RLOC16 -> 7000
[/dev/ttyACM0] ping parent fd72:e9dd:7d27:e872:0:ff:fe00:7000
[parse] 2025-12-19T14:16:08.366 state -> child
[parse] 2025-12-19T14:16:08.372 parent RLOC16 -> 7000
[/dev/ttyACM0] ping parent fd72:e9dd:7d27:e872:0:ff:fe00:7000
[parse] 2025-12-19T14:16:09.432 state -> child
[parse] 2025-12-19T14:16:09.438 parent RLOC16 -> 7000
[/dev/ttyACM0] ping parent fd72:e9dd:7d27:e872:0:ff:fe00:7000
[parse] 2025-12-19T14:16:10.403 state -> child
[parse] 2025-12-19T14:16:10.410 parent RLOC16 -> 7000
[/dev/ttyACM0] ping parent fd72:e9dd:7d27:e872:0:ff:fe00:7000
[parse] 2025-12-19T14:16:11.407 state -> child
[parse] 2025-12-19T14:16:11.412 parent RLOC16 -> 7000
[/dev/ttyACM0] ping parent fd72:e9dd:7d27:e872:0:ff:fe00:7000
[parse] 2025-12-19T14:16:12.422 state -> child
[parse] 2025-12-19T14:16:12.428 parent RLOC16 -> 7000
[/dev/ttyACM0] ping parent fd72:e9dd:7d27:e872:0:ff:fe00:7000
[parse] 2025-12-19T14:16:13.392 state -> child
[parse] 2025-12-19T14:16:13.399 parent RLOC16 -> 7000
[/dev/ttyACM0] ping parent fd72:e9dd:7d27:e872:0:ff:fe00:7000
[parse] 2025-12-19T14:16:14.375 state -> child
[parse] 2025-12-19T14:16:14.381 parent RLOC16 -> 7000
[/dev/ttyACM0] ping parent fd72:e9dd:7d27:e872:0:ff:fe00:7000
[parse] 2025-12-19T14:16:15.341 state -> child
[parse] 2025-12-19T14:16:15.347 parent RLOC16 -> 7000
[/dev/ttyACM0] ping parent fd72:e9dd:7d27:e872:0:ff:fe00:7000
[parse] 2025-12-19T14:16:16.411 state -> child
[parse] 2025-12-19T14:16:16.417 parent RLOC16 -> 7000
[/dev/ttyACM0] ping parent fd72:e9dd:7d27:e872:0:ff:fe00:7000
[parse] 2025-12-19T14:16:17.380 state -> child
[parse] 2025-12-19T14:16:17.384 parent RLOC16 -> 7000
[/dev/ttyACM0] ping parent fd72:e9dd:7d27:e872:0:ff:fe00:7000
[parse] 2025-12-19T14:16:18.346 state -> child
[parse] 2025-12-19T14:16:18.351 parent RLOC16 -> 7000
[/dev/ttyACM0] ping parent fd72:e9dd:7d27:e872:0:ff:fe00:7000
[parse] 2025-12-19T14:16:19.436 state -> child
[parse] 2025-12-19T14:16:19.440 parent RLOC16 -> 7000
[/dev/ttyACM0] ping parent fd72:e9dd:7d27:e872:0:ff:fe00:7000
[parse] 2025-12-19T14:16:20.429 state -> child
[parse] 2025-12-19T14:16:20.434 parent RLOC16 -> 7000
[/dev/ttyACM0] ping parent fd72:e9dd:7d27:e872:0:ff:fe00:7000
[parse] 2025-12-19T14:16:21.396 state -> child
[parse] 2025-12-19T14:16:21.401 parent RLOC16 -> 7000
[/dev/ttyACM0] ping parent fd72:e9dd:7d27:e872:0:ff:fe00:7000
[parse] 2025-12-19T14:16:22.399 state -> child
[parse] 2025-12-19T14:16:22.406 parent RLOC16 -> 7000
[/dev/ttyACM0] ping parent fd72:e9dd:7d27:e872:0:ff:fe00:7000
[parse] 2025-12-19T14:16:23.364 state -> child
[parse] 2025-12-19T14:16:23.369 parent RLOC16 -> 7000
[/dev/ttyACM0] ping parent fd72:e9dd:7d27:e872:0:ff:fe00:7000
[/dev/ttyACM0] ping parent fd72:e9dd:7d27:e872:0:ff:fe00:7000
[parse] 2025-12-19T14:16:25.450 state -> child
[parse] 2025-12-19T14:16:25.456 parent RLOC16 -> 7000
[parse] 2025-12-19T14:16:25.509 state -> child
[parse] 2025-12-19T14:16:25.513 parent RLOC16 -> 7000
[/dev/ttyACM0] ping parent fd72:e9dd:7d27:e872:0:ff:fe00:7000
[parse] 2025-12-19T14:16:26.370 state -> child
[parse] 2025-12-19T14:16:26.375 parent RLOC16 -> 7000
[/dev/ttyACM0] ping parent fd72:e9dd:7d27:e872:0:ff:fe00:7000
[parse] 2025-12-19T14:16:27.437 state -> child
[parse] 2025-12-19T14:16:27.443 parent RLOC16 -> 7000
[/dev/ttyACM0] ping parent fd72:e9dd:7d27:e872:0:ff:fe00:7000
[parse] 2025-12-19T14:16:28.411 state -> child
[parse] 2025-12-19T14:16:28.417 parent RLOC16 -> 7000
[/dev/ttyACM0] ping parent fd72:e9dd:7d27:e872:0:ff:fe00:7000
[parse] 2025-12-19T14:16:29.385 state -> child
[parse] 2025-12-19T14:16:29.391 parent RLOC16 -> 7000
[/dev/ttyACM0] ping parent fd72:e9dd:7d27:e872:0:ff:fe00:7000
[parse] 2025-12-19T14:16:30.398 state -> child
[parse] 2025-12-19T14:16:30.404 parent RLOC16 -> 7000
[/dev/ttyACM0] ping parent fd72:e9dd:7d27:e872:0:ff:fe00:7000
[parse] 2025-12-19T14:16:31.353 state -> child
[parse] 2025-12-19T14:16:31.371 parent RLOC16 -> 7000
[/dev/ttyACM0] ping parent fd72:e9dd:7d27:e872:0:ff:fe00:7000
[parse] 2025-12-19T14:16:32.421 state -> child
[parse] 2025-12-19T14:16:32.428 parent RLOC16 -> e000
[/dev/ttyACM0] ping parent fd72:e9dd:7d27:e872:0:ff:fe00:e000
[parse] 2025-12-19T14:16:33.403 state -> child
[parse] 2025-12-19T14:16:33.410 parent RLOC16 -> e000
[/dev/ttyACM0] ping parent fd72:e9dd:7d27:e872:0:ff:fe00:e000
[parse] 2025-12-19T14:16:34.398 state -> child
[parse] 2025-12-19T14:16:34.403 parent RLOC16 -> e000
[/dev/ttyACM0] ping parent fd72:e9dd:7d27:e872:0:ff:fe00:e000
[parse] 2025-12-19T14:16:35.347 state -> child
[parse] 2025-12-19T14:16:35.351 parent RLOC16 -> e000
[/dev/ttyACM0] ping parent fd72:e9dd:7d27:e872:0:ff:fe00:e000
[/dev/ttyACM0] ping parent fd72:e9dd:7d27:e872:0:ff:fe00:e000
[/dev/ttyACM0] ping parent fd72:e9dd:7d27:e872:0:ff:fe00:e000
[parse] 2025-12-19T14:16:38.367 state -> child
[parse] 2025-12-19T14:16:38.371 parent RLOC16 -> 7000
[parse] 2025-12-19T14:16:38.446 state -> child
[parse] 2025-12-19T14:16:38.450 parent RLOC16 -> 7000
[parse] 2025-12-19T14:16:38.502 state -> child
[parse] 2025-12-19T14:16:38.505 parent RLOC16 -> 7000
[/dev/ttyACM0] ping parent fd72:e9dd:7d27:e872:0:ff:fe00:7000
[parse] 2025-12-19T14:16:39.394 state -> child
[parse] 2025-12-19T14:16:39.400 parent RLOC16 -> e000
[/dev/ttyACM0] ping parent fd72:e9dd:7d27:e872:0:ff:fe00:e000
[parse] 2025-12-19T14:16:41.149 state -> child
[parse] 2025-12-19T14:16:41.152 parent RLOC16 -> e000
[/dev/ttyACM0] ping parent fd72:e9dd:7d27:e872:0:ff:fe00:e000
[parse] 2025-12-19T14:16:41.420 state -> child
[parse] 2025-12-19T14:16:41.425 parent RLOC16 -> e000
[/dev/ttyACM0] ping parent fd72:e9dd:7d27:e872:0:ff:fe00:e000
[parse] 2025-12-19T14:16:42.404 state -> child
[parse] 2025-12-19T14:16:42.407 parent RLOC16 -> e000
[/dev/ttyACM0] ping parent fd72:e9dd:7d27:e872:0:ff:fe00:e000
[parse] 2025-12-19T14:16:43.399 state -> child
[parse] 2025-12-19T14:16:43.405 parent RLOC16 -> e000
[/dev/ttyACM0] ping parent fd72:e9dd:7d27:e872:0:ff:fe00:e000
[parse] 2025-12-19T14:16:44.425 state -> child
[parse] 2025-12-19T14:16:44.430 parent RLOC16 -> e000
[/dev/ttyACM0] ping parent fd72:e9dd:7d27:e872:0:ff:fe00:e000
[parse] 2025-12-19T14:16:46.440 state -> child
[parse] 2025-12-19T14:16:46.444 parent RLOC16 -> e000
[/dev/ttyACM0] ping parent fd72:e9dd:7d27:e872:0:ff:fe00:e000
[parse] 2025-12-19T14:16:47.423 state -> child
[parse] 2025-12-19T14:16:47.428 parent RLOC16 -> e000
[/dev/ttyACM0] ping parent fd72:e9dd:7d27:e872:0:ff:fe00:e000
[parse] 2025-12-19T14:16:48.390 state -> child
[parse] 2025-12-19T14:16:48.396 parent RLOC16 -> e000
[/dev/ttyACM0] ping parent fd72:e9dd:7d27:e872:0:ff:fe00:e000
[parse] 2025-12-19T14:16:49.358 state -> child
[parse] 2025-12-19T14:16:49.363 parent RLOC16 -> e000
[/dev/ttyACM0] ping parent fd72:e9dd:7d27:e872:0:ff:fe00:e000
[/dev/ttyACM0] ping parent fd72:e9dd:7d27:e872:0:ff:fe00:e000
[parse] 2025-12-19T14:16:51.860 state -> child
[parse] 2025-12-19T14:16:51.866 parent RLOC16 -> e000
[parse] 2025-12-19T14:16:51.918 state -> child
[parse] 2025-12-19T14:16:51.922 parent RLOC16 -> e000
[/dev/ttyACM0] ping parent fd72:e9dd:7d27:e872:0:ff:fe00:e000
[parse] 2025-12-19T14:16:52.379 state -> child
[parse] 2025-12-19T14:16:52.385 parent RLOC16 -> e000
[/dev/ttyACM0] ping parent fd72:e9dd:7d27:e872:0:ff:fe00:e000
[parse] 2025-12-19T14:16:53.353 state -> child
[parse] 2025-12-19T14:16:53.360 parent RLOC16 -> e000
[/dev/ttyACM0] ping parent fd72:e9dd:7d27:e872:0:ff:fe00:e000
[parse] 2025-12-19T14:16:54.385 state -> child
[parse] 2025-12-19T14:16:54.389 parent RLOC16 -> e000
[/dev/ttyACM0] ping parent fd72:e9dd:7d27:e872:0:ff:fe00:e000
[parse] 2025-12-19T14:16:55.425 state -> child
[parse] 2025-12-19T14:16:55.428 parent RLOC16 -> e000
[/dev/ttyACM0] ping parent fd72:e9dd:7d27:e872:0:ff:fe00:e000
[parse] 2025-12-19T14:16:56.373 state -> child
[parse] 2025-12-19T14:16:56.378 parent RLOC16 -> e000
[/dev/ttyACM0] ping parent fd72:e9dd:7d27:e872:0:ff:fe00:e000
[parse] 2025-12-19T14:16:57.336 state -> child
[parse] 2025-12-19T14:16:57.340 parent RLOC16 -> e000
[/dev/ttyACM0] ping parent fd72:e9dd:7d27:e872:0:ff:fe00:e000
[parse] 2025-12-19T14:16:58.417 state -> child
[parse] 2025-12-19T14:16:58.422 parent RLOC16 -> e000
[/dev/ttyACM0] ping parent fd72:e9dd:7d27:e872:0:ff:fe00:e000
[parse] 2025-12-19T14:16:59.418 state -> child
[parse] 2025-12-19T14:16:59.423 parent RLOC16 -> e000
[/dev/ttyACM0] ping parent fd72:e9dd:7d27:e872:0:ff:fe00:e000
[parse] 2025-12-19T14:17:00.391 state -> child
[parse] 2025-12-19T14:17:00.399 parent RLOC16 -> e000
[/dev/ttyACM0] ping parent fd72:e9dd:7d27:e872:0:ff:fe00:e000
[parse] 2025-12-19T14:17:01.392 state -> child
[parse] 2025-12-19T14:17:01.399 parent RLOC16 -> e000
[/dev/ttyACM0] ping parent fd72:e9dd:7d27:e872:0:ff:fe00:e000
[parse] 2025-12-19T14:17:02.378 state -> child
[parse] 2025-12-19T14:17:02.405 parent RLOC16 -> e000
[/dev/ttyACM0] ping parent fd72:e9dd:7d27:e872:0:ff:fe00:e000
[parse] 2025-12-19T14:17:03.336 state -> child
[parse] 2025-12-19T14:17:03.340 parent RLOC16 -> e000
[/dev/ttyACM0] ping parent fd72:e9dd:7d27:e872:0:ff:fe00:e000
[parse] 2025-12-19T14:17:04.379 state -> child
[parse] 2025-12-19T14:17:04.385 parent RLOC16 -> 7000
[/dev/ttyACM0] ping parent fd72:e9dd:7d27:e872:0:ff:fe00:7000
[parse] 2025-12-19T14:17:05.380 state -> child
[parse] 2025-12-19T14:17:05.386 parent RLOC16 -> 7000
[/dev/ttyACM0] ping parent fd72:e9dd:7d27:e872:0:ff:fe00:7000
[parse] 2025-12-19T14:17:06.353 state -> child
[parse] 2025-12-19T14:17:06.359 parent RLOC16 -> 7000
[/dev/ttyACM0] ping parent fd72:e9dd:7d27:e872:0:ff:fe00:7000
[/dev/ttyACM0] ping parent fd72:e9dd:7d27:e872:0:ff:fe00:7000
[parse] 2025-12-19T14:17:09.685 state -> child
[parse] 2025-12-19T14:17:09.691 parent RLOC16 -> 7000
[parse] 2025-12-19T14:17:09.744 state -> child
[parse] 2025-12-19T14:17:09.747 parent RLOC16 -> 7000
[/dev/ttyACM0] ping parent fd72:e9dd:7d27:e872:0:ff:fe00:7000
[parse] 2025-12-19T14:17:10.352 state -> child
[parse] 2025-12-19T14:17:10.359 parent RLOC16 -> 7000
[/dev/ttyACM0] ping parent fd72:e9dd:7d27:e872:0:ff:fe00:7000
[parse] 2025-12-19T14:17:11.417 state -> child
[parse] 2025-12-19T14:17:11.422 parent RLOC16 -> 7000
[/dev/ttyACM0] ping parent fd72:e9dd:7d27:e872:0:ff:fe00:7000
[/dev/ttyACM0] ping parent fd72:e9dd:7d27:e872:0:ff:fe00:7000
[parse] 2025-12-19T14:17:15.192 state -> child
[parse] 2025-12-19T14:17:15.198 parent RLOC16 -> 7000
[/dev/ttyACM0] ping parent fd72:e9dd:7d27:e872:0:ff:fe00:7000
[parse] 2025-12-19T14:17:15.402 state -> child
[parse] 2025-12-19T14:17:15.406 parent RLOC16 -> 7000
[parse] 2025-12-19T14:17:15.458 state -> child
[parse] 2025-12-19T14:17:15.462 parent RLOC16 -> 7000
[/dev/ttyACM0] ping parent fd72:e9dd:7d27:e872:0:ff:fe00:7000
[parse] 2025-12-19T14:17:16.422 state -> child
[parse] 2025-12-19T14:17:16.426 parent RLOC16 -> 7000
[/dev/ttyACM0] ping parent fd72:e9dd:7d27:e872:0:ff:fe00:7000
[parse] 2025-12-19T14:17:17.388 state -> child
[parse] 2025-12-19T14:17:17.392 parent RLOC16 -> 7000
[/dev/ttyACM0] ping parent fd72:e9dd:7d27:e872:0:ff:fe00:7000
[parse] 2025-12-19T14:17:18.386 state -> child
[parse] 2025-12-19T14:17:18.390 parent RLOC16 -> e000
[/dev/ttyACM0] ping parent fd72:e9dd:7d27:e872:0:ff:fe00:e000
[parse] 2025-12-19T14:17:19.350 state -> child
[parse] 2025-12-19T14:17:19.356 parent RLOC16 -> e000
[/dev/ttyACM0] ping parent fd72:e9dd:7d27:e872:0:ff:fe00:e000
[parse] 2025-12-19T14:17:20.424 state -> child
[parse] 2025-12-19T14:17:20.429 parent RLOC16 -> e000
[/dev/ttyACM0] ping parent fd72:e9dd:7d27:e872:0:ff:fe00:e000
[parse] 2025-12-19T14:17:21.404 state -> child
[parse] 2025-12-19T14:17:21.411 parent RLOC16 -> e000
[/dev/ttyACM0] ping parent fd72:e9dd:7d27:e872:0:ff:fe00:e000
[parse] 2025-12-19T14:17:22.371 state -> child
[parse] 2025-12-19T14:17:22.375 parent RLOC16 -> e000
[/dev/ttyACM0] ping parent fd72:e9dd:7d27:e872:0:ff:fe00:e000
[/dev/ttyACM0] ping parent fd72:e9dd:7d27:e872:0:ff:fe00:e000
[parse] 2025-12-19T14:17:25.895 state -> child
[parse] 2025-12-19T14:17:25.901 parent RLOC16 -> e000
[parse] 2025-12-19T14:17:25.961 state -> child
[parse] 2025-12-19T14:17:25.965 parent RLOC16 -> e000
[/dev/ttyACM0] ping parent fd72:e9dd:7d27:e872:0:ff:fe00:e000
[parse] 2025-12-19T14:17:26.346 state -> child
[parse] 2025-12-19T14:17:26.352 parent RLOC16 -> e000
[/dev/ttyACM0] ping parent fd72:e9dd:7d27:e872:0:ff:fe00:e000
[parse] 2025-12-19T14:17:27.435 state -> child
[parse] 2025-12-19T14:17:27.441 parent RLOC16 -> e000
[/dev/ttyACM0] ping parent fd72:e9dd:7d27:e872:0:ff:fe00:e000
[parse] 2025-12-19T14:17:28.521 state -> child
[parse] 2025-12-19T14:17:28.530 parent RLOC16 -> e000
[/dev/ttyACM0] ping parent fd72:e9dd:7d27:e872:0:ff:fe00:e000
[parse] 2025-12-19T14:17:29.389 state -> child
[parse] 2025-12-19T14:17:29.395 parent RLOC16 -> e000
[/dev/ttyACM0] ping parent fd72:e9dd:7d27:e872:0:ff:fe00:e000
[parse] 2025-12-19T14:17:30.401 state -> child
[parse] 2025-12-19T14:17:30.407 parent RLOC16 -> e000
[/dev/ttyACM0] ping parent fd72:e9dd:7d27:e872:0:ff:fe00:e000
[parse] 2025-12-19T14:17:31.437 state -> child
[parse] 2025-12-19T14:17:31.443 parent RLOC16 -> e000
[/dev/ttyACM0] ping parent fd72:e9dd:7d27:e872:0:ff:fe00:e000
[parse] 2025-12-19T14:17:32.382 state -> child
[parse] 2025-12-19T14:17:32.389 parent RLOC16 -> e000
[/dev/ttyACM0] ping parent fd72:e9dd:7d27:e872:0:ff:fe00:e000
[parse] 2025-12-19T14:17:33.348 state -> child
[parse] 2025-12-19T14:17:33.355 parent RLOC16 -> e000
[/dev/ttyACM0] ping parent fd72:e9dd:7d27:e872:0:ff:fe00:e000
[parse] 2025-12-19T14:17:34.414 state -> child
[parse] 2025-12-19T14:17:34.419 parent RLOC16 -> e000
[/dev/ttyACM0] ping parent fd72:e9dd:7d27:e872:0:ff:fe00:e000
[parse] 2025-12-19T14:17:35.387 state -> child
[parse] 2025-12-19T14:17:35.392 parent RLOC16 -> e000
[/dev/ttyACM0] ping parent fd72:e9dd:7d27:e872:0:ff:fe00:e000
[parse] 2025-12-19T14:17:36.365 state -> child
[parse] 2025-12-19T14:17:36.372 parent RLOC16 -> e000
[/dev/ttyACM0] ping parent fd72:e9dd:7d27:e872:0:ff:fe00:e000
[parse] 2025-12-19T14:17:37.356 state -> child
[parse] 2025-12-19T14:17:37.363 parent RLOC16 -> e000
[/dev/ttyACM0] ping parent fd72:e9dd:7d27:e872:0:ff:fe00:e000
[parse] 2025-12-19T14:17:38.424 state -> child
[parse] 2025-12-19T14:17:38.429 parent RLOC16 -> e000
[/dev/ttyACM0] ping parent fd72:e9dd:7d27:e872:0:ff:fe00:e000
[parse] 2025-12-19T14:17:39.401 state -> child
[parse] 2025-12-19T14:17:39.407 parent RLOC16 -> e000
[/dev/ttyACM0] ping parent fd72:e9dd:7d27:e872:0:ff:fe00:e000
[parse] 2025-12-19T14:17:40.374 state -> child
[parse] 2025-12-19T14:17:40.379 parent RLOC16 -> e000
[/dev/ttyACM0] ping parent fd72:e9dd:7d27:e872:0:ff:fe00:e000
[parse] 2025-12-19T14:17:41.336 state -> child
[parse] 2025-12-19T14:17:41.340 parent RLOC16 -> e000
[/dev/ttyACM0] ping parent fd72:e9dd:7d27:e872:0:ff:fe00:e000
[parse] 2025-12-19T14:17:42.413 state -> child
[parse] 2025-12-19T14:17:42.420 parent RLOC16 -> e000
[/dev/ttyACM0] ping parent fd72:e9dd:7d27:e872:0:ff:fe00:e000
[parse] 2025-12-19T14:17:43.379 state -> child
[parse] 2025-12-19T14:17:43.385 parent RLOC16 -> e000
[/dev/ttyACM0] ping parent fd72:e9dd:7d27:e872:0:ff:fe00:e000
[parse] 2025-12-19T14:17:44.376 state -> child
[parse] 2025-12-19T14:17:44.382 parent RLOC16 -> e000
[/dev/ttyACM0] ping parent fd72:e9dd:7d27:e872:0:ff:fe00:e000
[parse] 2025-12-19T14:17:45.342 state -> child
[parse] 2025-12-19T14:17:45.349 parent RLOC16 -> e000
[/dev/ttyACM0] ping parent fd72:e9dd:7d27:e872:0:ff:fe00:e000
[parse] 2025-12-19T14:17:46.413 state -> child
[parse] 2025-12-19T14:17:46.419 parent RLOC16 -> e000
[/dev/ttyACM0] ping parent fd72:e9dd:7d27:e872:0:ff:fe00:e000
[parse] 2025-12-19T14:17:47.381 state -> child
[parse] 2025-12-19T14:17:47.387 parent RLOC16 -> e000
[/dev/ttyACM0] ping parent fd72:e9dd:7d27:e872:0:ff:fe00:e000
[parse] 2025-12-19T14:17:48.347 state -> child
[parse] 2025-12-19T14:17:48.353 parent RLOC16 -> e000
[/dev/ttyACM0] ping parent fd72:e9dd:7d27:e872:0:ff:fe00:e000
[parse] 2025-12-19T14:17:49.431 state -> child
[parse] 2025-12-19T14:17:49.438 parent RLOC16 -> e000
[/dev/ttyACM0] ping parent fd72:e9dd:7d27:e872:0:ff:fe00:e000
[parse] 2025-12-19T14:17:50.433 state -> child
[parse] 2025-12-19T14:17:50.439 parent RLOC16 -> e000
[/dev/ttyACM0] ping parent fd72:e9dd:7d27:e872:0:ff:fe00:e000
[parse] 2025-12-19T14:17:51.432 state -> child
[parse] 2025-12-19T14:17:51.438 parent RLOC16 -> e000
[/dev/ttyACM0] ping parent fd72:e9dd:7d27:e872:0:ff:fe00:e000
[parse] 2025-12-19T14:17:52.391 state -> child
[parse] 2025-12-19T14:17:52.398 parent RLOC16 -> e000
[/dev/ttyACM0] ping parent fd72:e9dd:7d27:e872:0:ff:fe00:e000
[parse] 2025-12-19T14:17:53.354 state -> child
[parse] 2025-12-19T14:17:53.358 parent RLOC16 -> e000
[/dev/ttyACM0] ping parent fd72:e9dd:7d27:e872:0:ff:fe00:e000
[parse] 2025-12-19T14:17:54.424 state -> child
[parse] 2025-12-19T14:17:54.429 parent RLOC16 -> e000
[/dev/ttyACM0] ping parent fd72:e9dd:7d27:e872:0:ff:fe00:e000
[parse] 2025-12-19T14:17:55.390 state -> child
[parse] 2025-12-19T14:17:55.395 parent RLOC16 -> e000
[/dev/ttyACM0] ping parent fd72:e9dd:7d27:e872:0:ff:fe00:e000
[parse] 2025-12-19T14:17:56.362 state -> child
[parse] 2025-12-19T14:17:56.367 parent RLOC16 -> e000
[/dev/ttyACM0] ping parent fd72:e9dd:7d27:e872:0:ff:fe00:e000
[parse] 2025-12-19T14:17:57.428 state -> child
[parse] 2025-12-19T14:17:57.432 parent RLOC16 -> e000
[/dev/ttyACM0] ping parent fd72:e9dd:7d27:e872:0:ff:fe00:e000
[parse] 2025-12-19T14:17:58.372 state -> child
[parse] 2025-12-19T14:17:58.378 parent RLOC16 -> e000
[/dev/ttyACM0] ping parent fd72:e9dd:7d27:e872:0:ff:fe00:e000
[parse] 2025-12-19T14:17:59.353 state -> child
[parse] 2025-12-19T14:17:59.358 parent RLOC16 -> e000
[/dev/ttyACM0] ping parent fd72:e9dd:7d27:e872:0:ff:fe00:e000
[parse] 2025-12-19T14:18:00.377 state -> child
[parse] 2025-12-19T14:18:00.382 parent RLOC16 -> e000
[/dev/ttyACM0] ping parent fd72:e9dd:7d27:e872:0:ff:fe00:e000
[parse] 2025-12-19T14:18:01.349 state -> child
[parse] 2025-12-19T14:18:01.355 parent RLOC16 -> e000
[/dev/ttyACM0] ping parent fd72:e9dd:7d27:e872:0:ff:fe00:e000
[parse] 2025-12-19T14:18:02.397 state -> child
[parse] 2025-12-19T14:18:02.403 parent RLOC16 -> e000
[/dev/ttyACM0] ping parent fd72:e9dd:7d27:e872:0:ff:fe00:e000
[parse] 2025-12-19T14:18:03.360 state -> child
[parse] 2025-12-19T14:18:03.364 parent RLOC16 -> e000
[/dev/ttyACM0] ping parent fd72:e9dd:7d27:e872:0:ff:fe00:e000
[parse] 2025-12-19T14:18:04.433 state -> child
[parse] 2025-12-19T14:18:04.438 parent RLOC16 -> e000
[/dev/ttyACM0] ping parent fd72:e9dd:7d27:e872:0:ff:fe00:e000
[parse] 2025-12-19T14:18:05.399 state -> child
[parse] 2025-12-19T14:18:05.406 parent RLOC16 -> e000
[/dev/ttyACM0] ping parent fd72:e9dd:7d27:e872:0:ff:fe00:e000
[parse] 2025-12-19T14:18:06.404 state -> child
[parse] 2025-12-19T14:18:06.411 parent RLOC16 -> e000
[/dev/ttyACM0] ping parent fd72:e9dd:7d27:e872:0:ff:fe00:e000
[parse] 2025-12-19T14:18:07.370 state -> child
[parse] 2025-12-19T14:18:07.377 parent RLOC16 -> e000
[/dev/ttyACM0] ping parent fd72:e9dd:7d27:e872:0:ff:fe00:e000
[parse] 2025-12-19T14:18:08.437 state -> child
[parse] 2025-12-19T14:18:08.443 parent RLOC16 -> e000
[/dev/ttyACM0] ping parent fd72:e9dd:7d27:e872:0:ff:fe00:e000
[parse] 2025-12-19T14:18:09.416 state -> child
[parse] 2025-12-19T14:18:09.421 parent RLOC16 -> e000
[/dev/ttyACM0] ping parent fd72:e9dd:7d27:e872:0:ff:fe00:e000
[parse] 2025-12-19T14:18:10.356 state -> child
[parse] 2025-12-19T14:18:10.361 parent RLOC16 -> e000
[/dev/ttyACM0] ping parent fd72:e9dd:7d27:e872:0:ff:fe00:e000
[parse] 2025-12-19T14:18:11.437 state -> child
[parse] 2025-12-19T14:18:11.443 parent RLOC16 -> e000
[/dev/ttyACM0] ping parent fd72:e9dd:7d27:e872:0:ff:fe00:e000
[parse] 2025-12-19T14:18:12.338 state -> child
[parse] 2025-12-19T14:18:12.343 parent RLOC16 -> e000
[/dev/ttyACM0] ping parent fd72:e9dd:7d27:e872:0:ff:fe00:e000
[parse] 2025-12-19T14:18:13.414 state -> child
[parse] 2025-12-19T14:18:13.420 parent RLOC16 -> e000
[/dev/ttyACM0] ping parent fd72:e9dd:7d27:e872:0:ff:fe00:e000
[parse] 2025-12-19T14:18:14.395 state -> child
[parse] 2025-12-19T14:18:14.402 parent RLOC16 -> e000
[/dev/ttyACM0] ping parent fd72:e9dd:7d27:e872:0:ff:fe00:e000
[parse] 2025-12-19T14:18:15.383 state -> child
[parse] 2025-12-19T14:18:15.389 parent RLOC16 -> e000
[/dev/ttyACM0] ping parent fd72:e9dd:7d27:e872:0:ff:fe00:e000
[parse] 2025-12-19T14:18:16.349 state -> child
[parse] 2025-12-19T14:18:16.355 parent RLOC16 -> e000
[/dev/ttyACM0] ping parent fd72:e9dd:7d27:e872:0:ff:fe00:e000
[parse] 2025-12-19T14:18:17.416 state -> child
[parse] 2025-12-19T14:18:17.422 parent RLOC16 -> e000
[/dev/ttyACM0] ping parent fd72:e9dd:7d27:e872:0:ff:fe00:e000
[parse] 2025-12-19T14:18:18.397 state -> child
[parse] 2025-12-19T14:18:18.402 parent RLOC16 -> e000
[/dev/ttyACM0] ping parent fd72:e9dd:7d27:e872:0:ff:fe00:e000
[parse] 2025-12-19T14:18:19.437 state -> child
[parse] 2025-12-19T14:18:19.442 parent RLOC16 -> e000
[/dev/ttyACM0] ping parent fd72:e9dd:7d27:e872:0:ff:fe00:e000
[parse] 2025-12-19T14:18:20.418 state -> child
[parse] 2025-12-19T14:18:20.424 parent RLOC16 -> e000
[/dev/ttyACM0] ping parent fd72:e9dd:7d27:e872:0:ff:fe00:e000
[parse] 2025-12-19T14:18:21.395 state -> child
[parse] 2025-12-19T14:18:21.402 parent RLOC16 -> e000
[/dev/ttyACM0] ping parent fd72:e9dd:7d27:e872:0:ff:fe00:e000
[parse] 2025-12-19T14:18:22.375 state -> child
[parse] 2025-12-19T14:18:22.380 parent RLOC16 -> e000
[/dev/ttyACM0] ping parent fd72:e9dd:7d27:e872:0:ff:fe00:e000
[parse] 2025-12-19T14:18:23.339 state -> child
[parse] 2025-12-19T14:18:23.345 parent RLOC16 -> e000
[/dev/ttyACM0] ping parent fd72:e9dd:7d27:e872:0:ff:fe00:e000
[parse] 2025-12-19T14:18:24.412 state -> child
[parse] 2025-12-19T14:18:24.418 parent RLOC16 -> e000
[/dev/ttyACM0] ping parent fd72:e9dd:7d27:e872:0:ff:fe00:e000
[parse] 2025-12-19T14:18:25.430 state -> child
[parse] 2025-12-19T14:18:25.434 parent RLOC16 -> e000
[/dev/ttyACM0] ping parent fd72:e9dd:7d27:e872:0:ff:fe00:e000
[parse] 2025-12-19T14:18:26.402 state -> child
[parse] 2025-12-19T14:18:26.407 parent RLOC16 -> e000
[/dev/ttyACM0] ping parent fd72:e9dd:7d27:e872:0:ff:fe00:e000
[parse] 2025-12-19T14:18:27.368 state -> child
[parse] 2025-12-19T14:18:27.372 parent RLOC16 -> e000
[/dev/ttyACM0] ping parent fd72:e9dd:7d27:e872:0:ff:fe00:e000
[parse] 2025-12-19T14:18:28.345 state -> child
[parse] 2025-12-19T14:18:28.350 parent RLOC16 -> e000
[/dev/ttyACM0] ping parent fd72:e9dd:7d27:e872:0:ff:fe00:e000
[parse] 2025-12-19T14:18:29.430 state -> child
[parse] 2025-12-19T14:18:29.436 parent RLOC16 -> e000
[/dev/ttyACM0] ping parent fd72:e9dd:7d27:e872:0:ff:fe00:e000
[parse] 2025-12-19T14:18:30.344 state -> child
[parse] 2025-12-19T14:18:30.349 parent RLOC16 -> e000
[/dev/ttyACM0] ping parent fd72:e9dd:7d27:e872:0:ff:fe00:e000
[parse] 2025-12-19T14:18:31.415 state -> child
[parse] 2025-12-19T14:18:31.420 parent RLOC16 -> e000
[/dev/ttyACM0] ping parent fd72:e9dd:7d27:e872:0:ff:fe00:e000
[parse] 2025-12-19T14:18:32.380 state -> child
[parse] 2025-12-19T14:18:32.386 parent RLOC16 -> e000
[/dev/ttyACM0] ping parent fd72:e9dd:7d27:e872:0:ff:fe00:e000
[parse] 2025-12-19T14:18:33.361 state -> child
[parse] 2025-12-19T14:18:33.366 parent RLOC16 -> e000
[/dev/ttyACM0] ping parent fd72:e9dd:7d27:e872:0:ff:fe00:e000
[parse] 2025-12-19T14:18:34.426 state -> child
[parse] 2025-12-19T14:18:34.432 parent RLOC16 -> e000
[/dev/ttyACM0] ping parent fd72:e9dd:7d27:e872:0:ff:fe00:e000
[parse] 2025-12-19T14:18:35.356 state -> child
[parse] 2025-12-19T14:18:35.361 parent RLOC16 -> e000
[/dev/ttyACM0] ping parent fd72:e9dd:7d27:e872:0:ff:fe00:e000
[parse] 2025-12-19T14:18:36.444 state -> child
[parse] 2025-12-19T14:18:36.448 parent RLOC16 -> e000
[/dev/ttyACM0] ping parent fd72:e9dd:7d27:e872:0:ff:fe00:e000
[parse] 2025-12-19T14:18:37.408 state -> child
[parse] 2025-12-19T14:18:37.415 parent RLOC16 -> e000
[/dev/ttyACM0] ping parent fd72:e9dd:7d27:e872:0:ff:fe00:e000
[parse] 2025-12-19T14:18:38.349 state -> child
[parse] 2025-12-19T14:18:38.355 parent RLOC16 -> e000
[/dev/ttyACM0] ping parent fd72:e9dd:7d27:e872:0:ff:fe00:e000
[parse] 2025-12-19T14:18:39.376 state -> child
[parse] 2025-12-19T14:18:39.381 parent RLOC16 -> e000
[/dev/ttyACM0] ping parent fd72:e9dd:7d27:e872:0:ff:fe00:e000
[parse] 2025-12-19T14:18:40.402 state -> child
[parse] 2025-12-19T14:18:40.407 parent RLOC16 -> e000
[/dev/ttyACM0] ping parent fd72:e9dd:7d27:e872:0:ff:fe00:e000
[parse] 2025-12-19T14:18:41.364 state -> child
[parse] 2025-12-19T14:18:41.369 parent RLOC16 -> e000
[/dev/ttyACM0] ping parent fd72:e9dd:7d27:e872:0:ff:fe00:e000
[parse] 2025-12-19T14:18:42.343 state -> child
[parse] 2025-12-19T14:18:42.348 parent RLOC16 -> e000
[/dev/ttyACM0] ping parent fd72:e9dd:7d27:e872:0:ff:fe00:e000
[parse] 2025-12-19T14:18:43.429 state -> child
[parse] 2025-12-19T14:18:43.433 parent RLOC16 -> e000
[/dev/ttyACM0] ping parent fd72:e9dd:7d27:e872:0:ff:fe00:e000
[parse] 2025-12-19T14:18:44.404 state -> child
[parse] 2025-12-19T14:18:44.410 parent RLOC16 -> e000
[/dev/ttyACM0] ping parent fd72:e9dd:7d27:e872:0:ff:fe00:e000
[parse] 2025-12-19T14:18:45.401 state -> child
[parse] 2025-12-19T14:18:45.407 parent RLOC16 -> e000
[/dev/ttyACM0] ping parent fd72:e9dd:7d27:e872:0:ff:fe00:e000
[parse] 2025-12-19T14:18:46.368 state -> child
[parse] 2025-12-19T14:18:46.373 parent RLOC16 -> 7000
[/dev/ttyACM0] ping parent fd72:e9dd:7d27:e872:0:ff:fe00:7000
[parse] 2025-12-19T14:18:47.367 state -> child
[parse] 2025-12-19T14:18:47.373 parent RLOC16 -> 7000
[/dev/ttyACM0] ping parent fd72:e9dd:7d27:e872:0:ff:fe00:7000
[parse] 2025-12-19T14:18:48.434 state -> child
[parse] 2025-12-19T14:18:48.441 parent RLOC16 -> 7000
[/dev/ttyACM0] ping parent fd72:e9dd:7d27:e872:0:ff:fe00:7000
[parse] 2025-12-19T14:18:49.410 state -> child
[parse] 2025-12-19T14:18:49.416 parent RLOC16 -> 7000
[/dev/ttyACM0] ping parent fd72:e9dd:7d27:e872:0:ff:fe00:7000
[parse] 2025-12-19T14:18:50.428 state -> child
[parse] 2025-12-19T14:18:50.433 parent RLOC16 -> 7000
[/dev/ttyACM0] ping parent fd72:e9dd:7d27:e872:0:ff:fe00:7000
[parse] 2025-12-19T14:18:51.394 state -> child
[parse] 2025-12-19T14:18:51.399 parent RLOC16 -> 7000
[/dev/ttyACM0] ping parent fd72:e9dd:7d27:e872:0:ff:fe00:7000
[parse] 2025-12-19T14:18:52.360 state -> child
[parse] 2025-12-19T14:18:52.365 parent RLOC16 -> 7000
[/dev/ttyACM0] ping parent fd72:e9dd:7d27:e872:0:ff:fe00:7000
[parse] 2025-12-19T14:18:53.428 state -> child
[parse] 2025-12-19T14:18:53.432 parent RLOC16 -> 7000
[/dev/ttyACM0] ping parent fd72:e9dd:7d27:e872:0:ff:fe00:7000
[parse] 2025-12-19T14:18:54.394 state -> child
[parse] 2025-12-19T14:18:54.400 parent RLOC16 -> 7000
[/dev/ttyACM0] ping parent fd72:e9dd:7d27:e872:0:ff:fe00:7000
[parse] 2025-12-19T14:18:55.357 state -> child
[parse] 2025-12-19T14:18:55.361 parent RLOC16 -> 7000
[/dev/ttyACM0] ping parent fd72:e9dd:7d27:e872:0:ff:fe00:7000
[parse] 2025-12-19T14:18:56.424 state -> child
[parse] 2025-12-19T14:18:56.430 parent RLOC16 -> 7000
[/dev/ttyACM0] ping parent fd72:e9dd:7d27:e872:0:ff:fe00:7000
[parse] 2025-12-19T14:18:57.357 state -> child
[parse] 2025-12-19T14:18:57.360 parent RLOC16 -> 7000
[/dev/ttyACM0] ping parent fd72:e9dd:7d27:e872:0:ff:fe00:7000
[parse] 2025-12-19T14:18:58.408 state -> child
[parse] 2025-12-19T14:18:58.411 parent RLOC16 -> 7000
[/dev/ttyACM0] ping parent fd72:e9dd:7d27:e872:0:ff:fe00:7000
[parse] 2025-12-19T14:18:59.338 state -> child
[parse] 2025-12-19T14:18:59.343 parent RLOC16 -> 7000
[/dev/ttyACM0] ping parent fd72:e9dd:7d27:e872:0:ff:fe00:7000
[parse] 2025-12-19T14:19:00.414 state -> child
[parse] 2025-12-19T14:19:00.421 parent RLOC16 -> 7000
[/dev/ttyACM0] ping parent fd72:e9dd:7d27:e872:0:ff:fe00:7000
[parse] 2025-12-19T14:19:01.393 state -> child
[parse] 2025-12-19T14:19:01.396 parent RLOC16 -> 7000
[/dev/ttyACM0] ping parent fd72:e9dd:7d27:e872:0:ff:fe00:7000
[parse] 2025-12-19T14:19:02.399 state -> child
[parse] 2025-12-19T14:19:02.402 parent RLOC16 -> 7000
[/dev/ttyACM0] ping parent fd72:e9dd:7d27:e872:0:ff:fe00:7000
[parse] 2025-12-19T14:19:03.402 state -> child
[parse] 2025-12-19T14:19:03.409 parent RLOC16 -> 7000
[/dev/ttyACM0] ping parent fd72:e9dd:7d27:e872:0:ff:fe00:7000
[parse] 2025-12-19T14:19:04.371 state -> child
[parse] 2025-12-19T14:19:04.376 parent RLOC16 -> 7000
[/dev/ttyACM0] ping parent fd72:e9dd:7d27:e872:0:ff:fe00:7000
[parse] 2025-12-19T14:19:05.390 state -> child
[parse] 2025-12-19T14:19:05.396 parent RLOC16 -> 7000
[/dev/ttyACM0] ping parent fd72:e9dd:7d27:e872:0:ff:fe00:7000
[parse] 2025-12-19T14:19:06.375 state -> child
[parse] 2025-12-19T14:19:06.381 parent RLOC16 -> 7000
[/dev/ttyACM0] ping parent fd72:e9dd:7d27:e872:0:ff:fe00:7000
[parse] 2025-12-19T14:19:07.341 state -> child
[parse] 2025-12-19T14:19:07.346 parent RLOC16 -> 7000
[/dev/ttyACM0] ping parent fd72:e9dd:7d27:e872:0:ff:fe00:7000
[parse] 2025-12-19T14:19:08.421 state -> child
[parse] 2025-12-19T14:19:08.426 parent RLOC16 -> 7000
[/dev/ttyACM0] ping parent fd72:e9dd:7d27:e872:0:ff:fe00:7000
[parse] 2025-12-19T14:19:09.388 state -> child
[parse] 2025-12-19T14:19:09.395 parent RLOC16 -> 7000
[/dev/ttyACM0] ping parent fd72:e9dd:7d27:e872:0:ff:fe00:7000
[parse] 2025-12-19T14:19:10.363 state -> child
[parse] 2025-12-19T14:19:10.367 parent RLOC16 -> 7000
[/dev/ttyACM0] ping parent fd72:e9dd:7d27:e872:0:ff:fe00:7000
[parse] 2025-12-19T14:19:11.377 state -> child
[parse] 2025-12-19T14:19:11.383 parent RLOC16 -> 7000
[/dev/ttyACM0] ping parent fd72:e9dd:7d27:e872:0:ff:fe00:7000
[parse] 2025-12-19T14:19:12.388 state -> child
[parse] 2025-12-19T14:19:12.394 parent RLOC16 -> 7000
[/dev/ttyACM0] ping parent fd72:e9dd:7d27:e872:0:ff:fe00:7000
[parse] 2025-12-19T14:19:13.365 state -> child
[parse] 2025-12-19T14:19:13.371 parent RLOC16 -> 7000
[/dev/ttyACM0] ping parent fd72:e9dd:7d27:e872:0:ff:fe00:7000
[parse] 2025-12-19T14:19:14.408 state -> child
[parse] 2025-12-19T14:19:14.412 parent RLOC16 -> 7000
[/dev/ttyACM0] ping parent fd72:e9dd:7d27:e872:0:ff:fe00:7000
[parse] 2025-12-19T14:19:15.382 state -> child
[parse] 2025-12-19T14:19:15.387 parent RLOC16 -> e000
[/dev/ttyACM0] ping parent fd72:e9dd:7d27:e872:0:ff:fe00:e000
[parse] 2025-12-19T14:19:16.396 state -> child
[parse] 2025-12-19T14:19:16.403 parent RLOC16 -> e000
[/dev/ttyACM0] ping parent fd72:e9dd:7d27:e872:0:ff:fe00:e000
[parse] 2025-12-19T14:19:17.364 state -> child
[parse] 2025-12-19T14:19:17.370 parent RLOC16 -> e000
[/dev/ttyACM0] ping parent fd72:e9dd:7d27:e872:0:ff:fe00:e000
[parse] 2025-12-19T14:19:18.429 state -> child
[parse] 2025-12-19T14:19:18.434 parent RLOC16 -> e000
[/dev/ttyACM0] ping parent fd72:e9dd:7d27:e872:0:ff:fe00:e000
[parse] 2025-12-19T14:19:19.406 state -> child
[parse] 2025-12-19T14:19:19.411 parent RLOC16 -> e000
[/dev/ttyACM0] ping parent fd72:e9dd:7d27:e872:0:ff:fe00:e000
[parse] 2025-12-19T14:19:20.369 state -> child
[parse] 2025-12-19T14:19:20.374 parent RLOC16 -> e000
[/dev/ttyACM0] ping parent fd72:e9dd:7d27:e872:0:ff:fe00:e000
[parse] 2025-12-19T14:19:21.393 state -> child
[parse] 2025-12-19T14:19:21.399 parent RLOC16 -> e000
[/dev/ttyACM0] ping parent fd72:e9dd:7d27:e872:0:ff:fe00:e000
[parse] 2025-12-19T14:19:22.360 state -> child
[parse] 2025-12-19T14:19:22.365 parent RLOC16 -> e000
[/dev/ttyACM0] ping parent fd72:e9dd:7d27:e872:0:ff:fe00:e000
[parse] 2025-12-19T14:19:23.403 state -> child
[parse] 2025-12-19T14:19:23.410 parent RLOC16 -> e000
[/dev/ttyACM0] ping parent fd72:e9dd:7d27:e872:0:ff:fe00:e000
[parse] 2025-12-19T14:19:24.368 state -> child
[parse] 2025-12-19T14:19:24.372 parent RLOC16 -> e000
[/dev/ttyACM0] ping parent fd72:e9dd:7d27:e872:0:ff:fe00:e000
[parse] 2025-12-19T14:19:25.434 state -> child
[parse] 2025-12-19T14:19:25.439 parent RLOC16 -> e000
[/dev/ttyACM0] ping parent fd72:e9dd:7d27:e872:0:ff:fe00:e000
[parse] 2025-12-19T14:19:26.402 state -> child
[parse] 2025-12-19T14:19:26.408 parent RLOC16 -> e000
[/dev/ttyACM0] ping parent fd72:e9dd:7d27:e872:0:ff:fe00:e000
[parse] 2025-12-19T14:19:27.405 state -> child
[parse] 2025-12-19T14:19:27.410 parent RLOC16 -> e000
[/dev/ttyACM0] ping parent fd72:e9dd:7d27:e872:0:ff:fe00:e000
[parse] 2025-12-19T14:19:28.370 state -> child
[parse] 2025-12-19T14:19:28.374 parent RLOC16 -> e000
[/dev/ttyACM0] ping parent fd72:e9dd:7d27:e872:0:ff:fe00:e000
[parse] 2025-12-19T14:19:29.435 state -> child
[parse] 2025-12-19T14:19:29.441 parent RLOC16 -> e000
[/dev/ttyACM0] ping parent fd72:e9dd:7d27:e872:0:ff:fe00:e000
[parse] 2025-12-19T14:19:30.402 state -> child
[parse] 2025-12-19T14:19:30.408 parent RLOC16 -> e000
[/dev/ttyACM0] ping parent fd72:e9dd:7d27:e872:0:ff:fe00:e000
[parse] 2025-12-19T14:19:31.345 state -> child
[parse] 2025-12-19T14:19:31.351 parent RLOC16 -> e000
[/dev/ttyACM0] ping parent fd72:e9dd:7d27:e872:0:ff:fe00:e000
[parse] 2025-12-19T14:19:32.413 state -> child
[parse] 2025-12-19T14:19:32.419 parent RLOC16 -> e000
[/dev/ttyACM0] ping parent fd72:e9dd:7d27:e872:0:ff:fe00:e000
[parse] 2025-12-19T14:19:33.383 state -> child
[parse] 2025-12-19T14:19:33.389 parent RLOC16 -> e000
[/dev/ttyACM0] ping parent fd72:e9dd:7d27:e872:0:ff:fe00:e000
[parse] 2025-12-19T14:19:34.404 state -> child
[parse] 2025-12-19T14:19:34.410 parent RLOC16 -> e000
[/dev/ttyACM0] ping parent fd72:e9dd:7d27:e872:0:ff:fe00:e000
[parse] 2025-12-19T14:19:35.371 state -> child
[parse] 2025-12-19T14:19:35.375 parent RLOC16 -> e000
[/dev/ttyACM0] ping parent fd72:e9dd:7d27:e872:0:ff:fe00:e000
[parse] 2025-12-19T14:19:36.437 state -> child
[parse] 2025-12-19T14:19:36.443 parent RLOC16 -> e000
[/dev/ttyACM0] ping parent fd72:e9dd:7d27:e872:0:ff:fe00:e000
[parse] 2025-12-19T14:19:37.404 state -> child
[parse] 2025-12-19T14:19:37.411 parent RLOC16 -> e000
[/dev/ttyACM0] ping parent fd72:e9dd:7d27:e872:0:ff:fe00:e000
[parse] 2025-12-19T14:19:38.369 state -> child
[parse] 2025-12-19T14:19:38.373 parent RLOC16 -> e000
[/dev/ttyACM0] ping parent fd72:e9dd:7d27:e872:0:ff:fe00:e000
[parse] 2025-12-19T14:19:39.343 state -> child
[parse] 2025-12-19T14:19:39.348 parent RLOC16 -> e000
[/dev/ttyACM0] ping parent fd72:e9dd:7d27:e872:0:ff:fe00:e000
[parse] 2025-12-19T14:19:40.426 state -> child
[parse] 2025-12-19T14:19:40.432 parent RLOC16 -> e000
[/dev/ttyACM0] ping parent fd72:e9dd:7d27:e872:0:ff:fe00:e000
[parse] 2025-12-19T14:19:41.404 state -> child
[parse] 2025-12-19T14:19:41.410 parent RLOC16 -> e000
[/dev/ttyACM0] ping parent fd72:e9dd:7d27:e872:0:ff:fe00:e000
[parse] 2025-12-19T14:19:42.370 state -> child
[parse] 2025-12-19T14:19:42.374 parent RLOC16 -> e000
[/dev/ttyACM0] ping parent fd72:e9dd:7d27:e872:0:ff:fe00:e000
[parse] 2025-12-19T14:19:43.373 state -> child
[parse] 2025-12-19T14:19:43.378 parent RLOC16 -> e000
[/dev/ttyACM0] ping parent fd72:e9dd:7d27:e872:0:ff:fe00:e000
[parse] 2025-12-19T14:19:44.356 state -> child
[parse] 2025-12-19T14:19:44.362 parent RLOC16 -> e000
[/dev/ttyACM0] ping parent fd72:e9dd:7d27:e872:0:ff:fe00:e000
[parse] 2025-12-19T14:19:45.423 state -> child
[parse] 2025-12-19T14:19:45.428 parent RLOC16 -> e000
[/dev/ttyACM0] ping parent fd72:e9dd:7d27:e872:0:ff:fe00:e000
[/dev/ttyACM0] ping parent fd72:e9dd:7d27:e872:0:ff:fe00:e000
[parse] 2025-12-19T14:19:48.053 state -> child
[parse] 2025-12-19T14:19:48.058 parent RLOC16 -> e000
[parse] 2025-12-19T14:19:48.111 state -> child
[parse] 2025-12-19T14:19:48.114 parent RLOC16 -> e000
[/dev/ttyACM0] ping parent fd72:e9dd:7d27:e872:0:ff:fe00:e000
[parse] 2025-12-19T14:19:48.379 state -> child
[parse] 2025-12-19T14:19:48.383 parent RLOC16 -> e000
[/dev/ttyACM0] ping parent fd72:e9dd:7d27:e872:0:ff:fe00:e000
[parse] 2025-12-19T14:19:49.344 state -> child
[parse] 2025-12-19T14:19:49.351 parent RLOC16 -> e000
[/dev/ttyACM0] ping parent fd72:e9dd:7d27:e872:0:ff:fe00:e000
[parse] 2025-12-19T14:19:50.402 state -> child
[parse] 2025-12-19T14:19:50.407 parent RLOC16 -> e000
[/dev/ttyACM0] ping parent fd72:e9dd:7d27:e872:0:ff:fe00:e000
[parse] 2025-12-19T14:19:51.394 state -> child
[parse] 2025-12-19T14:19:51.401 parent RLOC16 -> e000
[/dev/ttyACM0] ping parent fd72:e9dd:7d27:e872:0:ff:fe00:e000
[parse] 2025-12-19T14:19:52.428 state -> child
[parse] 2025-12-19T14:19:52.434 parent RLOC16 -> e000
[/dev/ttyACM0] ping parent fd72:e9dd:7d27:e872:0:ff:fe00:e000
[parse] 2025-12-19T14:19:53.395 state -> child
[parse] 2025-12-19T14:19:53.400 parent RLOC16 -> e000
[/dev/ttyACM0] ping parent fd72:e9dd:7d27:e872:0:ff:fe00:e000
[parse] 2025-12-19T14:19:54.377 state -> child
[parse] 2025-12-19T14:19:54.381 parent RLOC16 -> e000
[/dev/ttyACM0] ping parent fd72:e9dd:7d27:e872:0:ff:fe00:e000
[parse] 2025-12-19T14:19:55.423 state -> child
[parse] 2025-12-19T14:19:55.427 parent RLOC16 -> e000
[/dev/ttyACM0] ping parent fd72:e9dd:7d27:e872:0:ff:fe00:e000
[parse] 2025-12-19T14:19:56.394 state -> child
[parse] 2025-12-19T14:19:56.402 parent RLOC16 -> e000
[/dev/ttyACM0] ping parent fd72:e9dd:7d27:e872:0:ff:fe00:e000
[parse] 2025-12-19T14:19:57.397 state -> child
[parse] 2025-12-19T14:19:57.402 parent RLOC16 -> e000
[/dev/ttyACM0] ping parent fd72:e9dd:7d27:e872:0:ff:fe00:e000
[parse] 2025-12-19T14:19:58.371 state -> child
[parse] 2025-12-19T14:19:58.375 parent RLOC16 -> e000
[/dev/ttyACM0] ping parent fd72:e9dd:7d27:e872:0:ff:fe00:e000
[parse] 2025-12-19T14:19:59.437 state -> child
[parse] 2025-12-19T14:19:59.443 parent RLOC16 -> e000
[/dev/ttyACM0] ping parent fd72:e9dd:7d27:e872:0:ff:fe00:e000
[parse] 2025-12-19T14:20:00.417 state -> child
[parse] 2025-12-19T14:20:00.422 parent RLOC16 -> e000
[/dev/ttyACM0] ping parent fd72:e9dd:7d27:e872:0:ff:fe00:e000
[parse] 2025-12-19T14:20:01.395 state -> child
[parse] 2025-12-19T14:20:01.398 parent RLOC16 -> e000
[/dev/ttyACM0] ping parent fd72:e9dd:7d27:e872:0:ff:fe00:e000
[parse] 2025-12-19T14:20:02.361 state -> child
[parse] 2025-12-19T14:20:02.365 parent RLOC16 -> e000
[/dev/ttyACM0] ping parent fd72:e9dd:7d27:e872:0:ff:fe00:e000
[parse] 2025-12-19T14:20:03.435 state -> child
[parse] 2025-12-19T14:20:03.441 parent RLOC16 -> e000
[/dev/ttyACM0] ping parent fd72:e9dd:7d27:e872:0:ff:fe00:e000
[parse] 2025-12-19T14:20:04.419 state -> child
[parse] 2025-12-19T14:20:04.424 parent RLOC16 -> e000
[/dev/ttyACM0] ping parent fd72:e9dd:7d27:e872:0:ff:fe00:e000
[parse] 2025-12-19T14:20:05.386 state -> child
[parse] 2025-12-19T14:20:05.392 parent RLOC16 -> e000
[/dev/ttyACM0] ping parent fd72:e9dd:7d27:e872:0:ff:fe00:e000
[parse] 2025-12-19T14:20:06.364 state -> child
[parse] 2025-12-19T14:20:06.368 parent RLOC16 -> e000
[/dev/ttyACM0] ping parent fd72:e9dd:7d27:e872:0:ff:fe00:e000
[parse] 2025-12-19T14:20:07.382 state -> child
[parse] 2025-12-19T14:20:07.388 parent RLOC16 -> e000
[/dev/ttyACM0] ping parent fd72:e9dd:7d27:e872:0:ff:fe00:e000
[parse] 2025-12-19T14:20:08.348 state -> child
[parse] 2025-12-19T14:20:08.354 parent RLOC16 -> e000
[/dev/ttyACM0] ping parent fd72:e9dd:7d27:e872:0:ff:fe00:e000
[parse] 2025-12-19T14:20:09.426 state -> child
[parse] 2025-12-19T14:20:09.430 parent RLOC16 -> e000
[/dev/ttyACM0] ping parent fd72:e9dd:7d27:e872:0:ff:fe00:e000
[parse] 2025-12-19T14:20:10.390 state -> child
[parse] 2025-12-19T14:20:10.398 parent RLOC16 -> e000
[/dev/ttyACM0] ping parent fd72:e9dd:7d27:e872:0:ff:fe00:e000
[parse] 2025-12-19T14:20:11.362 state -> child
[parse] 2025-12-19T14:20:11.367 parent RLOC16 -> e000
[/dev/ttyACM0] ping parent fd72:e9dd:7d27:e872:0:ff:fe00:e000
[parse] 2025-12-19T14:20:12.390 state -> child
[parse] 2025-12-19T14:20:12.396 parent RLOC16 -> e000
[/dev/ttyACM0] ping parent fd72:e9dd:7d27:e872:0:ff:fe00:e000
[parse] 2025-12-19T14:20:13.360 state -> child
[parse] 2025-12-19T14:20:13.366 parent RLOC16 -> e000
[/dev/ttyACM0] ping parent fd72:e9dd:7d27:e872:0:ff:fe00:e000
[parse] 2025-12-19T14:20:14.399 state -> child
[parse] 2025-12-19T14:20:14.403 parent RLOC16 -> e000
[/dev/ttyACM0] ping parent fd72:e9dd:7d27:e872:0:ff:fe00:e000
[parse] 2025-12-19T14:20:15.355 state -> child
[parse] 2025-12-19T14:20:15.358 parent RLOC16 -> e000
[/dev/ttyACM0] ping parent fd72:e9dd:7d27:e872:0:ff:fe00:e000
[parse] 2025-12-19T14:20:16.416 state -> child
[parse] 2025-12-19T14:20:16.422 parent RLOC16 -> e000
[/dev/ttyACM0] ping parent fd72:e9dd:7d27:e872:0:ff:fe00:e000
[parse] 2025-12-19T14:20:17.400 state -> child
[parse] 2025-12-19T14:20:17.407 parent RLOC16 -> e000
[/dev/ttyACM0] ping parent fd72:e9dd:7d27:e872:0:ff:fe00:e000
[parse] 2025-12-19T14:20:18.428 state -> child
[parse] 2025-12-19T14:20:18.433 parent RLOC16 -> e000
[/dev/ttyACM0] ping parent fd72:e9dd:7d27:e872:0:ff:fe00:e000
[parse] 2025-12-19T14:20:19.404 state -> child
[parse] 2025-12-19T14:20:19.409 parent RLOC16 -> e000
[/dev/ttyACM0] ping parent fd72:e9dd:7d27:e872:0:ff:fe00:e000
[parse] 2025-12-19T14:20:20.418 state -> child
[parse] 2025-12-19T14:20:20.424 parent RLOC16 -> e000
[/dev/ttyACM0] ping parent fd72:e9dd:7d27:e872:0:ff:fe00:e000
[parse] 2025-12-19T14:20:21.405 state -> child
[parse] 2025-12-19T14:20:21.411 parent RLOC16 -> e000
[/dev/ttyACM0] ping parent fd72:e9dd:7d27:e872:0:ff:fe00:e000
[parse] 2025-12-19T14:20:22.370 state -> child
[parse] 2025-12-19T14:20:22.376 parent RLOC16 -> e000
[/dev/ttyACM0] ping parent fd72:e9dd:7d27:e872:0:ff:fe00:e000
[parse] 2025-12-19T14:20:23.344 state -> child
[parse] 2025-12-19T14:20:23.349 parent RLOC16 -> e000
[/dev/ttyACM0] ping parent fd72:e9dd:7d27:e872:0:ff:fe00:e000
[parse] 2025-12-19T14:20:24.415 state -> child
[parse] 2025-12-19T14:20:24.421 parent RLOC16 -> e000
[/dev/ttyACM0] ping parent fd72:e9dd:7d27:e872:0:ff:fe00:e000
[parse] 2025-12-19T14:20:25.378 state -> child
[parse] 2025-12-19T14:20:25.385 parent RLOC16 -> e000
[/dev/ttyACM0] ping parent fd72:e9dd:7d27:e872:0:ff:fe00:e000
[parse] 2025-12-19T14:20:26.354 state -> child
[parse] 2025-12-19T14:20:26.360 parent RLOC16 -> e000
[/dev/ttyACM0] ping parent fd72:e9dd:7d27:e872:0:ff:fe00:e000
[parse] 2025-12-19T14:20:27.422 state -> child
[parse] 2025-12-19T14:20:27.426 parent RLOC16 -> e000
[/dev/ttyACM0] ping parent fd72:e9dd:7d27:e872:0:ff:fe00:e000
[parse] 2025-12-19T14:20:28.394 state -> child
[parse] 2025-12-19T14:20:28.401 parent RLOC16 -> e000
[/dev/ttyACM0] ping parent fd72:e9dd:7d27:e872:0:ff:fe00:e000
[parse] 2025-12-19T14:20:29.360 state -> child
[parse] 2025-12-19T14:20:29.365 parent RLOC16 -> e000
[/dev/ttyACM0] ping parent fd72:e9dd:7d27:e872:0:ff:fe00:e000
[parse] 2025-12-19T14:20:30.392 state -> child
[parse] 2025-12-19T14:20:30.396 parent RLOC16 -> e000
[/dev/ttyACM0] ping parent fd72:e9dd:7d27:e872:0:ff:fe00:e000
[parse] 2025-12-19T14:20:31.397 state -> child
[parse] 2025-12-19T14:20:31.401 parent RLOC16 -> e000
[/dev/ttyACM0] ping parent fd72:e9dd:7d27:e872:0:ff:fe00:e000
[parse] 2025-12-19T14:20:32.419 state -> child
[parse] 2025-12-19T14:20:32.424 parent RLOC16 -> 7000
[/dev/ttyACM0] ping parent fd72:e9dd:7d27:e872:0:ff:fe00:7000
[parse] 2025-12-19T14:20:33.402 state -> child
[parse] 2025-12-19T14:20:33.408 parent RLOC16 -> 7000
[/dev/ttyACM0] ping parent fd72:e9dd:7d27:e872:0:ff:fe00:7000
[parse] 2025-12-19T14:20:34.370 state -> child
[parse] 2025-12-19T14:20:34.375 parent RLOC16 -> 7000
[/dev/ttyACM0] ping parent fd72:e9dd:7d27:e872:0:ff:fe00:7000
[parse] 2025-12-19T14:20:35.435 state -> child
[parse] 2025-12-19T14:20:35.442 parent RLOC16 -> 7000
[/dev/ttyACM0] ping parent fd72:e9dd:7d27:e872:0:ff:fe00:7000
[parse] 2025-12-19T14:20:36.429 state -> child
[parse] 2025-12-19T14:20:36.434 parent RLOC16 -> 7000
[/dev/ttyACM0] ping parent fd72:e9dd:7d27:e872:0:ff:fe00:7000
[parse] 2025-12-19T14:20:37.347 state -> child
[parse] 2025-12-19T14:20:37.354 parent RLOC16 -> 7000
[/dev/ttyACM0] ping parent fd72:e9dd:7d27:e872:0:ff:fe00:7000
[parse] 2025-12-19T14:20:38.427 state -> child
[parse] 2025-12-19T14:20:38.431 parent RLOC16 -> 7000
[/dev/ttyACM0] ping parent fd72:e9dd:7d27:e872:0:ff:fe00:7000
[parse] 2025-12-19T14:20:39.392 state -> child
[parse] 2025-12-19T14:20:39.398 parent RLOC16 -> 7000
[/dev/ttyACM0] ping parent fd72:e9dd:7d27:e872:0:ff:fe00:7000
[parse] 2025-12-19T14:20:40.376 state -> child
[parse] 2025-12-19T14:20:40.381 parent RLOC16 -> 7000
[/dev/ttyACM0] ping parent fd72:e9dd:7d27:e872:0:ff:fe00:7000
[parse] 2025-12-19T14:20:41.369 state -> child
[parse] 2025-12-19T14:20:41.373 parent RLOC16 -> 7000
[/dev/ttyACM0] ping parent fd72:e9dd:7d27:e872:0:ff:fe00:7000
[parse] 2025-12-19T14:20:42.378 state -> child
[parse] 2025-12-19T14:20:42.382 parent RLOC16 -> 7000
[/dev/ttyACM0] ping parent fd72:e9dd:7d27:e872:0:ff:fe00:7000
[parse] 2025-12-19T14:20:43.342 state -> child
[parse] 2025-12-19T14:20:43.348 parent RLOC16 -> 7000
[/dev/ttyACM0] ping parent fd72:e9dd:7d27:e872:0:ff:fe00:7000
[parse] 2025-12-19T14:20:44.409 state -> child
[parse] 2025-12-19T14:20:44.415 parent RLOC16 -> 7000
[/dev/ttyACM0] ping parent fd72:e9dd:7d27:e872:0:ff:fe00:7000
[parse] 2025-12-19T14:20:45.385 state -> child
[parse] 2025-12-19T14:20:45.392 parent RLOC16 -> 7000
[/dev/ttyACM0] ping parent fd72:e9dd:7d27:e872:0:ff:fe00:7000
[parse] 2025-12-19T14:20:46.372 state -> child
[parse] 2025-12-19T14:20:46.378 parent RLOC16 -> 7000
[/dev/ttyACM0] ping parent fd72:e9dd:7d27:e872:0:ff:fe00:7000
[parse] 2025-12-19T14:20:47.378 state -> child
[parse] 2025-12-19T14:20:47.382 parent RLOC16 -> 7000
[/dev/ttyACM0] ping parent fd72:e9dd:7d27:e872:0:ff:fe00:7000
[parse] 2025-12-19T14:20:48.339 state -> child
[parse] 2025-12-19T14:20:48.345 parent RLOC16 -> 7000
[/dev/ttyACM0] ping parent fd72:e9dd:7d27:e872:0:ff:fe00:7000
[parse] 2025-12-19T14:20:49.409 state -> child
[parse] 2025-12-19T14:20:49.413 parent RLOC16 -> 7000
[/dev/ttyACM0] ping parent fd72:e9dd:7d27:e872:0:ff:fe00:7000
[parse] 2025-12-19T14:20:50.376 state -> child
[parse] 2025-12-19T14:20:50.381 parent RLOC16 -> 7000
[/dev/ttyACM0] ping parent fd72:e9dd:7d27:e872:0:ff:fe00:7000
[parse] 2025-12-19T14:20:51.387 state -> child
[parse] 2025-12-19T14:20:51.392 parent RLOC16 -> 7000
[/dev/ttyACM0] ping parent fd72:e9dd:7d27:e872:0:ff:fe00:7000
[parse] 2025-12-19T14:20:52.352 state -> child
[parse] 2025-12-19T14:20:52.359 parent RLOC16 -> 7000
[/dev/ttyACM0] ping parent fd72:e9dd:7d27:e872:0:ff:fe00:7000
[parse] 2025-12-19T14:20:53.421 state -> child
[parse] 2025-12-19T14:20:53.426 parent RLOC16 -> 7000
[/dev/ttyACM0] ping parent fd72:e9dd:7d27:e872:0:ff:fe00:7000
[parse] 2025-12-19T14:20:54.385 state -> child
[parse] 2025-12-19T14:20:54.391 parent RLOC16 -> 7000
[/dev/ttyACM0] ping parent fd72:e9dd:7d27:e872:0:ff:fe00:7000
[parse] 2025-12-19T14:20:55.351 state -> child
[parse] 2025-12-19T14:20:55.357 parent RLOC16 -> 7000
[/dev/ttyACM0] ping parent fd72:e9dd:7d27:e872:0:ff:fe00:7000
[parse] 2025-12-19T14:20:56.420 state -> child
[parse] 2025-12-19T14:20:56.425 parent RLOC16 -> 7000
[/dev/ttyACM0] ping parent fd72:e9dd:7d27:e872:0:ff:fe00:7000
[parse] 2025-12-19T14:20:57.385 state -> child
[parse] 2025-12-19T14:20:57.391 parent RLOC16 -> 7000
[/dev/ttyACM0] ping parent fd72:e9dd:7d27:e872:0:ff:fe00:7000
[parse] 2025-12-19T14:20:58.353 state -> child
[parse] 2025-12-19T14:20:58.359 parent RLOC16 -> 7000
[/dev/ttyACM0] ping parent fd72:e9dd:7d27:e872:0:ff:fe00:7000
[parse] 2025-12-19T14:20:59.348 state -> child
[parse] 2025-12-19T14:20:59.354 parent RLOC16 -> 7000
[/dev/ttyACM0] ping parent fd72:e9dd:7d27:e872:0:ff:fe00:7000
[parse] 2025-12-19T14:21:00.415 state -> child
[parse] 2025-12-19T14:21:00.422 parent RLOC16 -> 7000
[/dev/ttyACM0] ping parent fd72:e9dd:7d27:e872:0:ff:fe00:7000
[parse] 2025-12-19T14:21:01.382 state -> child
[parse] 2025-12-19T14:21:01.389 parent RLOC16 -> 7000
[/dev/ttyACM0] ping parent fd72:e9dd:7d27:e872:0:ff:fe00:7000
[parse] 2025-12-19T14:21:02.353 state -> child
[parse] 2025-12-19T14:21:02.358 parent RLOC16 -> 7000
[/dev/ttyACM0] ping parent fd72:e9dd:7d27:e872:0:ff:fe00:7000
[parse] 2025-12-19T14:21:03.430 state -> child
[parse] 2025-12-19T14:21:03.435 parent RLOC16 -> 7000
[/dev/ttyACM0] ping parent fd72:e9dd:7d27:e872:0:ff:fe00:7000
[parse] 2025-12-19T14:21:04.352 state -> child
[parse] 2025-12-19T14:21:04.356 parent RLOC16 -> 7000
[/dev/ttyACM0] ping parent fd72:e9dd:7d27:e872:0:ff:fe00:7000
[parse] 2025-12-19T14:21:05.417 state -> child
[parse] 2025-12-19T14:21:05.422 parent RLOC16 -> 7000
[/dev/ttyACM0] ping parent fd72:e9dd:7d27:e872:0:ff:fe00:7000
[parse] 2025-12-19T14:21:06.436 state -> child
[parse] 2025-12-19T14:21:06.442 parent RLOC16 -> 7000
[/dev/ttyACM0] ping parent fd72:e9dd:7d27:e872:0:ff:fe00:7000
[parse] 2025-12-19T14:21:07.402 state -> child
[parse] 2025-12-19T14:21:07.408 parent RLOC16 -> 7000
[/dev/ttyACM0] ping parent fd72:e9dd:7d27:e872:0:ff:fe00:7000
[parse] 2025-12-19T14:21:08.414 state -> child
[parse] 2025-12-19T14:21:08.449 parent RLOC16 -> 7000
[/dev/ttyACM0] ping parent fd72:e9dd:7d27:e872:0:ff:fe00:7000
[parse] 2025-12-19T14:21:09.421 state -> child
[parse] 2025-12-19T14:21:09.427 parent RLOC16 -> 7000
[/dev/ttyACM0] ping parent fd72:e9dd:7d27:e872:0:ff:fe00:7000
[parse] 2025-12-19T14:21:10.404 state -> child
[parse] 2025-12-19T14:21:10.411 parent RLOC16 -> 7000
[/dev/ttyACM0] ping parent fd72:e9dd:7d27:e872:0:ff:fe00:7000
[parse] 2025-12-19T14:21:11.370 state -> child
[parse] 2025-12-19T14:21:11.375 parent RLOC16 -> 7000
[/dev/ttyACM0] ping parent fd72:e9dd:7d27:e872:0:ff:fe00:7000
[parse] 2025-12-19T14:21:12.436 state -> child
[parse] 2025-12-19T14:21:12.443 parent RLOC16 -> 7000
[/dev/ttyACM0] ping parent fd72:e9dd:7d27:e872:0:ff:fe00:7000
[parse] 2025-12-19T14:21:13.405 state -> child
[parse] 2025-12-19T14:21:13.411 parent RLOC16 -> 7000
[/dev/ttyACM0] ping parent fd72:e9dd:7d27:e872:0:ff:fe00:7000
[parse] 2025-12-19T14:21:14.369 state -> child
[parse] 2025-12-19T14:21:14.374 parent RLOC16 -> 7000
[/dev/ttyACM0] ping parent fd72:e9dd:7d27:e872:0:ff:fe00:7000
[parse] 2025-12-19T14:21:15.437 state -> child
[parse] 2025-12-19T14:21:15.443 parent RLOC16 -> 7000
[/dev/ttyACM0] ping parent fd72:e9dd:7d27:e872:0:ff:fe00:7000
[parse] 2025-12-19T14:21:16.404 state -> child
[parse] 2025-12-19T14:21:16.411 parent RLOC16 -> 7000
[/dev/ttyACM0] ping parent fd72:e9dd:7d27:e872:0:ff:fe00:7000
[parse] 2025-12-19T14:21:17.369 state -> child
[parse] 2025-12-19T14:21:17.373 parent RLOC16 -> 7000
[/dev/ttyACM0] ping parent fd72:e9dd:7d27:e872:0:ff:fe00:7000
[parse] 2025-12-19T14:21:18.384 state -> child
[parse] 2025-12-19T14:21:18.391 parent RLOC16 -> 7000
[/dev/ttyACM0] ping parent fd72:e9dd:7d27:e872:0:ff:fe00:7000
[parse] 2025-12-19T14:21:19.352 state -> child
[parse] 2025-12-19T14:21:19.358 parent RLOC16 -> 7000
[/dev/ttyACM0] ping parent fd72:e9dd:7d27:e872:0:ff:fe00:7000
[parse] 2025-12-19T14:21:20.426 state -> child
[parse] 2025-12-19T14:21:20.431 parent RLOC16 -> 7000
[/dev/ttyACM0] ping parent fd72:e9dd:7d27:e872:0:ff:fe00:7000
[parse] 2025-12-19T14:21:21.391 state -> child
[parse] 2025-12-19T14:21:21.397 parent RLOC16 -> 7000
[/dev/ttyACM0] ping parent fd72:e9dd:7d27:e872:0:ff:fe00:7000
[parse] 2025-12-19T14:21:22.362 state -> child
[parse] 2025-12-19T14:21:22.367 parent RLOC16 -> 7000
[/dev/ttyACM0] ping parent fd72:e9dd:7d27:e872:0:ff:fe00:7000
[parse] 2025-12-19T14:21:23.427 state -> child
[parse] 2025-12-19T14:21:23.432 parent RLOC16 -> 7000
[/dev/ttyACM0] ping parent fd72:e9dd:7d27:e872:0:ff:fe00:7000
[parse] 2025-12-19T14:21:24.393 state -> child
[parse] 2025-12-19T14:21:24.399 parent RLOC16 -> 7000
[/dev/ttyACM0] ping parent fd72:e9dd:7d27:e872:0:ff:fe00:7000
[parse] 2025-12-19T14:21:25.356 state -> child
[parse] 2025-12-19T14:21:25.361 parent RLOC16 -> 7000
[/dev/ttyACM0] ping parent fd72:e9dd:7d27:e872:0:ff:fe00:7000
[parse] 2025-12-19T14:21:26.358 state -> child
[parse] 2025-12-19T14:21:26.363 parent RLOC16 -> 7000
[/dev/ttyACM0] ping parent fd72:e9dd:7d27:e872:0:ff:fe00:7000
[parse] 2025-12-19T14:21:27.356 state -> child
[parse] 2025-12-19T14:21:27.360 parent RLOC16 -> 7000
[/dev/ttyACM0] ping parent fd72:e9dd:7d27:e872:0:ff:fe00:7000
[parse] 2025-12-19T14:21:28.422 state -> child
[parse] 2025-12-19T14:21:28.426 parent RLOC16 -> 7000
[/dev/ttyACM0] ping parent fd72:e9dd:7d27:e872:0:ff:fe00:7000
[parse] 2025-12-19T14:21:29.389 state -> child
[parse] 2025-12-19T14:21:29.395 parent RLOC16 -> 7000
[/dev/ttyACM0] ping parent fd72:e9dd:7d27:e872:0:ff:fe00:7000
[parse] 2025-12-19T14:21:30.355 state -> child
[parse] 2025-12-19T14:21:30.362 parent RLOC16 -> 7000
[/dev/ttyACM0] ping parent fd72:e9dd:7d27:e872:0:ff:fe00:7000
[parse] 2025-12-19T14:21:31.421 state -> child
[parse] 2025-12-19T14:21:31.426 parent RLOC16 -> 7000
[/dev/ttyACM0] ping parent fd72:e9dd:7d27:e872:0:ff:fe00:7000
[parse] 2025-12-19T14:21:32.374 state -> child
[parse] 2025-12-19T14:21:32.379 parent RLOC16 -> 7000
[/dev/ttyACM0] ping parent fd72:e9dd:7d27:e872:0:ff:fe00:7000
[parse] 2025-12-19T14:21:33.355 state -> child
[parse] 2025-12-19T14:21:33.361 parent RLOC16 -> 7000
[/dev/ttyACM0] ping parent fd72:e9dd:7d27:e872:0:ff:fe00:7000
[parse] 2025-12-19T14:21:34.350 state -> child
[parse] 2025-12-19T14:21:34.358 parent RLOC16 -> 7000
[/dev/ttyACM0] ping parent fd72:e9dd:7d27:e872:0:ff:fe00:7000
[parse] 2025-12-19T14:21:35.419 state -> child
[parse] 2025-12-19T14:21:35.426 parent RLOC16 -> 7000
[/dev/ttyACM0] ping parent fd72:e9dd:7d27:e872:0:ff:fe00:7000
[parse] 2025-12-19T14:21:36.404 state -> child
[parse] 2025-12-19T14:21:36.410 parent RLOC16 -> 7000
[/dev/ttyACM0] ping parent fd72:e9dd:7d27:e872:0:ff:fe00:7000
[parse] 2025-12-19T14:21:37.367 state -> child
[parse] 2025-12-19T14:21:37.372 parent RLOC16 -> 7000
[/dev/ttyACM0] ping parent fd72:e9dd:7d27:e872:0:ff:fe00:7000
[parse] 2025-12-19T14:21:38.344 state -> child
[parse] 2025-12-19T14:21:38.350 parent RLOC16 -> 7000
[/dev/ttyACM0] ping parent fd72:e9dd:7d27:e872:0:ff:fe00:7000
[parse] 2025-12-19T14:21:39.415 state -> child
[parse] 2025-12-19T14:21:39.420 parent RLOC16 -> 7000
[/dev/ttyACM0] ping parent fd72:e9dd:7d27:e872:0:ff:fe00:7000
[parse] 2025-12-19T14:21:40.381 state -> child
[parse] 2025-12-19T14:21:40.386 parent RLOC16 -> 7000
[/dev/ttyACM0] ping parent fd72:e9dd:7d27:e872:0:ff:fe00:7000
[parse] 2025-12-19T14:21:41.354 state -> child
[parse] 2025-12-19T14:21:41.361 parent RLOC16 -> 7000
[/dev/ttyACM0] ping parent fd72:e9dd:7d27:e872:0:ff:fe00:7000
[parse] 2025-12-19T14:21:42.424 state -> child
[parse] 2025-12-19T14:21:42.431 parent RLOC16 -> 7000
[/dev/ttyACM0] ping parent fd72:e9dd:7d27:e872:0:ff:fe00:7000
[parse] 2025-12-19T14:21:43.391 state -> child
[parse] 2025-12-19T14:21:43.398 parent RLOC16 -> 7000
[/dev/ttyACM0] ping parent fd72:e9dd:7d27:e872:0:ff:fe00:7000
[parse] 2025-12-19T14:21:44.376 state -> child
[parse] 2025-12-19T14:21:44.382 parent RLOC16 -> 7000
[/dev/ttyACM0] ping parent fd72:e9dd:7d27:e872:0:ff:fe00:7000
[parse] 2025-12-19T14:21:45.344 state -> child
[parse] 2025-12-19T14:21:45.350 parent RLOC16 -> 7000
[/dev/ttyACM0] ping parent fd72:e9dd:7d27:e872:0:ff:fe00:7000
[parse] 2025-12-19T14:21:46.410 state -> child
[parse] 2025-12-19T14:21:46.416 parent RLOC16 -> 7000
[/dev/ttyACM0] ping parent fd72:e9dd:7d27:e872:0:ff:fe00:7000
[parse] 2025-12-19T14:21:47.373 state -> child
[parse] 2025-12-19T14:21:47.377 parent RLOC16 -> 7000
[/dev/ttyACM0] ping parent fd72:e9dd:7d27:e872:0:ff:fe00:7000
[parse] 2025-12-19T14:21:48.427 state -> child
[parse] 2025-12-19T14:21:48.432 parent RLOC16 -> 7000
[/dev/ttyACM0] ping parent fd72:e9dd:7d27:e872:0:ff:fe00:7000
[parse] 2025-12-19T14:21:49.406 state -> child
[parse] 2025-12-19T14:21:49.413 parent RLOC16 -> 7000
[/dev/ttyACM0] ping parent fd72:e9dd:7d27:e872:0:ff:fe00:7000
[parse] 2025-12-19T14:21:50.388 state -> child
[parse] 2025-12-19T14:21:50.395 parent RLOC16 -> 7000
[/dev/ttyACM0] ping parent fd72:e9dd:7d27:e872:0:ff:fe00:7000
[parse] 2025-12-19T14:21:51.386 state -> child
[parse] 2025-12-19T14:21:51.390 parent RLOC16 -> 7000
[/dev/ttyACM0] ping parent fd72:e9dd:7d27:e872:0:ff:fe00:7000
[parse] 2025-12-19T14:21:52.355 state -> child
[parse] 2025-12-19T14:21:52.360 parent RLOC16 -> 7000
[/dev/ttyACM0] ping parent fd72:e9dd:7d27:e872:0:ff:fe00:7000
[parse] 2025-12-19T14:21:53.421 state -> child
[parse] 2025-12-19T14:21:53.427 parent RLOC16 -> 7000
[/dev/ttyACM0] ping parent fd72:e9dd:7d27:e872:0:ff:fe00:7000
[parse] 2025-12-19T14:21:54.387 state -> child
[parse] 2025-12-19T14:21:54.394 parent RLOC16 -> 7000
[/dev/ttyACM0] ping parent fd72:e9dd:7d27:e872:0:ff:fe00:7000
[parse] 2025-12-19T14:21:55.355 state -> child
[parse] 2025-12-19T14:21:55.362 parent RLOC16 -> 7000
[/dev/ttyACM0] ping parent fd72:e9dd:7d27:e872:0:ff:fe00:7000
[parse] 2025-12-19T14:21:56.421 state -> child
[parse] 2025-12-19T14:21:56.427 parent RLOC16 -> 7000
[/dev/ttyACM0] ping parent fd72:e9dd:7d27:e872:0:ff:fe00:7000
[parse] 2025-12-19T14:21:57.389 state -> child
[parse] 2025-12-19T14:21:57.395 parent RLOC16 -> 7000
[/dev/ttyACM0] ping parent fd72:e9dd:7d27:e872:0:ff:fe00:7000
[parse] 2025-12-19T14:21:58.357 state -> child
[parse] 2025-12-19T14:21:58.362 parent RLOC16 -> 7000
[/dev/ttyACM0] ping parent fd72:e9dd:7d27:e872:0:ff:fe00:7000
[parse] 2025-12-19T14:21:59.434 state -> child
[parse] 2025-12-19T14:21:59.441 parent RLOC16 -> 7000
[/dev/ttyACM0] ping parent fd72:e9dd:7d27:e872:0:ff:fe00:7000
[parse] 2025-12-19T14:22:00.404 state -> child
[parse] 2025-12-19T14:22:00.411 parent RLOC16 -> 7000
[/dev/ttyACM0] ping parent fd72:e9dd:7d27:e872:0:ff:fe00:7000
[parse] 2025-12-19T14:22:01.390 state -> child
[parse] 2025-12-19T14:22:01.398 parent RLOC16 -> 7000
[/dev/ttyACM0] ping parent fd72:e9dd:7d27:e872:0:ff:fe00:7000
[parse] 2025-12-19T14:22:02.357 state -> child
[parse] 2025-12-19T14:22:02.363 parent RLOC16 -> 7000
[/dev/ttyACM0] ping parent fd72:e9dd:7d27:e872:0:ff:fe00:7000
[parse] 2025-12-19T14:22:03.437 state -> child
[parse] 2025-12-19T14:22:03.443 parent RLOC16 -> 7000
[/dev/ttyACM0] ping parent fd72:e9dd:7d27:e872:0:ff:fe00:7000
[parse] 2025-12-19T14:22:04.404 state -> child
[parse] 2025-12-19T14:22:04.411 parent RLOC16 -> 7000
[/dev/ttyACM0] ping parent fd72:e9dd:7d27:e872:0:ff:fe00:7000
[parse] 2025-12-19T14:22:05.372 state -> child
[parse] 2025-12-19T14:22:05.376 parent RLOC16 -> 7000
[/dev/ttyACM0] ping parent fd72:e9dd:7d27:e872:0:ff:fe00:7000
[parse] 2025-12-19T14:22:06.343 state -> child
[parse] 2025-12-19T14:22:06.349 parent RLOC16 -> 7000
[/dev/ttyACM0] ping parent fd72:e9dd:7d27:e872:0:ff:fe00:7000
[parse] 2025-12-19T14:22:07.413 state -> child
[parse] 2025-12-19T14:22:07.418 parent RLOC16 -> 7000
[/dev/ttyACM0] ping parent fd72:e9dd:7d27:e872:0:ff:fe00:7000
[parse] 2025-12-19T14:22:08.377 state -> child
[parse] 2025-12-19T14:22:08.382 parent RLOC16 -> 7000
[/dev/ttyACM0] ping parent fd72:e9dd:7d27:e872:0:ff:fe00:7000
[parse] 2025-12-19T14:22:09.344 state -> child
[parse] 2025-12-19T14:22:09.350 parent RLOC16 -> 7000
[/dev/ttyACM0] ping parent fd72:e9dd:7d27:e872:0:ff:fe00:7000
[parse] 2025-12-19T14:22:10.414 state -> child
[parse] 2025-12-19T14:22:10.421 parent RLOC16 -> 7000
[/dev/ttyACM0] ping parent fd72:e9dd:7d27:e872:0:ff:fe00:7000
[parse] 2025-12-19T14:22:11.382 state -> child
[parse] 2025-12-19T14:22:11.388 parent RLOC16 -> 7000
[/dev/ttyACM0] ping parent fd72:e9dd:7d27:e872:0:ff:fe00:7000
[parse] 2025-12-19T14:22:12.430 state -> child
[parse] 2025-12-19T14:22:12.434 parent RLOC16 -> 7000
[/dev/ttyACM0] ping parent fd72:e9dd:7d27:e872:0:ff:fe00:7000
[parse] 2025-12-19T14:22:13.430 state -> child
[parse] 2025-12-19T14:22:13.436 parent RLOC16 -> 7000
[/dev/ttyACM0] ping parent fd72:e9dd:7d27:e872:0:ff:fe00:7000
[parse] 2025-12-19T14:22:14.397 state -> child
[parse] 2025-12-19T14:22:14.403 parent RLOC16 -> 7000
[/dev/ttyACM0] ping parent fd72:e9dd:7d27:e872:0:ff:fe00:7000
[parse] 2025-12-19T14:22:15.360 state -> child
[parse] 2025-12-19T14:22:15.364 parent RLOC16 -> 7000
[/dev/ttyACM0] ping parent fd72:e9dd:7d27:e872:0:ff:fe00:7000
[parse] 2025-12-19T14:22:16.387 state -> child
[parse] 2025-12-19T14:22:16.393 parent RLOC16 -> 7000
[/dev/ttyACM0] ping parent fd72:e9dd:7d27:e872:0:ff:fe00:7000
[parse] 2025-12-19T14:22:17.353 state -> child
[parse] 2025-12-19T14:22:17.359 parent RLOC16 -> 7000
[/dev/ttyACM0] ping parent fd72:e9dd:7d27:e872:0:ff:fe00:7000
[parse] 2025-12-19T14:22:18.376 state -> child
[parse] 2025-12-19T14:22:18.382 parent RLOC16 -> 7000
[/dev/ttyACM0] ping parent fd72:e9dd:7d27:e872:0:ff:fe00:7000
[parse] 2025-12-19T14:22:19.344 state -> child
[parse] 2025-12-19T14:22:19.350 parent RLOC16 -> 7000
[/dev/ttyACM0] ping parent fd72:e9dd:7d27:e872:0:ff:fe00:7000
[parse] 2025-12-19T14:22:20.414 state -> child
[parse] 2025-12-19T14:22:20.420 parent RLOC16 -> 7000
[/dev/ttyACM0] ping parent fd72:e9dd:7d27:e872:0:ff:fe00:7000
[parse] 2025-12-19T14:22:21.378 state -> child
[parse] 2025-12-19T14:22:21.383 parent RLOC16 -> 7000
[/dev/ttyACM0] ping parent fd72:e9dd:7d27:e872:0:ff:fe00:7000
[parse] 2025-12-19T14:22:22.344 state -> child
[parse] 2025-12-19T14:22:22.350 parent RLOC16 -> 7000
[/dev/ttyACM0] ping parent fd72:e9dd:7d27:e872:0:ff:fe00:7000
[parse] 2025-12-19T14:22:23.416 state -> child
[parse] 2025-12-19T14:22:23.422 parent RLOC16 -> 7000
[/dev/ttyACM0] ping parent fd72:e9dd:7d27:e872:0:ff:fe00:7000
[parse] 2025-12-19T14:22:24.382 state -> child
[parse] 2025-12-19T14:22:24.388 parent RLOC16 -> 7000
[/dev/ttyACM0] ping parent fd72:e9dd:7d27:e872:0:ff:fe00:7000
[parse] 2025-12-19T14:22:25.347 state -> child
[parse] 2025-12-19T14:22:25.354 parent RLOC16 -> 7000
[/dev/ttyACM0] ping parent fd72:e9dd:7d27:e872:0:ff:fe00:7000
[parse] 2025-12-19T14:22:26.437 state -> child
[parse] 2025-12-19T14:22:26.443 parent RLOC16 -> 7000
[/dev/ttyACM0] ping parent fd72:e9dd:7d27:e872:0:ff:fe00:7000
[parse] 2025-12-19T14:22:27.418 state -> child
[parse] 2025-12-19T14:22:27.424 parent RLOC16 -> 7000
[/dev/ttyACM0] ping parent fd72:e9dd:7d27:e872:0:ff:fe00:7000
[parse] 2025-12-19T14:22:28.409 state -> child
[parse] 2025-12-19T14:22:28.415 parent RLOC16 -> 7000
[/dev/ttyACM0] ping parent fd72:e9dd:7d27:e872:0:ff:fe00:7000
[parse] 2025-12-19T14:22:29.371 state -> child
[parse] 2025-12-19T14:22:29.375 parent RLOC16 -> 7000
[/dev/ttyACM0] ping parent fd72:e9dd:7d27:e872:0:ff:fe00:7000
[parse] 2025-12-19T14:22:30.344 state -> child
[parse] 2025-12-19T14:22:30.350 parent RLOC16 -> 7000
[/dev/ttyACM0] ping parent fd72:e9dd:7d27:e872:0:ff:fe00:7000
[parse] 2025-12-19T14:22:31.411 state -> child
[parse] 2025-12-19T14:22:31.417 parent RLOC16 -> 7000
[/dev/ttyACM0] ping parent fd72:e9dd:7d27:e872:0:ff:fe00:7000
[parse] 2025-12-19T14:22:32.378 state -> child
[parse] 2025-12-19T14:22:32.383 parent RLOC16 -> 7000
[/dev/ttyACM0] ping parent fd72:e9dd:7d27:e872:0:ff:fe00:7000
[parse] 2025-12-19T14:22:34.167 state -> child
[parse] 2025-12-19T14:22:34.174 parent RLOC16 -> 7000
[/dev/ttyACM0] ping parent fd72:e9dd:7d27:e872:0:ff:fe00:7000
[parse] 2025-12-19T14:22:34.431 state -> child
[parse] 2025-12-19T14:22:34.436 parent RLOC16 -> 7000
[/dev/ttyACM0] ping parent fd72:e9dd:7d27:e872:0:ff:fe00:7000
[parse] 2025-12-19T14:22:35.435 state -> child
[parse] 2025-12-19T14:22:35.442 parent RLOC16 -> 7000
[/dev/ttyACM0] ping parent fd72:e9dd:7d27:e872:0:ff:fe00:7000
[parse] 2025-12-19T14:22:36.420 state -> child
[parse] 2025-12-19T14:22:36.425 parent RLOC16 -> 7000
[/dev/ttyACM0] ping parent fd72:e9dd:7d27:e872:0:ff:fe00:7000
[parse] 2025-12-19T14:22:37.385 state -> child
[parse] 2025-12-19T14:22:37.391 parent RLOC16 -> 7000
[/dev/ttyACM0] ping parent fd72:e9dd:7d27:e872:0:ff:fe00:7000
[parse] 2025-12-19T14:22:38.397 state -> child
[parse] 2025-12-19T14:22:38.404 parent RLOC16 -> 7000
[/dev/ttyACM0] ping parent fd72:e9dd:7d27:e872:0:ff:fe00:7000
[parse] 2025-12-19T14:22:39.391 state -> child
[parse] 2025-12-19T14:22:39.396 parent RLOC16 -> 7000
[/dev/ttyACM0] ping parent fd72:e9dd:7d27:e872:0:ff:fe00:7000
[parse] 2025-12-19T14:22:40.355 state -> child
[parse] 2025-12-19T14:22:40.360 parent RLOC16 -> 7000
[/dev/ttyACM0] ping parent fd72:e9dd:7d27:e872:0:ff:fe00:7000
[parse] 2025-12-19T14:22:41.340 state -> child
[parse] 2025-12-19T14:22:41.347 parent RLOC16 -> 7000
[/dev/ttyACM0] ping parent fd72:e9dd:7d27:e872:0:ff:fe00:7000
[parse] 2025-12-19T14:22:42.411 state -> child
[parse] 2025-12-19T14:22:42.417 parent RLOC16 -> 7000
[/dev/ttyACM0] ping parent fd72:e9dd:7d27:e872:0:ff:fe00:7000
[parse] 2025-12-19T14:22:43.398 state -> child
[parse] 2025-12-19T14:22:43.402 parent RLOC16 -> 7000
[/dev/ttyACM0] ping parent fd72:e9dd:7d27:e872:0:ff:fe00:7000
[parse] 2025-12-19T14:22:44.378 state -> child
[parse] 2025-12-19T14:22:44.383 parent RLOC16 -> 7000
[/dev/ttyACM0] ping parent fd72:e9dd:7d27:e872:0:ff:fe00:7000
[parse] 2025-12-19T14:22:45.355 state -> child
[parse] 2025-12-19T14:22:45.362 parent RLOC16 -> 7000
[/dev/ttyACM0] ping parent fd72:e9dd:7d27:e872:0:ff:fe00:7000
[parse] 2025-12-19T14:22:46.336 state -> child
[parse] 2025-12-19T14:22:46.341 parent RLOC16 -> 7000
[/dev/ttyACM0] ping parent fd72:e9dd:7d27:e872:0:ff:fe00:7000
[parse] 2025-12-19T14:22:47.417 state -> child
[parse] 2025-12-19T14:22:47.422 parent RLOC16 -> 7000
[/dev/ttyACM0] ping parent fd72:e9dd:7d27:e872:0:ff:fe00:7000
[parse] 2025-12-19T14:22:48.381 state -> child
[parse] 2025-12-19T14:22:48.386 parent RLOC16 -> 7000
[/dev/ttyACM0] ping parent fd72:e9dd:7d27:e872:0:ff:fe00:7000
[parse] 2025-12-19T14:22:49.354 state -> child
[parse] 2025-12-19T14:22:49.360 parent RLOC16 -> 7000
[/dev/ttyACM0] ping parent fd72:e9dd:7d27:e872:0:ff:fe00:7000
[parse] 2025-12-19T14:22:50.425 state -> child
[parse] 2025-12-19T14:22:50.430 parent RLOC16 -> 7000
[/dev/ttyACM0] ping parent fd72:e9dd:7d27:e872:0:ff:fe00:7000
[parse] 2025-12-19T14:22:51.394 state -> child
[parse] 2025-12-19T14:22:51.399 parent RLOC16 -> 7000
[/dev/ttyACM0] ping parent fd72:e9dd:7d27:e872:0:ff:fe00:7000
[parse] 2025-12-19T14:22:52.360 state -> child
[parse] 2025-12-19T14:22:52.368 parent RLOC16 -> 7000
[/dev/ttyACM0] ping parent fd72:e9dd:7d27:e872:0:ff:fe00:7000
[parse] 2025-12-19T14:22:53.338 state -> child
[parse] 2025-12-19T14:22:53.343 parent RLOC16 -> 7000
[/dev/ttyACM0] ping parent fd72:e9dd:7d27:e872:0:ff:fe00:7000
[parse] 2025-12-19T14:22:54.351 state -> child
[parse] 2025-12-19T14:22:54.356 parent RLOC16 -> 7000
[/dev/ttyACM0] ping parent fd72:e9dd:7d27:e872:0:ff:fe00:7000
[parse] 2025-12-19T14:22:55.417 state -> child
[parse] 2025-12-19T14:22:55.422 parent RLOC16 -> 7000
[/dev/ttyACM0] ping parent fd72:e9dd:7d27:e872:0:ff:fe00:7000
[parse] 2025-12-19T14:22:56.410 state -> child
[parse] 2025-12-19T14:22:56.416 parent RLOC16 -> 7000
[/dev/ttyACM0] ping parent fd72:e9dd:7d27:e872:0:ff:fe00:7000
[parse] 2025-12-19T14:22:57.375 state -> child
[parse] 2025-12-19T14:22:57.381 parent RLOC16 -> 7000
[/dev/ttyACM0] ping parent fd72:e9dd:7d27:e872:0:ff:fe00:7000
[parse] 2025-12-19T14:22:58.443 state -> child
[parse] 2025-12-19T14:22:58.450 parent RLOC16 -> 7000
[/dev/ttyACM0] ping parent fd72:e9dd:7d27:e872:0:ff:fe00:7000
[parse] 2025-12-19T14:22:59.420 state -> child
[parse] 2025-12-19T14:22:59.425 parent RLOC16 -> 7000
[/dev/ttyACM0] ping parent fd72:e9dd:7d27:e872:0:ff:fe00:7000
[parse] 2025-12-19T14:23:00.385 state -> child
[parse] 2025-12-19T14:23:00.390 parent RLOC16 -> 7000
[/dev/ttyACM0] ping parent fd72:e9dd:7d27:e872:0:ff:fe00:7000
[parse] 2025-12-19T14:23:01.353 state -> child
[parse] 2025-12-19T14:23:01.359 parent RLOC16 -> 7000
[/dev/ttyACM0] ping parent fd72:e9dd:7d27:e872:0:ff:fe00:7000
[parse] 2025-12-19T14:23:02.420 state -> child
[parse] 2025-12-19T14:23:02.425 parent RLOC16 -> 7000
[/dev/ttyACM0] ping parent fd72:e9dd:7d27:e872:0:ff:fe00:7000
[parse] 2025-12-19T14:23:03.397 state -> child
[parse] 2025-12-19T14:23:03.403 parent RLOC16 -> 7000
[/dev/ttyACM0] ping parent fd72:e9dd:7d27:e872:0:ff:fe00:7000
[parse] 2025-12-19T14:23:04.364 state -> child
[parse] 2025-12-19T14:23:04.370 parent RLOC16 -> 7000
[/dev/ttyACM0] ping parent fd72:e9dd:7d27:e872:0:ff:fe00:7000
[parse] 2025-12-19T14:23:05.433 state -> child
[parse] 2025-12-19T14:23:05.439 parent RLOC16 -> 7000
[/dev/ttyACM0] ping parent fd72:e9dd:7d27:e872:0:ff:fe00:7000
[parse] 2025-12-19T14:23:06.354 state -> child
[parse] 2025-12-19T14:23:06.361 parent RLOC16 -> 7000
[/dev/ttyACM0] ping parent fd72:e9dd:7d27:e872:0:ff:fe00:7000
[parse] 2025-12-19T14:23:07.336 state -> child
[parse] 2025-12-19T14:23:07.339 parent RLOC16 -> 7000
[/dev/ttyACM0] ping parent fd72:e9dd:7d27:e872:0:ff:fe00:7000
[parse] 2025-12-19T14:23:08.382 state -> child
[parse] 2025-12-19T14:23:08.388 parent RLOC16 -> 7000
[/dev/ttyACM0] ping parent fd72:e9dd:7d27:e872:0:ff:fe00:7000
[parse] 2025-12-19T14:23:09.417 state -> child
[parse] 2025-12-19T14:23:09.423 parent RLOC16 -> 7000
[/dev/ttyACM0] ping parent fd72:e9dd:7d27:e872:0:ff:fe00:7000
[parse] 2025-12-19T14:23:10.382 state -> child
[parse] 2025-12-19T14:23:10.389 parent RLOC16 -> 7000
[/dev/ttyACM0] ping parent fd72:e9dd:7d27:e872:0:ff:fe00:7000
[parse] 2025-12-19T14:23:11.349 state -> child
[parse] 2025-12-19T14:23:11.354 parent RLOC16 -> 7000
[/dev/ttyACM0] ping parent fd72:e9dd:7d27:e872:0:ff:fe00:7000
[parse] 2025-12-19T14:23:12.415 state -> child
[parse] 2025-12-19T14:23:12.420 parent RLOC16 -> 7000
[/dev/ttyACM0] ping parent fd72:e9dd:7d27:e872:0:ff:fe00:7000
[parse] 2025-12-19T14:23:13.383 state -> child
[parse] 2025-12-19T14:23:13.389 parent RLOC16 -> 7000
[/dev/ttyACM0] ping parent fd72:e9dd:7d27:e872:0:ff:fe00:7000
[parse] 2025-12-19T14:23:14.391 state -> child
[parse] 2025-12-19T14:23:14.398 parent RLOC16 -> 7000
[/dev/ttyACM0] ping parent fd72:e9dd:7d27:e872:0:ff:fe00:7000
[parse] 2025-12-19T14:23:15.358 state -> child
[parse] 2025-12-19T14:23:15.364 parent RLOC16 -> 7000
[/dev/ttyACM0] ping parent fd72:e9dd:7d27:e872:0:ff:fe00:7000
[parse] 2025-12-19T14:23:16.437 state -> child
[parse] 2025-12-19T14:23:16.443 parent RLOC16 -> 7000
[/dev/ttyACM0] ping parent fd72:e9dd:7d27:e872:0:ff:fe00:7000
[parse] 2025-12-19T14:23:17.405 state -> child
[parse] 2025-12-19T14:23:17.409 parent RLOC16 -> 7000
[/dev/ttyACM0] ping parent fd72:e9dd:7d27:e872:0:ff:fe00:7000
[parse] 2025-12-19T14:23:18.369 state -> child
[parse] 2025-12-19T14:23:18.375 parent RLOC16 -> 7000
[/dev/ttyACM0] ping parent fd72:e9dd:7d27:e872:0:ff:fe00:7000
[parse] 2025-12-19T14:23:19.432 state -> child
[parse] 2025-12-19T14:23:19.435 parent RLOC16 -> 7000
[/dev/ttyACM0] ping parent fd72:e9dd:7d27:e872:0:ff:fe00:7000
[parse] 2025-12-19T14:23:20.407 state -> child
[parse] 2025-12-19T14:23:20.414 parent RLOC16 -> 7000
[/dev/ttyACM0] ping parent fd72:e9dd:7d27:e872:0:ff:fe00:7000
[parse] 2025-12-19T14:23:21.374 state -> child
[parse] 2025-12-19T14:23:21.380 parent RLOC16 -> 7000
[/dev/ttyACM0] ping parent fd72:e9dd:7d27:e872:0:ff:fe00:7000
[parse] 2025-12-19T14:23:22.338 state -> child
[parse] 2025-12-19T14:23:22.344 parent RLOC16 -> 7000
[/dev/ttyACM0] ping parent fd72:e9dd:7d27:e872:0:ff:fe00:7000
[parse] 2025-12-19T14:23:23.408 state -> child
[parse] 2025-12-19T14:23:23.412 parent RLOC16 -> 7000
[/dev/ttyACM0] ping parent fd72:e9dd:7d27:e872:0:ff:fe00:7000
[parse] 2025-12-19T14:23:24.387 state -> child
[parse] 2025-12-19T14:23:24.392 parent RLOC16 -> 7000
[/dev/ttyACM0] ping parent fd72:e9dd:7d27:e872:0:ff:fe00:7000
[parse] 2025-12-19T14:23:25.352 state -> child
[parse] 2025-12-19T14:23:25.359 parent RLOC16 -> 7000
[/dev/ttyACM0] ping parent fd72:e9dd:7d27:e872:0:ff:fe00:7000
[parse] 2025-12-19T14:23:26.427 state -> child
[parse] 2025-12-19T14:23:26.430 parent RLOC16 -> 7000
[/dev/ttyACM0] ping parent fd72:e9dd:7d27:e872:0:ff:fe00:7000
[parse] 2025-12-19T14:23:27.351 state -> child
[parse] 2025-12-19T14:23:27.355 parent RLOC16 -> 7000
[/dev/ttyACM0] ping parent fd72:e9dd:7d27:e872:0:ff:fe00:7000
[parse] 2025-12-19T14:23:28.415 state -> child
[parse] 2025-12-19T14:23:28.421 parent RLOC16 -> 7000
[/dev/ttyACM0] ping parent fd72:e9dd:7d27:e872:0:ff:fe00:7000
[parse] 2025-12-19T14:23:29.422 state -> child
[parse] 2025-12-19T14:23:29.428 parent RLOC16 -> 7000
[/dev/ttyACM0] ping parent fd72:e9dd:7d27:e872:0:ff:fe00:7000
[parse] 2025-12-19T14:23:30.388 state -> child
[parse] 2025-12-19T14:23:30.394 parent RLOC16 -> 7000
[/dev/ttyACM0] ping parent fd72:e9dd:7d27:e872:0:ff:fe00:7000
[parse] 2025-12-19T14:23:31.359 state -> child
[parse] 2025-12-19T14:23:31.363 parent RLOC16 -> 7000
[/dev/ttyACM0] ping parent fd72:e9dd:7d27:e872:0:ff:fe00:7000
[parse] 2025-12-19T14:23:32.394 state -> child
[parse] 2025-12-19T14:23:32.400 parent RLOC16 -> 7000
[/dev/ttyACM0] ping parent fd72:e9dd:7d27:e872:0:ff:fe00:7000
[parse] 2025-12-19T14:23:33.371 state -> child
[parse] 2025-12-19T14:23:33.375 parent RLOC16 -> 7000
[/dev/ttyACM0] ping parent fd72:e9dd:7d27:e872:0:ff:fe00:7000
[parse] 2025-12-19T14:23:34.345 state -> child
[parse] 2025-12-19T14:23:34.351 parent RLOC16 -> 7000
[/dev/ttyACM0] ping parent fd72:e9dd:7d27:e872:0:ff:fe00:7000
[parse] 2025-12-19T14:23:35.414 state -> child
[parse] 2025-12-19T14:23:35.420 parent RLOC16 -> 7000
[/dev/ttyACM0] ping parent fd72:e9dd:7d27:e872:0:ff:fe00:7000
[parse] 2025-12-19T14:23:36.378 state -> child
[parse] 2025-12-19T14:23:36.384 parent RLOC16 -> 7000
[/dev/ttyACM0] ping parent fd72:e9dd:7d27:e872:0:ff:fe00:7000
[parse] 2025-12-19T14:23:37.343 state -> child
[parse] 2025-12-19T14:23:37.351 parent RLOC16 -> 7000
[/dev/ttyACM0] ping parent fd72:e9dd:7d27:e872:0:ff:fe00:7000
[parse] 2025-12-19T14:23:38.392 state -> child
[parse] 2025-12-19T14:23:38.399 parent RLOC16 -> 7000
[/dev/ttyACM0] ping parent fd72:e9dd:7d27:e872:0:ff:fe00:7000
[parse] 2025-12-19T14:23:39.357 state -> child
[parse] 2025-12-19T14:23:39.362 parent RLOC16 -> 7000
[/dev/ttyACM0] ping parent fd72:e9dd:7d27:e872:0:ff:fe00:7000
[/dev/ttyACM0] ping parent fd72:e9dd:7d27:e872:0:ff:fe00:7000
[parse] 2025-12-19T14:23:42.674 state -> child
[parse] 2025-12-19T14:23:42.680 parent RLOC16 -> 7000
[parse] 2025-12-19T14:23:42.838 state -> child
[parse] 2025-12-19T14:23:42.842 parent RLOC16 -> 7000
[/dev/ttyACM0] ping parent fd72:e9dd:7d27:e872:0:ff:fe00:7000
[parse] 2025-12-19T14:23:43.401 state -> child
[parse] 2025-12-19T14:23:43.408 parent RLOC16 -> 7000
[/dev/ttyACM0] ping parent fd72:e9dd:7d27:e872:0:ff:fe00:7000
[parse] 2025-12-19T14:23:44.371 state -> child
[parse] 2025-12-19T14:23:44.375 parent RLOC16 -> 7000
[/dev/ttyACM0] ping parent fd72:e9dd:7d27:e872:0:ff:fe00:7000
[parse] 2025-12-19T14:23:45.652 state -> child
[parse] 2025-12-19T14:23:45.659 parent RLOC16 -> 7000
[/dev/ttyACM0] ping parent fd72:e9dd:7d27:e872:0:ff:fe00:7000
[parse] 2025-12-19T14:23:46.416 state -> child
[parse] 2025-12-19T14:23:46.422 parent RLOC16 -> 7000
[/dev/ttyACM0] ping parent fd72:e9dd:7d27:e872:0:ff:fe00:7000
[parse] 2025-12-19T14:23:47.402 state -> child
[parse] 2025-12-19T14:23:47.410 parent RLOC16 -> 7000
[/dev/ttyACM0] ping parent fd72:e9dd:7d27:e872:0:ff:fe00:7000
[parse] 2025-12-19T14:23:48.367 state -> child
[parse] 2025-12-19T14:23:48.372 parent RLOC16 -> 7000
[/dev/ttyACM0] ping parent fd72:e9dd:7d27:e872:0:ff:fe00:7000
[parse] 2025-12-19T14:23:49.343 state -> child
[parse] 2025-12-19T14:23:49.349 parent RLOC16 -> 7000
[/dev/ttyACM0] ping parent fd72:e9dd:7d27:e872:0:ff:fe00:7000
[parse] 2025-12-19T14:23:50.428 state -> child
[parse] 2025-12-19T14:23:50.432 parent RLOC16 -> 7000
[/dev/ttyACM0] ping parent fd72:e9dd:7d27:e872:0:ff:fe00:7000
[parse] 2025-12-19T14:23:51.361 state -> child
[parse] 2025-12-19T14:23:51.364 parent RLOC16 -> 7000
[/dev/ttyACM0] ping parent fd72:e9dd:7d27:e872:0:ff:fe00:7000
[parse] 2025-12-19T14:23:52.425 state -> child
[parse] 2025-12-19T14:23:52.431 parent RLOC16 -> 7000
[/dev/ttyACM0] ping parent fd72:e9dd:7d27:e872:0:ff:fe00:7000
[parse] 2025-12-19T14:23:53.375 state -> child
[parse] 2025-12-19T14:23:53.378 parent RLOC16 -> 7000
[/dev/ttyACM0] ping parent fd72:e9dd:7d27:e872:0:ff:fe00:7000
[parse] 2025-12-19T14:23:54.344 state -> child
[parse] 2025-12-19T14:23:54.350 parent RLOC16 -> 7000
[/dev/ttyACM0] ping parent fd72:e9dd:7d27:e872:0:ff:fe00:7000
[parse] 2025-12-19T14:23:55.383 state -> child
[parse] 2025-12-19T14:23:55.388 parent RLOC16 -> 7000
[/dev/ttyACM0] ping parent fd72:e9dd:7d27:e872:0:ff:fe00:7000
[parse] 2025-12-19T14:23:56.398 state -> child
[parse] 2025-12-19T14:23:56.403 parent RLOC16 -> 7000
[/dev/ttyACM0] ping parent fd72:e9dd:7d27:e872:0:ff:fe00:7000
[parse] 2025-12-19T14:23:57.356 state -> child
[parse] 2025-12-19T14:23:57.359 parent RLOC16 -> 7000
[/dev/ttyACM0] ping parent fd72:e9dd:7d27:e872:0:ff:fe00:7000
[parse] 2025-12-19T14:23:58.420 state -> child
[parse] 2025-12-19T14:23:58.427 parent RLOC16 -> 7000
[/dev/ttyACM0] ping parent fd72:e9dd:7d27:e872:0:ff:fe00:7000
[parse] 2025-12-19T14:23:59.385 state -> child
[parse] 2025-12-19T14:23:59.392 parent RLOC16 -> 7000
[/dev/ttyACM0] ping parent fd72:e9dd:7d27:e872:0:ff:fe00:7000
[parse] 2025-12-19T14:24:00.352 state -> child
[parse] 2025-12-19T14:24:00.359 parent RLOC16 -> 7000
[/dev/ttyACM0] ping parent fd72:e9dd:7d27:e872:0:ff:fe00:7000
[parse] 2025-12-19T14:24:01.419 state -> child
[parse] 2025-12-19T14:24:01.425 parent RLOC16 -> 7000
[/dev/ttyACM0] ping parent fd72:e9dd:7d27:e872:0:ff:fe00:7000
[parse] 2025-12-19T14:24:02.398 state -> child
[parse] 2025-12-19T14:24:02.405 parent RLOC16 -> 7000
[/dev/ttyACM0] ping parent fd72:e9dd:7d27:e872:0:ff:fe00:7000
[parse] 2025-12-19T14:24:03.406 state -> child
[parse] 2025-12-19T14:24:03.412 parent RLOC16 -> 7000
[/dev/ttyACM0] ping parent fd72:e9dd:7d27:e872:0:ff:fe00:7000
[parse] 2025-12-19T14:24:04.407 state -> child
[parse] 2025-12-19T14:24:04.413 parent RLOC16 -> 7000
[/dev/ttyACM0] ping parent fd72:e9dd:7d27:e872:0:ff:fe00:7000
[parse] 2025-12-19T14:24:05.430 state -> child
[parse] 2025-12-19T14:24:05.434 parent RLOC16 -> 7000
[/dev/ttyACM0] ping parent fd72:e9dd:7d27:e872:0:ff:fe00:7000
[parse] 2025-12-19T14:24:06.663 state -> child
[parse] 2025-12-19T14:24:06.669 parent RLOC16 -> 7000
[/dev/ttyACM0] ping parent fd72:e9dd:7d27:e872:0:ff:fe00:7000
[parse] 2025-12-19T14:24:07.429 state -> child
[parse] 2025-12-19T14:24:07.434 parent RLOC16 -> 7000
[/dev/ttyACM0] ping parent fd72:e9dd:7d27:e872:0:ff:fe00:7000
[parse] 2025-12-19T14:24:08.406 state -> child
[parse] 2025-12-19T14:24:08.413 parent RLOC16 -> 7000
[/dev/ttyACM0] ping parent fd72:e9dd:7d27:e872:0:ff:fe00:7000
[parse] 2025-12-19T14:24:09.388 state -> child
[parse] 2025-12-19T14:24:09.394 parent RLOC16 -> 7000
[/dev/ttyACM0] ping parent fd72:e9dd:7d27:e872:0:ff:fe00:7000
[parse] 2025-12-19T14:24:10.354 state -> child
[parse] 2025-12-19T14:24:10.360 parent RLOC16 -> 7000
[/dev/ttyACM0] ping parent fd72:e9dd:7d27:e872:0:ff:fe00:7000
[parse] 2025-12-19T14:24:11.416 state -> child
[parse] 2025-12-19T14:24:11.420 parent RLOC16 -> 7000
[/dev/ttyACM0] ping parent fd72:e9dd:7d27:e872:0:ff:fe00:7000
[parse] 2025-12-19T14:24:12.398 state -> child
[parse] 2025-12-19T14:24:12.406 parent RLOC16 -> 7000
[/dev/ttyACM0] ping parent fd72:e9dd:7d27:e872:0:ff:fe00:7000
[parse] 2025-12-19T14:24:13.373 state -> child
[parse] 2025-12-19T14:24:13.377 parent RLOC16 -> 7000
[/dev/ttyACM0] ping parent fd72:e9dd:7d27:e872:0:ff:fe00:7000
[parse] 2025-12-19T14:24:14.366 state -> child
[parse] 2025-12-19T14:24:14.370 parent RLOC16 -> 7000
[/dev/ttyACM0] ping parent fd72:e9dd:7d27:e872:0:ff:fe00:7000
[parse] 2025-12-19T14:24:15.341 state -> child
[parse] 2025-12-19T14:24:15.346 parent RLOC16 -> 7000
[/dev/ttyACM0] ping parent fd72:e9dd:7d27:e872:0:ff:fe00:7000
[parse] 2025-12-19T14:24:16.389 state -> child
[parse] 2025-12-19T14:24:16.395 parent RLOC16 -> 7000
[/dev/ttyACM0] ping parent fd72:e9dd:7d27:e872:0:ff:fe00:7000
[parse] 2025-12-19T14:24:17.364 state -> child
[parse] 2025-12-19T14:24:17.368 parent RLOC16 -> 7000
[/dev/ttyACM0] ping parent fd72:e9dd:7d27:e872:0:ff:fe00:7000
[parse] 2025-12-19T14:24:18.434 state -> child
[parse] 2025-12-19T14:24:18.440 parent RLOC16 -> 7000
[/dev/ttyACM0] ping parent fd72:e9dd:7d27:e872:0:ff:fe00:7000
[parse] 2025-12-19T14:24:19.411 state -> child
[parse] 2025-12-19T14:24:19.418 parent RLOC16 -> 7000
[/dev/ttyACM0] ping parent fd72:e9dd:7d27:e872:0:ff:fe00:7000
[parse] 2025-12-19T14:24:20.355 state -> child
[parse] 2025-12-19T14:24:20.359 parent RLOC16 -> 7000
[/dev/ttyACM0] ping parent fd72:e9dd:7d27:e872:0:ff:fe00:7000
[parse] 2025-12-19T14:24:21.431 state -> child
[parse] 2025-12-19T14:24:21.435 parent RLOC16 -> 7000
[/dev/ttyACM0] ping parent fd72:e9dd:7d27:e872:0:ff:fe00:7000
[parse] 2025-12-19T14:24:22.397 state -> child
[parse] 2025-12-19T14:24:22.403 parent RLOC16 -> 7000
[/dev/ttyACM0] ping parent fd72:e9dd:7d27:e872:0:ff:fe00:7000
[parse] 2025-12-19T14:24:23.360 state -> child
[parse] 2025-12-19T14:24:23.363 parent RLOC16 -> 7000
[/dev/ttyACM0] ping parent fd72:e9dd:7d27:e872:0:ff:fe00:7000
[parse] 2025-12-19T14:24:24.426 state -> child
[parse] 2025-12-19T14:24:24.430 parent RLOC16 -> 7000
[/dev/ttyACM0] ping parent fd72:e9dd:7d27:e872:0:ff:fe00:7000
[parse] 2025-12-19T14:24:25.394 state -> child
[parse] 2025-12-19T14:24:25.402 parent RLOC16 -> 7000
[/dev/ttyACM0] ping parent fd72:e9dd:7d27:e872:0:ff:fe00:7000
[parse] 2025-12-19T14:24:26.358 state -> child
[parse] 2025-12-19T14:24:26.362 parent RLOC16 -> 7000
[/dev/ttyACM0] ping parent fd72:e9dd:7d27:e872:0:ff:fe00:7000
[parse] 2025-12-19T14:24:27.377 state -> child
[parse] 2025-12-19T14:24:27.381 parent RLOC16 -> 7000
[/dev/ttyACM0] ping parent fd72:e9dd:7d27:e872:0:ff:fe00:7000
[parse] 2025-12-19T14:24:28.395 state -> child
[parse] 2025-12-19T14:24:28.401 parent RLOC16 -> 7000
[/dev/ttyACM0] ping parent fd72:e9dd:7d27:e872:0:ff:fe00:7000
[parse] 2025-12-19T14:24:29.375 state -> child
[parse] 2025-12-19T14:24:29.379 parent RLOC16 -> 7000
[/dev/ttyACM0] ping parent fd72:e9dd:7d27:e872:0:ff:fe00:7000
[parse] 2025-12-19T14:24:30.344 state -> child
[parse] 2025-12-19T14:24:30.350 parent RLOC16 -> 7000
[/dev/ttyACM0] ping parent fd72:e9dd:7d27:e872:0:ff:fe00:7000
[parse] 2025-12-19T14:24:31.411 state -> child
[parse] 2025-12-19T14:24:31.418 parent RLOC16 -> 7000
[/dev/ttyACM0] ping parent fd72:e9dd:7d27:e872:0:ff:fe00:7000
[parse] 2025-12-19T14:24:32.426 state -> child
[parse] 2025-12-19T14:24:32.430 parent RLOC16 -> 7000
[/dev/ttyACM0] ping parent fd72:e9dd:7d27:e872:0:ff:fe00:7000
[parse] 2025-12-19T14:24:33.389 state -> child
[parse] 2025-12-19T14:24:33.395 parent RLOC16 -> 7000
[/dev/ttyACM0] ping parent fd72:e9dd:7d27:e872:0:ff:fe00:7000
[parse] 2025-12-19T14:24:34.364 state -> child
[parse] 2025-12-19T14:24:34.367 parent RLOC16 -> 7000
[/dev/ttyACM0] ping parent fd72:e9dd:7d27:e872:0:ff:fe00:7000
[parse] 2025-12-19T14:24:35.342 state -> child
[parse] 2025-12-19T14:24:35.350 parent RLOC16 -> 7000
[/dev/ttyACM0] ping parent fd72:e9dd:7d27:e872:0:ff:fe00:7000
[parse] 2025-12-19T14:24:36.431 state -> child
[parse] 2025-12-19T14:24:36.436 parent RLOC16 -> 7000
[/dev/ttyACM0] ping parent fd72:e9dd:7d27:e872:0:ff:fe00:7000
[parse] 2025-12-19T14:24:37.406 state -> child
[parse] 2025-12-19T14:24:37.412 parent RLOC16 -> 7000
[/dev/ttyACM0] ping parent fd72:e9dd:7d27:e872:0:ff:fe00:7000
[parse] 2025-12-19T14:24:38.408 state -> child
[parse] 2025-12-19T14:24:38.412 parent RLOC16 -> 7000
[/dev/ttyACM0] ping parent fd72:e9dd:7d27:e872:0:ff:fe00:7000
[parse] 2025-12-19T14:24:39.416 state -> child
[parse] 2025-12-19T14:24:39.421 parent RLOC16 -> 7000
[/dev/ttyACM0] ping parent fd72:e9dd:7d27:e872:0:ff:fe00:7000
[parse] 2025-12-19T14:24:40.380 state -> child
[parse] 2025-12-19T14:24:40.385 parent RLOC16 -> 7000
[/dev/ttyACM0] ping parent fd72:e9dd:7d27:e872:0:ff:fe00:7000
[parse] 2025-12-19T14:24:41.403 state -> child
[parse] 2025-12-19T14:24:41.409 parent RLOC16 -> 7000
[/dev/ttyACM0] ping parent fd72:e9dd:7d27:e872:0:ff:fe00:7000
[parse] 2025-12-19T14:24:42.366 state -> child
[parse] 2025-12-19T14:24:42.370 parent RLOC16 -> 7000
[/dev/ttyACM0] ping parent fd72:e9dd:7d27:e872:0:ff:fe00:7000
[parse] 2025-12-19T14:24:43.434 state -> child
[parse] 2025-12-19T14:24:43.438 parent RLOC16 -> 7000
[/dev/ttyACM0] ping parent fd72:e9dd:7d27:e872:0:ff:fe00:7000
[parse] 2025-12-19T14:24:44.421 state -> child
[parse] 2025-12-19T14:24:44.427 parent RLOC16 -> 7000
[/dev/ttyACM0] ping parent fd72:e9dd:7d27:e872:0:ff:fe00:7000
[parse] 2025-12-19T14:24:45.370 state -> child
[parse] 2025-12-19T14:24:45.376 parent RLOC16 -> 7000
[/dev/ttyACM0] ping parent fd72:e9dd:7d27:e872:0:ff:fe00:7000
[parse] 2025-12-19T14:24:46.436 state -> child
[parse] 2025-12-19T14:24:46.441 parent RLOC16 -> 7000
[/dev/ttyACM0] ping parent fd72:e9dd:7d27:e872:0:ff:fe00:7000
[parse] 2025-12-19T14:24:47.406 state -> child
[parse] 2025-12-19T14:24:47.411 parent RLOC16 -> 7000
[/dev/ttyACM0] ping parent fd72:e9dd:7d27:e872:0:ff:fe00:7000
[parse] 2025-12-19T14:24:48.368 state -> child
[parse] 2025-12-19T14:24:48.372 parent RLOC16 -> 7000
[/dev/ttyACM0] ping parent fd72:e9dd:7d27:e872:0:ff:fe00:7000
[parse] 2025-12-19T14:24:49.434 state -> child
[parse] 2025-12-19T14:24:49.439 parent RLOC16 -> 7000
[/dev/ttyACM0] ping parent fd72:e9dd:7d27:e872:0:ff:fe00:7000
[parse] 2025-12-19T14:24:50.404 state -> child
[parse] 2025-12-19T14:24:50.411 parent RLOC16 -> 7000
[/dev/ttyACM0] ping parent fd72:e9dd:7d27:e872:0:ff:fe00:7000
[parse] 2025-12-19T14:24:51.367 state -> child
[parse] 2025-12-19T14:24:51.372 parent RLOC16 -> 7000
[/dev/ttyACM0] ping parent fd72:e9dd:7d27:e872:0:ff:fe00:7000
[parse] 2025-12-19T14:24:52.435 state -> child
[parse] 2025-12-19T14:24:52.440 parent RLOC16 -> 7000
[/dev/ttyACM0] ping parent fd72:e9dd:7d27:e872:0:ff:fe00:7000
[parse] 2025-12-19T14:24:53.404 state -> child
[parse] 2025-12-19T14:24:53.411 parent RLOC16 -> 7000
[/dev/ttyACM0] ping parent fd72:e9dd:7d27:e872:0:ff:fe00:7000
[parse] 2025-12-19T14:24:54.369 state -> child
[parse] 2025-12-19T14:24:54.372 parent RLOC16 -> 7000
[/dev/ttyACM0] ping parent fd72:e9dd:7d27:e872:0:ff:fe00:7000
[parse] 2025-12-19T14:24:55.435 state -> child
[parse] 2025-12-19T14:24:55.440 parent RLOC16 -> 7000
[/dev/ttyACM0] ping parent fd72:e9dd:7d27:e872:0:ff:fe00:7000
[parse] 2025-12-19T14:24:56.405 state -> child
[parse] 2025-12-19T14:24:56.411 parent RLOC16 -> 7000
[/dev/ttyACM0] ping parent fd72:e9dd:7d27:e872:0:ff:fe00:7000
[parse] 2025-12-19T14:24:57.368 state -> child
[parse] 2025-12-19T14:24:57.372 parent RLOC16 -> 7000
[/dev/ttyACM0] ping parent fd72:e9dd:7d27:e872:0:ff:fe00:7000
[parse] 2025-12-19T14:24:58.345 state -> child
[parse] 2025-12-19T14:24:58.352 parent RLOC16 -> 7000
[/dev/ttyACM0] ping parent fd72:e9dd:7d27:e872:0:ff:fe00:7000
[parse] 2025-12-19T14:24:59.413 state -> child
[parse] 2025-12-19T14:24:59.419 parent RLOC16 -> 7000
[/dev/ttyACM0] ping parent fd72:e9dd:7d27:e872:0:ff:fe00:7000
[parse] 2025-12-19T14:25:00.377 state -> child
[parse] 2025-12-19T14:25:00.383 parent RLOC16 -> 7000
[/dev/ttyACM0] ping parent fd72:e9dd:7d27:e872:0:ff:fe00:7000
[parse] 2025-12-19T14:25:01.361 state -> child
[parse] 2025-12-19T14:25:01.365 parent RLOC16 -> 7000
[/dev/ttyACM0] ping parent fd72:e9dd:7d27:e872:0:ff:fe00:7000
[parse] 2025-12-19T14:25:03.380 state -> child
[parse] 2025-12-19T14:25:03.384 parent RLOC16 -> 7000
[/dev/ttyACM0] ping parent fd72:e9dd:7d27:e872:0:ff:fe00:7000
[parse] 2025-12-19T14:25:04.440 state -> child
[parse] 2025-12-19T14:25:04.447 parent RLOC16 -> 7000
[/dev/ttyACM0] ping parent fd72:e9dd:7d27:e872:0:ff:fe00:7000
[parse] 2025-12-19T14:25:05.435 state -> child
[parse] 2025-12-19T14:25:05.438 parent RLOC16 -> 7000
[/dev/ttyACM0] ping parent fd72:e9dd:7d27:e872:0:ff:fe00:7000
[parse] 2025-12-19T14:25:06.399 state -> child
[parse] 2025-12-19T14:25:06.406 parent RLOC16 -> 7000
[/dev/ttyACM0] ping parent fd72:e9dd:7d27:e872:0:ff:fe00:7000
[parse] 2025-12-19T14:25:07.377 state -> child
[parse] 2025-12-19T14:25:07.382 parent RLOC16 -> 7000
[/dev/ttyACM0] ping parent fd72:e9dd:7d27:e872:0:ff:fe00:7000
[parse] 2025-12-19T14:25:08.349 state -> child
[parse] 2025-12-19T14:25:08.355 parent RLOC16 -> 7000
[/dev/ttyACM0] ping parent fd72:e9dd:7d27:e872:0:ff:fe00:7000
[parse] 2025-12-19T14:25:09.415 state -> child
[parse] 2025-12-19T14:25:09.422 parent RLOC16 -> 7000
[/dev/ttyACM0] ping parent fd72:e9dd:7d27:e872:0:ff:fe00:7000
[parse] 2025-12-19T14:25:10.382 state -> child
[parse] 2025-12-19T14:25:10.387 parent RLOC16 -> 7000
[/dev/ttyACM0] ping parent fd72:e9dd:7d27:e872:0:ff:fe00:7000
[parse] 2025-12-19T14:25:11.346 state -> child
[parse] 2025-12-19T14:25:11.351 parent RLOC16 -> 7000
[/dev/ttyACM0] ping parent fd72:e9dd:7d27:e872:0:ff:fe00:7000
[parse] 2025-12-19T14:25:12.429 state -> child
[parse] 2025-12-19T14:25:12.434 parent RLOC16 -> 7000
[/dev/ttyACM0] ping parent fd72:e9dd:7d27:e872:0:ff:fe00:7000
[parse] 2025-12-19T14:25:13.395 state -> child
[parse] 2025-12-19T14:25:13.401 parent RLOC16 -> 7000
[/dev/ttyACM0] ping parent fd72:e9dd:7d27:e872:0:ff:fe00:7000
[parse] 2025-12-19T14:25:14.359 state -> child
[parse] 2025-12-19T14:25:14.363 parent RLOC16 -> 7000
[/dev/ttyACM0] ping parent fd72:e9dd:7d27:e872:0:ff:fe00:7000
[parse] 2025-12-19T14:25:15.436 state -> child
[parse] 2025-12-19T14:25:15.441 parent RLOC16 -> 7000
[/dev/ttyACM0] ping parent fd72:e9dd:7d27:e872:0:ff:fe00:7000
[parse] 2025-12-19T14:25:16.419 state -> child
[parse] 2025-12-19T14:25:16.424 parent RLOC16 -> 7000
[/dev/ttyACM0] ping parent fd72:e9dd:7d27:e872:0:ff:fe00:7000
[parse] 2025-12-19T14:25:17.397 state -> child
[parse] 2025-12-19T14:25:17.403 parent RLOC16 -> 7000
[/dev/ttyACM0] ping parent fd72:e9dd:7d27:e872:0:ff:fe00:7000
[parse] 2025-12-19T14:25:18.405 state -> child
[parse] 2025-12-19T14:25:18.411 parent RLOC16 -> 7000
[/dev/ttyACM0] ping parent fd72:e9dd:7d27:e872:0:ff:fe00:7000
[parse] 2025-12-19T14:25:19.368 state -> child
[parse] 2025-12-19T14:25:19.372 parent RLOC16 -> 7000
[/dev/ttyACM0] ping parent fd72:e9dd:7d27:e872:0:ff:fe00:7000
[parse] 2025-12-19T14:25:20.432 state -> child
[parse] 2025-12-19T14:25:20.438 parent RLOC16 -> 7000
[/dev/ttyACM0] ping parent fd72:e9dd:7d27:e872:0:ff:fe00:7000
[parse] 2025-12-19T14:25:21.397 state -> child
[parse] 2025-12-19T14:25:21.402 parent RLOC16 -> 7000
[/dev/ttyACM0] ping parent fd72:e9dd:7d27:e872:0:ff:fe00:7000
[parse] 2025-12-19T14:25:22.402 state -> child
[parse] 2025-12-19T14:25:22.406 parent RLOC16 -> 7000
[/dev/ttyACM0] ping parent fd72:e9dd:7d27:e872:0:ff:fe00:7000
[parse] 2025-12-19T14:25:23.414 state -> child
[parse] 2025-12-19T14:25:23.422 parent RLOC16 -> 7000
[/dev/ttyACM0] ping parent fd72:e9dd:7d27:e872:0:ff:fe00:7000
[parse] 2025-12-19T14:25:24.383 state -> child
[parse] 2025-12-19T14:25:24.389 parent RLOC16 -> 7000
[/dev/ttyACM0] ping parent fd72:e9dd:7d27:e872:0:ff:fe00:7000
[parse] 2025-12-19T14:25:25.354 state -> child
[parse] 2025-12-19T14:25:25.362 parent RLOC16 -> 7000
[/dev/ttyACM0] ping parent fd72:e9dd:7d27:e872:0:ff:fe00:7000
[parse] 2025-12-19T14:25:26.354 state -> child
[parse] 2025-12-19T14:25:26.360 parent RLOC16 -> 7000
[/dev/ttyACM0] ping parent fd72:e9dd:7d27:e872:0:ff:fe00:7000
[parse] 2025-12-19T14:25:27.426 state -> child
[parse] 2025-12-19T14:25:27.432 parent RLOC16 -> 7000
[/dev/ttyACM0] ping parent fd72:e9dd:7d27:e872:0:ff:fe00:7000
[parse] 2025-12-19T14:25:28.351 state -> child
[parse] 2025-12-19T14:25:28.357 parent RLOC16 -> 7000
[/dev/ttyACM0] ping parent fd72:e9dd:7d27:e872:0:ff:fe00:7000
[parse] 2025-12-19T14:25:29.417 state -> child
[parse] 2025-12-19T14:25:29.422 parent RLOC16 -> 7000
[/dev/ttyACM0] ping parent fd72:e9dd:7d27:e872:0:ff:fe00:7000
[parse] 2025-12-19T14:25:30.377 state -> child
[parse] 2025-12-19T14:25:30.380 parent RLOC16 -> 7000
[/dev/ttyACM0] ping parent fd72:e9dd:7d27:e872:0:ff:fe00:7000
[parse] 2025-12-19T14:25:31.347 state -> child
[parse] 2025-12-19T14:25:31.354 parent RLOC16 -> 7000
[/dev/ttyACM0] ping parent fd72:e9dd:7d27:e872:0:ff:fe00:7000
[parse] 2025-12-19T14:25:32.412 state -> child
[parse] 2025-12-19T14:25:32.416 parent RLOC16 -> 7000
[/dev/ttyACM0] ping parent fd72:e9dd:7d27:e872:0:ff:fe00:7000
[parse] 2025-12-19T14:25:33.336 state -> child
[parse] 2025-12-19T14:25:33.340 parent RLOC16 -> 7000
[/dev/ttyACM0] ping parent fd72:e9dd:7d27:e872:0:ff:fe00:7000
[parse] 2025-12-19T14:25:34.418 state -> child
[parse] 2025-12-19T14:25:34.424 parent RLOC16 -> 7000
[/dev/ttyACM0] ping parent fd72:e9dd:7d27:e872:0:ff:fe00:7000
[parse] 2025-12-19T14:25:35.406 state -> child
[parse] 2025-12-19T14:25:35.411 parent RLOC16 -> 7000
[/dev/ttyACM0] ping parent fd72:e9dd:7d27:e872:0:ff:fe00:7000
[parse] 2025-12-19T14:25:36.371 state -> child
[parse] 2025-12-19T14:25:36.377 parent RLOC16 -> 7000
[/dev/ttyACM0] ping parent fd72:e9dd:7d27:e872:0:ff:fe00:7000
[parse] 2025-12-19T14:25:37.360 state -> child
[parse] 2025-12-19T14:25:37.364 parent RLOC16 -> 7000
[/dev/ttyACM0] ping parent fd72:e9dd:7d27:e872:0:ff:fe00:7000
[parse] 2025-12-19T14:25:38.436 state -> child
[parse] 2025-12-19T14:25:38.442 parent RLOC16 -> 7000
[/dev/ttyACM0] ping parent fd72:e9dd:7d27:e872:0:ff:fe00:7000
[parse] 2025-12-19T14:25:39.419 state -> child
[parse] 2025-12-19T14:25:39.426 parent RLOC16 -> 7000
[/dev/ttyACM0] ping parent fd72:e9dd:7d27:e872:0:ff:fe00:7000
[parse] 2025-12-19T14:25:40.397 state -> child
[parse] 2025-12-19T14:25:40.403 parent RLOC16 -> 7000
[/dev/ttyACM0] ping parent fd72:e9dd:7d27:e872:0:ff:fe00:7000
[parse] 2025-12-19T14:25:41.375 state -> child
[parse] 2025-12-19T14:25:41.379 parent RLOC16 -> 7000
[/dev/ttyACM0] ping parent fd72:e9dd:7d27:e872:0:ff:fe00:7000
[parse] 2025-12-19T14:25:42.339 state -> child
[parse] 2025-12-19T14:25:42.343 parent RLOC16 -> 7000
[/dev/ttyACM0] ping parent fd72:e9dd:7d27:e872:0:ff:fe00:7000
[parse] 2025-12-19T14:25:43.405 state -> child
[parse] 2025-12-19T14:25:43.413 parent RLOC16 -> 7000
[/dev/ttyACM0] ping parent fd72:e9dd:7d27:e872:0:ff:fe00:7000
[parse] 2025-12-19T14:25:44.375 state -> child
[parse] 2025-12-19T14:25:44.380 parent RLOC16 -> 7000
[/dev/ttyACM0] ping parent fd72:e9dd:7d27:e872:0:ff:fe00:7000
[parse] 2025-12-19T14:25:45.388 state -> child
[parse] 2025-12-19T14:25:45.395 parent RLOC16 -> 7000
[/dev/ttyACM0] ping parent fd72:e9dd:7d27:e872:0:ff:fe00:7000
[parse] 2025-12-19T14:25:46.364 state -> child
[parse] 2025-12-19T14:25:46.368 parent RLOC16 -> 7000
[/dev/ttyACM0] ping parent fd72:e9dd:7d27:e872:0:ff:fe00:7000
[parse] 2025-12-19T14:25:47.348 state -> child
[parse] 2025-12-19T14:25:47.355 parent RLOC16 -> 7000
[/dev/ttyACM0] ping parent fd72:e9dd:7d27:e872:0:ff:fe00:7000
[parse] 2025-12-19T14:25:48.439 state -> child
[parse] 2025-12-19T14:25:48.442 parent RLOC16 -> 7000
[/dev/ttyACM0] ping parent fd72:e9dd:7d27:e872:0:ff:fe00:7000
[parse] 2025-12-19T14:25:49.405 state -> child
[parse] 2025-12-19T14:25:49.412 parent RLOC16 -> 7000
[/dev/ttyACM0] ping parent fd72:e9dd:7d27:e872:0:ff:fe00:7000
[parse] 2025-12-19T14:25:50.373 state -> child
[/dev/ttyACM0] ping parent fd72:e9dd:7d27:e872:0:ff:fe00:7000
[parse] 2025-12-19T14:25:52.388 parent RLOC16 -> 7000
[parse] 2025-12-19T14:25:52.448 state -> child
[parse] 2025-12-19T14:25:52.452 parent RLOC16 -> 7000
[/dev/ttyACM0] ping parent fd72:e9dd:7d27:e872:0:ff:fe00:7000
[/dev/ttyACM0] ping parent fd72:e9dd:7d27:e872:0:ff:fe00:7000
[parse] 2025-12-19T14:25:55.842 state -> child
[parse] 2025-12-19T14:25:55.849 parent RLOC16 -> 7000
[parse] 2025-12-19T14:25:55.923 state -> child
[parse] 2025-12-19T14:25:55.926 parent RLOC16 -> 7000
[/dev/ttyACM0] ping parent fd72:e9dd:7d27:e872:0:ff:fe00:7000
[parse] 2025-12-19T14:25:56.342 state -> child
[parse] 2025-12-19T14:25:56.345 parent RLOC16 -> 7000
[/dev/ttyACM0] ping parent fd72:e9dd:7d27:e872:0:ff:fe00:7000
[parse] 2025-12-19T14:25:57.356 state -> child
[parse] 2025-12-19T14:25:57.360 parent RLOC16 -> 7000
[/dev/ttyACM0] ping parent fd72:e9dd:7d27:e872:0:ff:fe00:7000
[parse] 2025-12-19T14:25:58.414 state -> child
[parse] 2025-12-19T14:25:58.420 parent RLOC16 -> 7000
[/dev/ttyACM0] ping parent fd72:e9dd:7d27:e872:0:ff:fe00:7000
[parse] 2025-12-19T14:25:59.379 state -> child
[parse] 2025-12-19T14:25:59.385 parent RLOC16 -> 7000
[/dev/ttyACM0] ping parent fd72:e9dd:7d27:e872:0:ff:fe00:7000
[parse] 2025-12-19T14:26:00.359 state -> child
[parse] 2025-12-19T14:26:00.362 parent RLOC16 -> 7000
[/dev/ttyACM0] ping parent fd72:e9dd:7d27:e872:0:ff:fe00:7000
[parse] 2025-12-19T14:26:01.425 state -> child
[parse] 2025-12-19T14:26:01.431 parent RLOC16 -> 7000
[/dev/ttyACM0] ping parent fd72:e9dd:7d27:e872:0:ff:fe00:7000
[parse] 2025-12-19T14:26:02.392 state -> child
[parse] 2025-12-19T14:26:02.397 parent RLOC16 -> 7000
[/dev/ttyACM0] ping parent fd72:e9dd:7d27:e872:0:ff:fe00:7000
[parse] 2025-12-19T14:26:03.364 state -> child
[parse] 2025-12-19T14:26:03.369 parent RLOC16 -> 7000
[/dev/ttyACM0] ping parent fd72:e9dd:7d27:e872:0:ff:fe00:7000
[parse] 2025-12-19T14:26:04.429 state -> child
[parse] 2025-12-19T14:26:04.434 parent RLOC16 -> 7000
[/dev/ttyACM0] ping parent fd72:e9dd:7d27:e872:0:ff:fe00:7000
[parse] 2025-12-19T14:26:05.395 state -> child
[parse] 2025-12-19T14:26:05.402 parent RLOC16 -> 7000
[/dev/ttyACM0] ping parent fd72:e9dd:7d27:e872:0:ff:fe00:7000
[parse] 2025-12-19T14:26:06.375 state -> child
[parse] 2025-12-19T14:26:06.379 parent RLOC16 -> 7000
[/dev/ttyACM0] ping parent fd72:e9dd:7d27:e872:0:ff:fe00:7000
[parse] 2025-12-19T14:26:07.339 state -> child
[parse] 2025-12-19T14:26:07.344 parent RLOC16 -> 7000
[/dev/ttyACM0] ping parent fd72:e9dd:7d27:e872:0:ff:fe00:7000
[parse] 2025-12-19T14:26:08.417 state -> child
[parse] 2025-12-19T14:26:08.423 parent RLOC16 -> 7000
[/dev/ttyACM0] ping parent fd72:e9dd:7d27:e872:0:ff:fe00:7000
[parse] 2025-12-19T14:26:09.390 state -> child
[parse] 2025-12-19T14:26:09.396 parent RLOC16 -> 7000
[/dev/ttyACM0] ping parent fd72:e9dd:7d27:e872:0:ff:fe00:7000
[parse] 2025-12-19T14:26:10.363 state -> child
[parse] 2025-12-19T14:26:10.366 parent RLOC16 -> 7000
[/dev/ttyACM0] ping parent fd72:e9dd:7d27:e872:0:ff:fe00:7000
[parse] 2025-12-19T14:26:11.466 state -> child
[parse] 2025-12-19T14:26:11.473 parent RLOC16 -> 7000
[/dev/ttyACM0] ping parent fd72:e9dd:7d27:e872:0:ff:fe00:7000
[parse] 2025-12-19T14:26:12.434 state -> child
[parse] 2025-12-19T14:26:12.440 parent RLOC16 -> 7000
[/dev/ttyACM0] ping parent fd72:e9dd:7d27:e872:0:ff:fe00:7000
[parse] 2025-12-19T14:26:13.371 state -> child
[parse] 2025-12-19T14:26:13.375 parent RLOC16 -> 7000
[/dev/ttyACM0] ping parent fd72:e9dd:7d27:e872:0:ff:fe00:7000
[parse] 2025-12-19T14:26:14.361 state -> child
[parse] 2025-12-19T14:26:14.366 parent RLOC16 -> e000
[/dev/ttyACM0] ping parent fd72:e9dd:7d27:e872:0:ff:fe00:e000
[parse] 2025-12-19T14:26:15.428 state -> child
[parse] 2025-12-19T14:26:15.432 parent RLOC16 -> e000
[/dev/ttyACM0] ping parent fd72:e9dd:7d27:e872:0:ff:fe00:e000
[parse] 2025-12-19T14:26:16.337 state -> child
[parse] 2025-12-19T14:26:16.342 parent RLOC16 -> e000
[/dev/ttyACM0] ping parent fd72:e9dd:7d27:e872:0:ff:fe00:e000
[parse] 2025-12-19T14:26:17.431 state -> child
[parse] 2025-12-19T14:26:17.436 parent RLOC16 -> e000
[/dev/ttyACM0] ping parent fd72:e9dd:7d27:e872:0:ff:fe00:e000
[parse] 2025-12-19T14:26:18.396 state -> child
[parse] 2025-12-19T14:26:18.403 parent RLOC16 -> e000
[/dev/ttyACM0] ping parent fd72:e9dd:7d27:e872:0:ff:fe00:e000
[parse] 2025-12-19T14:26:19.363 state -> child
[parse] 2025-12-19T14:26:19.366 parent RLOC16 -> e000
[/dev/ttyACM0] ping parent fd72:e9dd:7d27:e872:0:ff:fe00:e000
[parse] 2025-12-19T14:26:20.428 state -> child
[parse] 2025-12-19T14:26:20.432 parent RLOC16 -> e000
[/dev/ttyACM0] ping parent fd72:e9dd:7d27:e872:0:ff:fe00:e000
[parse] 2025-12-19T14:26:21.394 state -> child
[parse] 2025-12-19T14:26:21.401 parent RLOC16 -> e000
[/dev/ttyACM0] ping parent fd72:e9dd:7d27:e872:0:ff:fe00:e000
[parse] 2025-12-19T14:26:22.365 state -> child
[parse] 2025-12-19T14:26:22.371 parent RLOC16 -> e000
[/dev/ttyACM0] ping parent fd72:e9dd:7d27:e872:0:ff:fe00:e000
[parse] 2025-12-19T14:26:23.351 state -> child
[parse] 2025-12-19T14:26:23.355 parent RLOC16 -> e000
[/dev/ttyACM0] ping parent fd72:e9dd:7d27:e872:0:ff:fe00:e000
[parse] 2025-12-19T14:26:24.388 state -> child
[parse] 2025-12-19T14:26:24.392 parent RLOC16 -> e000
[/dev/ttyACM0] ping parent fd72:e9dd:7d27:e872:0:ff:fe00:e000
[parse] 2025-12-19T14:26:25.377 state -> child
[parse] 2025-12-19T14:26:25.384 parent RLOC16 -> e000
[/dev/ttyACM0] ping parent fd72:e9dd:7d27:e872:0:ff:fe00:e000
[parse] 2025-12-19T14:26:26.343 state -> child
[parse] 2025-12-19T14:26:26.349 parent RLOC16 -> e000
[/dev/ttyACM0] ping parent fd72:e9dd:7d27:e872:0:ff:fe00:e000
[/dev/ttyACM0] ping parent fd72:e9dd:7d27:e872:0:ff:fe00:e000
[parse] 2025-12-19T14:26:28.770 state -> child
[parse] 2025-12-19T14:26:28.776 parent RLOC16 -> e000
[parse] 2025-12-19T14:26:28.979 state -> child
[parse] 2025-12-19T14:26:28.983 parent RLOC16 -> e000
[/dev/ttyACM0] ping parent fd72:e9dd:7d27:e872:0:ff:fe00:e000
[parse] 2025-12-19T14:26:29.338 state -> child
[parse] 2025-12-19T14:26:29.343 parent RLOC16 -> e000
[/dev/ttyACM0] ping parent fd72:e9dd:7d27:e872:0:ff:fe00:e000
[parse] 2025-12-19T14:26:30.343 state -> child
[parse] 2025-12-19T14:26:30.347 parent RLOC16 -> e000
[/dev/ttyACM0] ping parent fd72:e9dd:7d27:e872:0:ff:fe00:e000
[parse] 2025-12-19T14:26:31.380 state -> child
[parse] 2025-12-19T14:26:31.386 parent RLOC16 -> e000
[/dev/ttyACM0] ping parent fd72:e9dd:7d27:e872:0:ff:fe00:e000
[parse] 2025-12-19T14:26:32.393 state -> child
[parse] 2025-12-19T14:26:32.399 parent RLOC16 -> e000
[/dev/ttyACM0] ping parent fd72:e9dd:7d27:e872:0:ff:fe00:e000
[parse] 2025-12-19T14:26:33.355 state -> child
[parse] 2025-12-19T14:26:33.359 parent RLOC16 -> e000
[/dev/ttyACM0] ping parent fd72:e9dd:7d27:e872:0:ff:fe00:e000
[parse] 2025-12-19T14:26:34.428 state -> child
[parse] 2025-12-19T14:26:34.433 parent RLOC16 -> e000
[/dev/ttyACM0] ping parent fd72:e9dd:7d27:e872:0:ff:fe00:e000
[parse] 2025-12-19T14:26:35.407 state -> child
[parse] 2025-12-19T14:26:35.413 parent RLOC16 -> e000
[/dev/ttyACM0] ping parent fd72:e9dd:7d27:e872:0:ff:fe00:e000
[parse] 2025-12-19T14:26:36.336 state -> child
[parse] 2025-12-19T14:26:36.339 parent RLOC16 -> e000
[/dev/ttyACM0] ping parent fd72:e9dd:7d27:e872:0:ff:fe00:e000
[parse] 2025-12-19T14:26:37.354 state -> child
[parse] 2025-12-19T14:26:37.360 parent RLOC16 -> e000
[/dev/ttyACM0] ping parent fd72:e9dd:7d27:e872:0:ff:fe00:e000
[parse] 2025-12-19T14:26:38.397 state -> child
[parse] 2025-12-19T14:26:38.403 parent RLOC16 -> e000
[/dev/ttyACM0] ping parent fd72:e9dd:7d27:e872:0:ff:fe00:e000
[parse] 2025-12-19T14:26:39.381 state -> child
[parse] 2025-12-19T14:26:39.387 parent RLOC16 -> e000
[/dev/ttyACM0] ping parent fd72:e9dd:7d27:e872:0:ff:fe00:e000
[parse] 2025-12-19T14:26:40.356 state -> child
[parse] 2025-12-19T14:26:40.362 parent RLOC16 -> e000
[/dev/ttyACM0] ping parent fd72:e9dd:7d27:e872:0:ff:fe00:e000
[parse] 2025-12-19T14:26:41.422 state -> child
[parse] 2025-12-19T14:26:41.428 parent RLOC16 -> e000
[/dev/ttyACM0] ping parent fd72:e9dd:7d27:e872:0:ff:fe00:e000
[parse] 2025-12-19T14:26:42.479 state -> child
[parse] 2025-12-19T14:26:42.486 parent RLOC16 -> e000
[/dev/ttyACM0] ping parent fd72:e9dd:7d27:e872:0:ff:fe00:e000
[parse] 2025-12-19T14:26:43.347 state -> child
[parse] 2025-12-19T14:26:43.354 parent RLOC16 -> e000
[/dev/ttyACM0] ping parent fd72:e9dd:7d27:e872:0:ff:fe00:e000
[parse] 2025-12-19T14:26:44.429 state -> child
[parse] 2025-12-19T14:26:44.434 parent RLOC16 -> e000
[/dev/ttyACM0] ping parent fd72:e9dd:7d27:e872:0:ff:fe00:e000
[parse] 2025-12-19T14:26:45.367 state -> child
[parse] 2025-12-19T14:26:45.370 parent RLOC16 -> e000
[/dev/ttyACM0] ping parent fd72:e9dd:7d27:e872:0:ff:fe00:e000
[parse] 2025-12-19T14:26:46.351 state -> child
[parse] 2025-12-19T14:26:46.356 parent RLOC16 -> e000
[/dev/ttyACM0] ping parent fd72:e9dd:7d27:e872:0:ff:fe00:e000
[parse] 2025-12-19T14:26:47.392 state -> child
[parse] 2025-12-19T14:26:47.397 parent RLOC16 -> e000
[/dev/ttyACM0] ping parent fd72:e9dd:7d27:e872:0:ff:fe00:e000
[parse] 2025-12-19T14:26:48.406 state -> child
[parse] 2025-12-19T14:26:48.412 parent RLOC16 -> e000
[/dev/ttyACM0] ping parent fd72:e9dd:7d27:e872:0:ff:fe00:e000
[parse] 2025-12-19T14:26:49.372 state -> child
[parse] 2025-12-19T14:26:49.377 parent RLOC16 -> e000
[/dev/ttyACM0] ping parent fd72:e9dd:7d27:e872:0:ff:fe00:e000
[parse] 2025-12-19T14:26:50.366 state -> child
[parse] 2025-12-19T14:26:50.369 parent RLOC16 -> e000
[/dev/ttyACM0] ping parent fd72:e9dd:7d27:e872:0:ff:fe00:e000
[parse] 2025-12-19T14:26:51.434 state -> child
[parse] 2025-12-19T14:26:51.441 parent RLOC16 -> e000
[/dev/ttyACM0] ping parent fd72:e9dd:7d27:e872:0:ff:fe00:e000
[parse] 2025-12-19T14:26:52.410 state -> child
[parse] 2025-12-19T14:26:52.416 parent RLOC16 -> e000
[/dev/ttyACM0] ping parent fd72:e9dd:7d27:e872:0:ff:fe00:e000
[parse] 2025-12-19T14:26:53.361 state -> child
[parse] 2025-12-19T14:26:53.364 parent RLOC16 -> e000
[/dev/ttyACM0] ping parent fd72:e9dd:7d27:e872:0:ff:fe00:e000
[parse] 2025-12-19T14:26:54.449 state -> child
[parse] 2025-12-19T14:26:54.466 parent RLOC16 -> e000
[/dev/ttyACM0] ping parent fd72:e9dd:7d27:e872:0:ff:fe00:e000
[parse] 2025-12-19T14:26:55.337 state -> child
[parse] 2025-12-19T14:26:55.341 parent RLOC16 -> e000
[/dev/ttyACM0] ping parent fd72:e9dd:7d27:e872:0:ff:fe00:e000
[parse] 2025-12-19T14:26:56.354 state -> child
[parse] 2025-12-19T14:26:56.359 parent RLOC16 -> e000
[/dev/ttyACM0] ping parent fd72:e9dd:7d27:e872:0:ff:fe00:e000
[parse] 2025-12-19T14:26:57.396 state -> child
[parse] 2025-12-19T14:26:57.402 parent RLOC16 -> e000
[/dev/ttyACM0] ping parent fd72:e9dd:7d27:e872:0:ff:fe00:e000
[parse] 2025-12-19T14:26:58.384 state -> child
[parse] 2025-12-19T14:26:58.388 parent RLOC16 -> e000
[/dev/ttyACM0] ping parent fd72:e9dd:7d27:e872:0:ff:fe00:e000
[parse] 2025-12-19T14:26:59.375 state -> child
[parse] 2025-12-19T14:26:59.381 parent RLOC16 -> e000
[/dev/ttyACM0] ping parent fd72:e9dd:7d27:e872:0:ff:fe00:e000
[parse] 2025-12-19T14:27:00.382 state -> child
[parse] 2025-12-19T14:27:00.386 parent RLOC16 -> e000
[/dev/ttyACM0] ping parent fd72:e9dd:7d27:e872:0:ff:fe00:e000
[parse] 2025-12-19T14:27:01.405 state -> child
[parse] 2025-12-19T14:27:01.412 parent RLOC16 -> e000
[/dev/ttyACM0] ping parent fd72:e9dd:7d27:e872:0:ff:fe00:e000
[parse] 2025-12-19T14:27:02.372 state -> child
[parse] 2025-12-19T14:27:02.377 parent RLOC16 -> e000
[/dev/ttyACM0] ping parent fd72:e9dd:7d27:e872:0:ff:fe00:e000
[parse] 2025-12-19T14:27:03.437 state -> child
[parse] 2025-12-19T14:27:03.443 parent RLOC16 -> e000
[/dev/ttyACM0] ping parent fd72:e9dd:7d27:e872:0:ff:fe00:e000
[parse] 2025-12-19T14:27:04.403 state -> child
[parse] 2025-12-19T14:27:04.408 parent RLOC16 -> e000
[/dev/ttyACM0] ping parent fd72:e9dd:7d27:e872:0:ff:fe00:e000
[parse] 2025-12-19T14:27:05.365 state -> child
[parse] 2025-12-19T14:27:05.369 parent RLOC16 -> e000
[/dev/ttyACM0] ping parent fd72:e9dd:7d27:e872:0:ff:fe00:e000
[parse] 2025-12-19T14:27:06.381 state -> child
[parse] 2025-12-19T14:27:06.384 parent RLOC16 -> e000
[/dev/ttyACM0] ping parent fd72:e9dd:7d27:e872:0:ff:fe00:e000
[parse] 2025-12-19T14:27:07.340 state -> child
[parse] 2025-12-19T14:27:07.346 parent RLOC16 -> 7000
[/dev/ttyACM0] ping parent fd72:e9dd:7d27:e872:0:ff:fe00:7000
[parse] 2025-12-19T14:27:08.416 state -> child
[parse] 2025-12-19T14:27:08.419 parent RLOC16 -> 7000
[/dev/ttyACM0] ping parent fd72:e9dd:7d27:e872:0:ff:fe00:7000
[parse] 2025-12-19T14:27:09.390 state -> child
[parse] 2025-12-19T14:27:09.396 parent RLOC16 -> e000
[/dev/ttyACM0] ping parent fd72:e9dd:7d27:e872:0:ff:fe00:e000
[parse] 2025-12-19T14:27:10.363 state -> child
[parse] 2025-12-19T14:27:10.370 parent RLOC16 -> e000
[/dev/ttyACM0] ping parent fd72:e9dd:7d27:e872:0:ff:fe00:e000
[parse] 2025-12-19T14:27:11.436 state -> child
[parse] 2025-12-19T14:27:11.441 parent RLOC16 -> e000
[/dev/ttyACM0] ping parent fd72:e9dd:7d27:e872:0:ff:fe00:e000
[parse] 2025-12-19T14:27:12.421 state -> child
[parse] 2025-12-19T14:27:12.426 parent RLOC16 -> e000
[/dev/ttyACM0] ping parent fd72:e9dd:7d27:e872:0:ff:fe00:e000
[/dev/ttyACM0] ping parent fd72:e9dd:7d27:e872:0:ff:fe00:e000
[parse] 2025-12-19T14:27:14.639 state -> child
[parse] 2025-12-19T14:27:14.646 parent RLOC16 -> e000
[parse] 2025-12-19T14:27:14.766 state -> child
[parse] 2025-12-19T14:27:14.770 parent RLOC16 -> e000
[/dev/ttyACM0] ping parent fd72:e9dd:7d27:e872:0:ff:fe00:e000
[parse] 2025-12-19T14:27:15.370 state -> child
[parse] 2025-12-19T14:27:15.374 parent RLOC16 -> e000
[/dev/ttyACM0] ping parent fd72:e9dd:7d27:e872:0:ff:fe00:e000
[/dev/ttyACM0] ping parent fd72:e9dd:7d27:e872:0:ff:fe00:e000
[/dev/ttyACM0] ping parent fd72:e9dd:7d27:e872:0:ff:fe00:e000
[parse] 2025-12-19T14:27:18.410 state -> child
[parse] 2025-12-19T14:27:18.414 parent RLOC16 -> 7000
[parse] 2025-12-19T14:27:18.475 state -> child
[parse] 2025-12-19T14:27:18.479 parent RLOC16 -> 7000
[parse] 2025-12-19T14:27:18.563 state -> child
[parse] 2025-12-19T14:27:18.566 parent RLOC16 -> 7000
[/dev/ttyACM0] ping parent fd72:e9dd:7d27:e872:0:ff:fe00:7000
[parse] 2025-12-19T14:27:19.427 state -> child
[parse] 2025-12-19T14:27:19.432 parent RLOC16 -> 7000
[/dev/ttyACM0] ping parent fd72:e9dd:7d27:e872:0:ff:fe00:7000
[parse] 2025-12-19T14:27:20.402 state -> child
[parse] 2025-12-19T14:27:20.410 parent RLOC16 -> 7000
[/dev/ttyACM0] ping parent fd72:e9dd:7d27:e872:0:ff:fe00:7000
[parse] 2025-12-19T14:27:21.389 state -> child
[parse] 2025-12-19T14:27:21.395 parent RLOC16 -> 7000
[/dev/ttyACM0] ping parent fd72:e9dd:7d27:e872:0:ff:fe00:7000
[parse] 2025-12-19T14:27:22.355 state -> child
[parse] 2025-12-19T14:27:22.361 parent RLOC16 -> 7000
[/dev/ttyACM0] ping parent fd72:e9dd:7d27:e872:0:ff:fe00:7000
[parse] 2025-12-19T14:27:23.421 state -> child
[parse] 2025-12-19T14:27:23.427 parent RLOC16 -> 7000
[/dev/ttyACM0] ping parent fd72:e9dd:7d27:e872:0:ff:fe00:7000
[parse] 2025-12-19T14:27:24.397 state -> child
[parse] 2025-12-19T14:27:24.403 parent RLOC16 -> 7000
[/dev/ttyACM0] ping parent fd72:e9dd:7d27:e872:0:ff:fe00:7000
[parse] 2025-12-19T14:27:25.358 state -> child
[parse] 2025-12-19T14:27:25.364 parent RLOC16 -> 7000
[/dev/ttyACM0] ping parent fd72:e9dd:7d27:e872:0:ff:fe00:7000
[parse] 2025-12-19T14:27:26.369 state -> child
[parse] 2025-12-19T14:27:26.374 parent RLOC16 -> 7000
[/dev/ttyACM0] ping parent fd72:e9dd:7d27:e872:0:ff:fe00:7000
[parse] 2025-12-19T14:27:27.408 state -> child
[parse] 2025-12-19T14:27:27.415 parent RLOC16 -> 7000
[/dev/ttyACM0] ping parent fd72:e9dd:7d27:e872:0:ff:fe00:7000
[parse] 2025-12-19T14:27:28.388 state -> child
[parse] 2025-12-19T14:27:28.394 parent RLOC16 -> 7000
[/dev/ttyACM0] ping parent fd72:e9dd:7d27:e872:0:ff:fe00:7000
[parse] 2025-12-19T14:27:29.366 state -> child
[parse] 2025-12-19T14:27:29.370 parent RLOC16 -> 7000
[/dev/ttyACM0] ping parent fd72:e9dd:7d27:e872:0:ff:fe00:7000
[parse] 2025-12-19T14:27:30.347 state -> child
[parse] 2025-12-19T14:27:30.353 parent RLOC16 -> 7000
[/dev/ttyACM0] ping parent fd72:e9dd:7d27:e872:0:ff:fe00:7000
[parse] 2025-12-19T14:27:31.336 state -> child
[parse] 2025-12-19T14:27:31.340 parent RLOC16 -> 7000
[/dev/ttyACM0] ping parent fd72:e9dd:7d27:e872:0:ff:fe00:7000
[parse] 2025-12-19T14:27:32.371 state -> child
[parse] 2025-12-19T14:27:32.376 parent RLOC16 -> 7000
[/dev/ttyACM0] ping parent fd72:e9dd:7d27:e872:0:ff:fe00:7000
[parse] 2025-12-19T14:27:33.368 state -> child
[parse] 2025-12-19T14:27:33.372 parent RLOC16 -> 7000
[/dev/ttyACM0] ping parent fd72:e9dd:7d27:e872:0:ff:fe00:7000
[parse] 2025-12-19T14:27:34.432 state -> child
[parse] 2025-12-19T14:27:34.437 parent RLOC16 -> 7000
[/dev/ttyACM0] ping parent fd72:e9dd:7d27:e872:0:ff:fe00:7000
[parse] 2025-12-19T14:27:35.348 state -> child
[parse] 2025-12-19T14:27:35.355 parent RLOC16 -> e000
[/dev/ttyACM0] ping parent fd72:e9dd:7d27:e872:0:ff:fe00:e000
[parse] 2025-12-19T14:27:36.423 state -> child
[parse] 2025-12-19T14:27:36.430 parent RLOC16 -> e000
[/dev/ttyACM0] ping parent fd72:e9dd:7d27:e872:0:ff:fe00:e000
[parse] 2025-12-19T14:27:37.392 state -> child
[parse] 2025-12-19T14:27:37.398 parent RLOC16 -> e000
[/dev/ttyACM0] ping parent fd72:e9dd:7d27:e872:0:ff:fe00:e000
[parse] 2025-12-19T14:27:38.357 state -> child
[parse] 2025-12-19T14:27:38.363 parent RLOC16 -> e000
[/dev/ttyACM0] ping parent fd72:e9dd:7d27:e872:0:ff:fe00:e000
[parse] 2025-12-19T14:27:39.426 state -> child
[parse] 2025-12-19T14:27:39.431 parent RLOC16 -> e000
[/dev/ttyACM0] ping parent fd72:e9dd:7d27:e872:0:ff:fe00:e000
[parse] 2025-12-19T14:27:40.392 state -> child
[parse] 2025-12-19T14:27:40.399 parent RLOC16 -> e000
[/dev/ttyACM0] ping parent fd72:e9dd:7d27:e872:0:ff:fe00:e000
[parse] 2025-12-19T14:27:41.413 state -> child
[parse] 2025-12-19T14:27:41.419 parent RLOC16 -> e000
[/dev/ttyACM0] ping parent fd72:e9dd:7d27:e872:0:ff:fe00:e000
[parse] 2025-12-19T14:27:42.410 state -> child
[parse] 2025-12-19T14:27:42.416 parent RLOC16 -> e000
[/dev/ttyACM0] ping parent fd72:e9dd:7d27:e872:0:ff:fe00:e000
[parse] 2025-12-19T14:27:43.350 state -> child
[parse] 2025-12-19T14:27:43.354 parent RLOC16 -> e000
[/dev/ttyACM0] ping parent fd72:e9dd:7d27:e872:0:ff:fe00:e000
[parse] 2025-12-19T14:27:44.476 state -> child
[parse] 2025-12-19T14:27:44.482 parent RLOC16 -> e000
[/dev/ttyACM0] ping parent fd72:e9dd:7d27:e872:0:ff:fe00:e000
[parse] 2025-12-19T14:27:45.340 state -> child
[parse] 2025-12-19T14:27:45.347 parent RLOC16 -> e000
[/dev/ttyACM0] ping parent fd72:e9dd:7d27:e872:0:ff:fe00:e000
[parse] 2025-12-19T14:27:46.412 state -> child
[parse] 2025-12-19T14:27:46.417 parent RLOC16 -> e000
[/dev/ttyACM0] ping parent fd72:e9dd:7d27:e872:0:ff:fe00:e000
[parse] 2025-12-19T14:27:47.387 state -> child
[parse] 2025-12-19T14:27:47.393 parent RLOC16 -> e000
[/dev/ttyACM0] ping parent fd72:e9dd:7d27:e872:0:ff:fe00:e000
[parse] 2025-12-19T14:27:48.352 state -> child
[parse] 2025-12-19T14:27:48.357 parent RLOC16 -> e000
[/dev/ttyACM0] ping parent fd72:e9dd:7d27:e872:0:ff:fe00:e000
[parse] 2025-12-19T14:27:49.400 state -> child
[parse] 2025-12-19T14:27:49.407 parent RLOC16 -> e000
[/dev/ttyACM0] ping parent fd72:e9dd:7d27:e872:0:ff:fe00:e000
[parse] 2025-12-19T14:27:50.414 state -> child
[parse] 2025-12-19T14:27:50.420 parent RLOC16 -> e000
[/dev/ttyACM0] ping parent fd72:e9dd:7d27:e872:0:ff:fe00:e000
[parse] 2025-12-19T14:27:51.416 state -> child
[parse] 2025-12-19T14:27:51.422 parent RLOC16 -> e000
[/dev/ttyACM0] ping parent fd72:e9dd:7d27:e872:0:ff:fe00:e000
[parse] 2025-12-19T14:27:52.336 state -> child
[parse] 2025-12-19T14:27:52.340 parent RLOC16 -> e000
[/dev/ttyACM0] ping parent fd72:e9dd:7d27:e872:0:ff:fe00:e000
[parse] 2025-12-19T14:27:53.401 state -> child
[parse] 2025-12-19T14:27:53.409 parent RLOC16 -> e000
[/dev/ttyACM0] ping parent fd72:e9dd:7d27:e872:0:ff:fe00:e000
[parse] 2025-12-19T14:27:54.428 state -> child
[parse] 2025-12-19T14:27:54.478 parent RLOC16 -> e000
[/dev/ttyACM0] ping parent fd72:e9dd:7d27:e872:0:ff:fe00:e000
[parse] 2025-12-19T14:27:55.394 state -> child
[parse] 2025-12-19T14:27:55.399 parent RLOC16 -> e000
[/dev/ttyACM0] ping parent fd72:e9dd:7d27:e872:0:ff:fe00:e000
[parse] 2025-12-19T14:27:56.434 state -> child
[parse] 2025-12-19T14:27:56.438 parent RLOC16 -> e000
[/dev/ttyACM0] ping parent fd72:e9dd:7d27:e872:0:ff:fe00:e000
[parse] 2025-12-19T14:27:57.399 state -> child
[parse] 2025-12-19T14:27:57.406 parent RLOC16 -> e000
[/dev/ttyACM0] ping parent fd72:e9dd:7d27:e872:0:ff:fe00:e000
[parse] 2025-12-19T14:27:58.423 state -> child
[parse] 2025-12-19T14:27:58.426 parent RLOC16 -> e000
[/dev/ttyACM0] ping parent fd72:e9dd:7d27:e872:0:ff:fe00:e000
[parse] 2025-12-19T14:27:59.394 state -> child
[parse] 2025-12-19T14:27:59.398 parent RLOC16 -> e000
[/dev/ttyACM0] ping parent fd72:e9dd:7d27:e872:0:ff:fe00:e000
[parse] 2025-12-19T14:28:00.420 state -> child
[parse] 2025-12-19T14:28:00.426 parent RLOC16 -> e000
[/dev/ttyACM0] ping parent fd72:e9dd:7d27:e872:0:ff:fe00:e000
[parse] 2025-12-19T14:28:01.398 state -> child
[parse] 2025-12-19T14:28:01.405 parent RLOC16 -> e000
[/dev/ttyACM0] ping parent fd72:e9dd:7d27:e872:0:ff:fe00:e000
[parse] 2025-12-19T14:28:02.375 state -> child
[parse] 2025-12-19T14:28:02.379 parent RLOC16 -> e000
[/dev/ttyACM0] ping parent fd72:e9dd:7d27:e872:0:ff:fe00:e000
[parse] 2025-12-19T14:28:03.345 state -> child
[parse] 2025-12-19T14:28:03.352 parent RLOC16 -> e000
[/dev/ttyACM0] ping parent fd72:e9dd:7d27:e872:0:ff:fe00:e000
[parse] 2025-12-19T14:28:04.414 state -> child
[parse] 2025-12-19T14:28:04.419 parent RLOC16 -> e000
[/dev/ttyACM0] ping parent fd72:e9dd:7d27:e872:0:ff:fe00:e000
[parse] 2025-12-19T14:28:05.432 state -> child
[parse] 2025-12-19T14:28:05.437 parent RLOC16 -> e000
[/dev/ttyACM0] ping parent fd72:e9dd:7d27:e872:0:ff:fe00:e000
[parse] 2025-12-19T14:28:06.406 state -> child
[parse] 2025-12-19T14:28:06.411 parent RLOC16 -> e000
[/dev/ttyACM0] ping parent fd72:e9dd:7d27:e872:0:ff:fe00:e000
[parse] 2025-12-19T14:28:07.372 state -> child
[parse] 2025-12-19T14:28:07.375 parent RLOC16 -> e000
[/dev/ttyACM0] ping parent fd72:e9dd:7d27:e872:0:ff:fe00:e000
[parse] 2025-12-19T14:28:08.347 state -> child
[parse] 2025-12-19T14:28:08.353 parent RLOC16 -> e000
[/dev/ttyACM0] ping parent fd72:e9dd:7d27:e872:0:ff:fe00:e000
[parse] 2025-12-19T14:28:09.415 state -> child
[parse] 2025-12-19T14:28:09.421 parent RLOC16 -> e000
[/dev/ttyACM0] ping parent fd72:e9dd:7d27:e872:0:ff:fe00:e000
[parse] 2025-12-19T14:28:10.429 state -> child
[parse] 2025-12-19T14:28:10.436 parent RLOC16 -> e000
[/dev/ttyACM0] ping parent fd72:e9dd:7d27:e872:0:ff:fe00:e000
[parse] 2025-12-19T14:28:11.354 state -> child
[parse] 2025-12-19T14:28:11.358 parent RLOC16 -> e000
[/dev/ttyACM0] ping parent fd72:e9dd:7d27:e872:0:ff:fe00:e000
[parse] 2025-12-19T14:28:12.349 state -> child
[parse] 2025-12-19T14:28:12.355 parent RLOC16 -> 7000
[/dev/ttyACM0] ping parent fd72:e9dd:7d27:e872:0:ff:fe00:7000
[parse] 2025-12-19T14:28:13.428 state -> child
[parse] 2025-12-19T14:28:13.433 parent RLOC16 -> 7000
[/dev/ttyACM0] ping parent fd72:e9dd:7d27:e872:0:ff:fe00:7000
[parse] 2025-12-19T14:28:14.408 state -> child
[parse] 2025-12-19T14:28:14.414 parent RLOC16 -> 7000
[/dev/ttyACM0] ping parent fd72:e9dd:7d27:e872:0:ff:fe00:7000
[parse] 2025-12-19T14:28:15.380 state -> child
[parse] 2025-12-19T14:28:15.385 parent RLOC16 -> 7000
[/dev/ttyACM0] ping parent fd72:e9dd:7d27:e872:0:ff:fe00:7000
[parse] 2025-12-19T14:28:16.358 state -> child
[parse] 2025-12-19T14:28:16.363 parent RLOC16 -> 7000
[/dev/ttyACM0] ping parent fd72:e9dd:7d27:e872:0:ff:fe00:7000
[parse] 2025-12-19T14:28:17.367 state -> child
[parse] 2025-12-19T14:28:17.371 parent RLOC16 -> 7000
[/dev/ttyACM0] ping parent fd72:e9dd:7d27:e872:0:ff:fe00:7000
[parse] 2025-12-19T14:28:18.435 state -> child
[parse] 2025-12-19T14:28:18.441 parent RLOC16 -> 7000
[/dev/ttyACM0] ping parent fd72:e9dd:7d27:e872:0:ff:fe00:7000
[parse] 2025-12-19T14:28:19.352 state -> child
[parse] 2025-12-19T14:28:19.358 parent RLOC16 -> 7000
[/dev/ttyACM0] ping parent fd72:e9dd:7d27:e872:0:ff:fe00:7000
[parse] 2025-12-19T14:28:20.428 state -> child
[parse] 2025-12-19T14:28:20.433 parent RLOC16 -> 7000
[/dev/ttyACM0] ping parent fd72:e9dd:7d27:e872:0:ff:fe00:7000
[parse] 2025-12-19T14:28:21.396 state -> child
[parse] 2025-12-19T14:28:21.403 parent RLOC16 -> 7000
[/dev/ttyACM0] ping parent fd72:e9dd:7d27:e872:0:ff:fe00:7000
[parse] 2025-12-19T14:28:22.401 state -> child
[parse] 2025-12-19T14:28:22.406 parent RLOC16 -> 7000
[/dev/ttyACM0] ping parent fd72:e9dd:7d27:e872:0:ff:fe00:7000
[parse] 2025-12-19T14:28:23.364 state -> child
[parse] 2025-12-19T14:28:23.367 parent RLOC16 -> 7000
[/dev/ttyACM0] ping parent fd72:e9dd:7d27:e872:0:ff:fe00:7000
[parse] 2025-12-19T14:28:24.437 state -> child
[parse] 2025-12-19T14:28:24.442 parent RLOC16 -> 7000
[/dev/ttyACM0] ping parent fd72:e9dd:7d27:e872:0:ff:fe00:7000
[/dev/ttyACM0] ping parent fd72:e9dd:7d27:e872:0:ff:fe00:7000
[parse] 2025-12-19T14:28:27.772 state -> child
[parse] 2025-12-19T14:28:27.778 parent RLOC16 -> 7000
[parse] 2025-12-19T14:28:27.831 state -> child
[parse] 2025-12-19T14:28:27.834 parent RLOC16 -> 7000
[/dev/ttyACM0] ping parent fd72:e9dd:7d27:e872:0:ff:fe00:7000
[parse] 2025-12-19T14:28:28.392 state -> child
[parse] 2025-12-19T14:28:28.399 parent RLOC16 -> 7000
[/dev/ttyACM0] ping parent fd72:e9dd:7d27:e872:0:ff:fe00:7000
[parse] 2025-12-19T14:28:29.359 state -> child
[parse] 2025-12-19T14:28:29.365 parent RLOC16 -> 7000
[/dev/ttyACM0] ping parent fd72:e9dd:7d27:e872:0:ff:fe00:7000
[parse] 2025-12-19T14:28:30.425 state -> child
[parse] 2025-12-19T14:28:30.431 parent RLOC16 -> 7000
[/dev/ttyACM0] ping parent fd72:e9dd:7d27:e872:0:ff:fe00:7000
[parse] 2025-12-19T14:28:31.391 state -> child
[parse] 2025-12-19T14:28:31.397 parent RLOC16 -> 7000
[/dev/ttyACM0] ping parent fd72:e9dd:7d27:e872:0:ff:fe00:7000
[parse] 2025-12-19T14:28:32.357 state -> child
[parse] 2025-12-19T14:28:32.363 parent RLOC16 -> 7000
[/dev/ttyACM0] ping parent fd72:e9dd:7d27:e872:0:ff:fe00:7000
[parse] 2025-12-19T14:28:33.426 state -> child
[parse] 2025-12-19T14:28:33.432 parent RLOC16 -> 7000
[/dev/ttyACM0] ping parent fd72:e9dd:7d27:e872:0:ff:fe00:7000
[parse] 2025-12-19T14:28:34.391 state -> child
[parse] 2025-12-19T14:28:34.398 parent RLOC16 -> 7000
[/dev/ttyACM0] ping parent fd72:e9dd:7d27:e872:0:ff:fe00:7000
[parse] 2025-12-19T14:28:35.374 state -> child
[parse] 2025-12-19T14:28:35.379 parent RLOC16 -> 7000
[/dev/ttyACM0] ping parent fd72:e9dd:7d27:e872:0:ff:fe00:7000
[parse] 2025-12-19T14:28:36.340 state -> child
[parse] 2025-12-19T14:28:36.344 parent RLOC16 -> 7000
[/dev/ttyACM0] ping parent fd72:e9dd:7d27:e872:0:ff:fe00:7000
[parse] 2025-12-19T14:28:37.415 state -> child
[parse] 2025-12-19T14:28:37.421 parent RLOC16 -> 7000
[/dev/ttyACM0] ping parent fd72:e9dd:7d27:e872:0:ff:fe00:7000
[parse] 2025-12-19T14:28:38.390 state -> child
[parse] 2025-12-19T14:28:38.398 parent RLOC16 -> 7000
[/dev/ttyACM0] ping parent fd72:e9dd:7d27:e872:0:ff:fe00:7000
[parse] 2025-12-19T14:28:39.421 state -> child
[parse] 2025-12-19T14:28:39.424 parent RLOC16 -> 7000
[/dev/ttyACM0] ping parent fd72:e9dd:7d27:e872:0:ff:fe00:7000
[parse] 2025-12-19T14:28:40.459 state -> child
[parse] 2025-12-19T14:28:40.465 parent RLOC16 -> 7000
[/dev/ttyACM0] ping parent fd72:e9dd:7d27:e872:0:ff:fe00:7000
[parse] 2025-12-19T14:28:41.428 state -> child
[parse] 2025-12-19T14:28:41.433 parent RLOC16 -> 7000
[/dev/ttyACM0] ping parent fd72:e9dd:7d27:e872:0:ff:fe00:7000
[parse] 2025-12-19T14:28:42.407 state -> child
[parse] 2025-12-19T14:28:42.410 parent RLOC16 -> 7000
[/dev/ttyACM0] ping parent fd72:e9dd:7d27:e872:0:ff:fe00:7000
[parse] 2025-12-19T14:28:43.366 state -> child
[parse] 2025-12-19T14:28:43.370 parent RLOC16 -> 7000
[/dev/ttyACM0] ping parent fd72:e9dd:7d27:e872:0:ff:fe00:7000
[parse] 2025-12-19T14:28:44.436 state -> child
[parse] 2025-12-19T14:28:44.441 parent RLOC16 -> 7000
[/dev/ttyACM0] ping parent fd72:e9dd:7d27:e872:0:ff:fe00:7000
[parse] 2025-12-19T14:28:45.403 state -> child
[parse] 2025-12-19T14:28:45.409 parent RLOC16 -> 7000
[/dev/ttyACM0] ping parent fd72:e9dd:7d27:e872:0:ff:fe00:7000
[parse] 2025-12-19T14:28:46.343 state -> child
[parse] 2025-12-19T14:28:46.349 parent RLOC16 -> 7000
[/dev/ttyACM0] ping parent fd72:e9dd:7d27:e872:0:ff:fe00:7000
[parse] 2025-12-19T14:28:47.409 state -> child
[parse] 2025-12-19T14:28:47.415 parent RLOC16 -> 7000
[/dev/ttyACM0] ping parent fd72:e9dd:7d27:e872:0:ff:fe00:7000
[parse] 2025-12-19T14:28:48.372 state -> child
[parse] 2025-12-19T14:28:48.375 parent RLOC16 -> 7000
[/dev/ttyACM0] ping parent fd72:e9dd:7d27:e872:0:ff:fe00:7000
[parse] 2025-12-19T14:28:49.437 state -> child
[parse] 2025-12-19T14:28:49.442 parent RLOC16 -> 7000
[/dev/ttyACM0] ping parent fd72:e9dd:7d27:e872:0:ff:fe00:7000
[parse] 2025-12-19T14:28:50.404 state -> child
[parse] 2025-12-19T14:28:50.410 parent RLOC16 -> 7000
[/dev/ttyACM0] ping parent fd72:e9dd:7d27:e872:0:ff:fe00:7000
[parse] 2025-12-19T14:28:51.420 state -> child
[parse] 2025-12-19T14:28:51.425 parent RLOC16 -> 7000
[/dev/ttyACM0] ping parent fd72:e9dd:7d27:e872:0:ff:fe00:7000
[parse] 2025-12-19T14:28:52.384 state -> child
[parse] 2025-12-19T14:28:52.390 parent RLOC16 -> 7000
[/dev/ttyACM0] ping parent fd72:e9dd:7d27:e872:0:ff:fe00:7000
[parse] 2025-12-19T14:28:53.356 state -> child
[parse] 2025-12-19T14:28:53.363 parent RLOC16 -> 7000
[/dev/ttyACM0] ping parent fd72:e9dd:7d27:e872:0:ff:fe00:7000
[parse] 2025-12-19T14:28:54.426 state -> child
[parse] 2025-12-19T14:28:54.432 parent RLOC16 -> 7000
[/dev/ttyACM0] ping parent fd72:e9dd:7d27:e872:0:ff:fe00:7000
[parse] 2025-12-19T14:28:55.394 state -> child
[parse] 2025-12-19T14:28:55.401 parent RLOC16 -> 7000
[/dev/ttyACM0] ping parent fd72:e9dd:7d27:e872:0:ff:fe00:7000
[parse] 2025-12-19T14:28:56.400 state -> child
[parse] 2025-12-19T14:28:56.407 parent RLOC16 -> 7000
[/dev/ttyACM0] ping parent fd72:e9dd:7d27:e872:0:ff:fe00:7000
[parse] 2025-12-19T14:28:57.363 state -> child
[parse] 2025-12-19T14:28:57.367 parent RLOC16 -> 7000
[/dev/ttyACM0] ping parent fd72:e9dd:7d27:e872:0:ff:fe00:7000
[parse] 2025-12-19T14:28:58.435 state -> child
[parse] 2025-12-19T14:28:58.440 parent RLOC16 -> 7000
[/dev/ttyACM0] ping parent fd72:e9dd:7d27:e872:0:ff:fe00:7000
[parse] 2025-12-19T14:28:59.427 state -> child
[parse] 2025-12-19T14:28:59.432 parent RLOC16 -> 7000
[/dev/ttyACM0] ping parent fd72:e9dd:7d27:e872:0:ff:fe00:7000
[parse] 2025-12-19T14:29:00.392 state -> child
[parse] 2025-12-19T14:29:00.399 parent RLOC16 -> 7000
[/dev/ttyACM0] ping parent fd72:e9dd:7d27:e872:0:ff:fe00:7000
[parse] 2025-12-19T14:29:01.379 state -> child
[parse] 2025-12-19T14:29:01.384 parent RLOC16 -> 7000
[/dev/ttyACM0] ping parent fd72:e9dd:7d27:e872:0:ff:fe00:7000
[parse] 2025-12-19T14:29:02.345 state -> child
[parse] 2025-12-19T14:29:02.348 parent RLOC16 -> 7000
[/dev/ttyACM0] ping parent fd72:e9dd:7d27:e872:0:ff:fe00:7000
[parse] 2025-12-19T14:29:03.428 state -> child
[parse] 2025-12-19T14:29:03.433 parent RLOC16 -> 7000
[/dev/ttyACM0] ping parent fd72:e9dd:7d27:e872:0:ff:fe00:7000
[parse] 2025-12-19T14:29:04.392 state -> child
[parse] 2025-12-19T14:29:04.398 parent RLOC16 -> 7000
[/dev/ttyACM0] ping parent fd72:e9dd:7d27:e872:0:ff:fe00:7000
[parse] 2025-12-19T14:29:05.372 state -> child
[parse] 2025-12-19T14:29:05.377 parent RLOC16 -> 7000
[/dev/ttyACM0] ping parent fd72:e9dd:7d27:e872:0:ff:fe00:7000
[parse] 2025-12-19T14:29:06.384 state -> child
[parse] 2025-12-19T14:29:06.390 parent RLOC16 -> 7000
[/dev/ttyACM0] ping parent fd72:e9dd:7d27:e872:0:ff:fe00:7000
[parse] 2025-12-19T14:29:07.374 state -> child
[parse] 2025-12-19T14:29:07.377 parent RLOC16 -> 7000
[/dev/ttyACM0] ping parent fd72:e9dd:7d27:e872:0:ff:fe00:7000
[parse] 2025-12-19T14:29:08.353 state -> child
[parse] 2025-12-19T14:29:08.359 parent RLOC16 -> 7000
[/dev/ttyACM0] ping parent fd72:e9dd:7d27:e872:0:ff:fe00:7000
[parse] 2025-12-19T14:29:09.428 state -> child
[parse] 2025-12-19T14:29:09.433 parent RLOC16 -> 7000
[/dev/ttyACM0] ping parent fd72:e9dd:7d27:e872:0:ff:fe00:7000
[parse] 2025-12-19T14:29:10.417 state -> child
[parse] 2025-12-19T14:29:10.423 parent RLOC16 -> 7000
[/dev/ttyACM0] ping parent fd72:e9dd:7d27:e872:0:ff:fe00:7000
[parse] 2025-12-19T14:29:11.433 state -> child
[parse] 2025-12-19T14:29:11.438 parent RLOC16 -> 7000
[/dev/ttyACM0] ping parent fd72:e9dd:7d27:e872:0:ff:fe00:7000
[parse] 2025-12-19T14:29:12.407 state -> child
[parse] 2025-12-19T14:29:12.412 parent RLOC16 -> 7000
[/dev/ttyACM0] ping parent fd72:e9dd:7d27:e872:0:ff:fe00:7000
[parse] 2025-12-19T14:29:13.372 state -> child
[parse] 2025-12-19T14:29:13.375 parent RLOC16 -> 7000
[/dev/ttyACM0] ping parent fd72:e9dd:7d27:e872:0:ff:fe00:7000
[parse] 2025-12-19T14:29:14.348 state -> child
[parse] 2025-12-19T14:29:14.355 parent RLOC16 -> 7000
[/dev/ttyACM0] ping parent fd72:e9dd:7d27:e872:0:ff:fe00:7000
[parse] 2025-12-19T14:29:15.415 state -> child
[parse] 2025-12-19T14:29:15.422 parent RLOC16 -> 7000
[/dev/ttyACM0] ping parent fd72:e9dd:7d27:e872:0:ff:fe00:7000
[parse] 2025-12-19T14:29:16.372 state -> child
[parse] 2025-12-19T14:29:16.378 parent RLOC16 -> 7000
[/dev/ttyACM0] ping parent fd72:e9dd:7d27:e872:0:ff:fe00:7000
[parse] 2025-12-19T14:29:17.346 state -> child
[parse] 2025-12-19T14:29:17.350 parent RLOC16 -> 7000
[/dev/ttyACM0] ping parent fd72:e9dd:7d27:e872:0:ff:fe00:7000
[parse] 2025-12-19T14:29:18.419 state -> child
[parse] 2025-12-19T14:29:18.424 parent RLOC16 -> 7000
[/dev/ttyACM0] ping parent fd72:e9dd:7d27:e872:0:ff:fe00:7000
[parse] 2025-12-19T14:29:19.384 state -> child
[parse] 2025-12-19T14:29:19.389 parent RLOC16 -> 7000
[/dev/ttyACM0] ping parent fd72:e9dd:7d27:e872:0:ff:fe00:7000
[parse] 2025-12-19T14:29:20.403 state -> child
[parse] 2025-12-19T14:29:20.409 parent RLOC16 -> 7000
[/dev/ttyACM0] ping parent fd72:e9dd:7d27:e872:0:ff:fe00:7000
[parse] 2025-12-19T14:29:21.423 state -> child
[parse] 2025-12-19T14:29:21.430 parent RLOC16 -> 7000
[/dev/ttyACM0] ping parent fd72:e9dd:7d27:e872:0:ff:fe00:7000
[parse] 2025-12-19T14:29:22.390 state -> child
[parse] 2025-12-19T14:29:22.396 parent RLOC16 -> 7000
[/dev/ttyACM0] ping parent fd72:e9dd:7d27:e872:0:ff:fe00:7000
[parse] 2025-12-19T14:29:23.356 state -> child
[parse] 2025-12-19T14:29:23.362 parent RLOC16 -> 7000
[/dev/ttyACM0] ping parent fd72:e9dd:7d27:e872:0:ff:fe00:7000
[parse] 2025-12-19T14:29:24.422 state -> child
[parse] 2025-12-19T14:29:24.428 parent RLOC16 -> 7000
[/dev/ttyACM0] ping parent fd72:e9dd:7d27:e872:0:ff:fe00:7000
[parse] 2025-12-19T14:29:25.407 state -> child
[parse] 2025-12-19T14:29:25.414 parent RLOC16 -> 7000
[/dev/ttyACM0] ping parent fd72:e9dd:7d27:e872:0:ff:fe00:7000
[parse] 2025-12-19T14:29:26.374 state -> child
[parse] 2025-12-19T14:29:26.377 parent RLOC16 -> 7000
[/dev/ttyACM0] ping parent fd72:e9dd:7d27:e872:0:ff:fe00:7000
[parse] 2025-12-19T14:29:27.346 state -> child
[parse] 2025-12-19T14:29:27.351 parent RLOC16 -> 7000
[/dev/ttyACM0] ping parent fd72:e9dd:7d27:e872:0:ff:fe00:7000
[parse] 2025-12-19T14:29:28.419 state -> child
[parse] 2025-12-19T14:29:28.425 parent RLOC16 -> 7000
[/dev/ttyACM0] ping parent fd72:e9dd:7d27:e872:0:ff:fe00:7000
[parse] 2025-12-19T14:29:29.383 state -> child
[parse] 2025-12-19T14:29:29.387 parent RLOC16 -> 7000
[/dev/ttyACM0] ping parent fd72:e9dd:7d27:e872:0:ff:fe00:7000
[parse] 2025-12-19T14:29:30.349 state -> child
[parse] 2025-12-19T14:29:30.355 parent RLOC16 -> 7000
[/dev/ttyACM0] ping parent fd72:e9dd:7d27:e872:0:ff:fe00:7000
[parse] 2025-12-19T14:29:31.347 state -> child
[parse] 2025-12-19T14:29:31.352 parent RLOC16 -> 7000
[/dev/ttyACM0] ping parent fd72:e9dd:7d27:e872:0:ff:fe00:7000
[parse] 2025-12-19T14:29:32.336 state -> child
[parse] 2025-12-19T14:29:32.340 parent RLOC16 -> 7000
[/dev/ttyACM0] ping parent fd72:e9dd:7d27:e872:0:ff:fe00:7000
[parse] 2025-12-19T14:29:33.349 state -> child
[parse] 2025-12-19T14:29:33.356 parent RLOC16 -> 7000
[/dev/ttyACM0] ping parent fd72:e9dd:7d27:e872:0:ff:fe00:7000
[parse] 2025-12-19T14:29:34.431 state -> child
[parse] 2025-12-19T14:29:34.435 parent RLOC16 -> 7000
[/dev/ttyACM0] ping parent fd72:e9dd:7d27:e872:0:ff:fe00:7000
[parse] 2025-12-19T14:29:35.407 state -> child
[parse] 2025-12-19T14:29:35.414 parent RLOC16 -> 7000
[/dev/ttyACM0] ping parent fd72:e9dd:7d27:e872:0:ff:fe00:7000
[parse] 2025-12-19T14:29:36.390 state -> child
[parse] 2025-12-19T14:29:36.397 parent RLOC16 -> 7000
[/dev/ttyACM0] ping parent fd72:e9dd:7d27:e872:0:ff:fe00:7000
[parse] 2025-12-19T14:29:37.358 state -> child
[parse] 2025-12-19T14:29:37.364 parent RLOC16 -> 7000
[/dev/ttyACM0] ping parent fd72:e9dd:7d27:e872:0:ff:fe00:7000
[parse] 2025-12-19T14:29:38.336 state -> child
[parse] 2025-12-19T14:29:38.340 parent RLOC16 -> 7000
[/dev/ttyACM0] ping parent fd72:e9dd:7d27:e872:0:ff:fe00:7000
[parse] 2025-12-19T14:29:39.403 state -> child
[parse] 2025-12-19T14:29:39.411 parent RLOC16 -> 7000
[/dev/ttyACM0] ping parent fd72:e9dd:7d27:e872:0:ff:fe00:7000
[parse] 2025-12-19T14:29:40.373 state -> child
[parse] 2025-12-19T14:29:40.376 parent RLOC16 -> 7000
[/dev/ttyACM0] ping parent fd72:e9dd:7d27:e872:0:ff:fe00:7000
[parse] 2025-12-19T14:29:41.437 state -> child
[parse] 2025-12-19T14:29:41.442 parent RLOC16 -> 7000
[/dev/ttyACM0] ping parent fd72:e9dd:7d27:e872:0:ff:fe00:7000
[parse] 2025-12-19T14:29:42.420 state -> child
[parse] 2025-12-19T14:29:42.426 parent RLOC16 -> 7000
[/dev/ttyACM0] ping parent fd72:e9dd:7d27:e872:0:ff:fe00:7000
[parse] 2025-12-19T14:29:43.398 state -> child
[parse] 2025-12-19T14:29:43.406 parent RLOC16 -> 7000
[/dev/ttyACM0] ping parent fd72:e9dd:7d27:e872:0:ff:fe00:7000
[parse] 2025-12-19T14:29:44.372 state -> child
[parse] 2025-12-19T14:29:44.377 parent RLOC16 -> 7000
[/dev/ttyACM0] ping parent fd72:e9dd:7d27:e872:0:ff:fe00:7000
[parse] 2025-12-19T14:29:45.341 state -> child
[parse] 2025-12-19T14:29:45.346 parent RLOC16 -> 7000
[/dev/ttyACM0] ping parent fd72:e9dd:7d27:e872:0:ff:fe00:7000
[parse] 2025-12-19T14:29:46.420 state -> child
[parse] 2025-12-19T14:29:46.423 parent RLOC16 -> 7000
[/dev/ttyACM0] ping parent fd72:e9dd:7d27:e872:0:ff:fe00:7000
[parse] 2025-12-19T14:29:47.388 state -> child
[parse] 2025-12-19T14:29:47.394 parent RLOC16 -> 7000
[/dev/ttyACM0] ping parent fd72:e9dd:7d27:e872:0:ff:fe00:7000
[parse] 2025-12-19T14:29:48.354 state -> child
[parse] 2025-12-19T14:29:48.361 parent RLOC16 -> 7000
[/dev/ttyACM0] ping parent fd72:e9dd:7d27:e872:0:ff:fe00:7000
[parse] 2025-12-19T14:29:49.428 state -> child
[parse] 2025-12-19T14:29:49.433 parent RLOC16 -> 7000
[/dev/ttyACM0] ping parent fd72:e9dd:7d27:e872:0:ff:fe00:7000
[parse] 2025-12-19T14:29:50.395 state -> child
[parse] 2025-12-19T14:29:50.401 parent RLOC16 -> 7000
[/dev/ttyACM0] ping parent fd72:e9dd:7d27:e872:0:ff:fe00:7000
[parse] 2025-12-19T14:29:51.348 state -> child
[parse] 2025-12-19T14:29:51.351 parent RLOC16 -> 7000
[/dev/ttyACM0] ping parent fd72:e9dd:7d27:e872:0:ff:fe00:7000
[parse] 2025-12-19T14:29:52.335 state -> child
[parse] 2025-12-19T14:29:52.338 parent RLOC16 -> 7000
[/dev/ttyACM0] ping parent fd72:e9dd:7d27:e872:0:ff:fe00:7000
[parse] 2025-12-19T14:29:53.396 state -> child
[parse] 2025-12-19T14:29:53.402 parent RLOC16 -> 7000
[/dev/ttyACM0] ping parent fd72:e9dd:7d27:e872:0:ff:fe00:7000
[parse] 2025-12-19T14:29:54.363 state -> child
[parse] 2025-12-19T14:29:54.367 parent RLOC16 -> 7000
[/dev/ttyACM0] ping parent fd72:e9dd:7d27:e872:0:ff:fe00:7000
[parse] 2025-12-19T14:29:55.353 state -> child
[parse] 2025-12-19T14:29:55.356 parent RLOC16 -> 7000
[/dev/ttyACM0] ping parent fd72:e9dd:7d27:e872:0:ff:fe00:7000
[parse] 2025-12-19T14:29:56.418 state -> child
[parse] 2025-12-19T14:29:56.424 parent RLOC16 -> 7000
[/dev/ttyACM0] ping parent fd72:e9dd:7d27:e872:0:ff:fe00:7000
[parse] 2025-12-19T14:29:57.338 state -> child
[parse] 2025-12-19T14:29:57.342 parent RLOC16 -> 7000
[/dev/ttyACM0] ping parent fd72:e9dd:7d27:e872:0:ff:fe00:7000
[parse] 2025-12-19T14:29:58.402 state -> child
[parse] 2025-12-19T14:29:58.407 parent RLOC16 -> 7000
[/dev/ttyACM0] ping parent fd72:e9dd:7d27:e872:0:ff:fe00:7000
[parse] 2025-12-19T14:29:59.379 state -> child
[parse] 2025-12-19T14:29:59.382 parent RLOC16 -> 7000
[/dev/ttyACM0] ping parent fd72:e9dd:7d27:e872:0:ff:fe00:7000
[parse] 2025-12-19T14:30:00.342 state -> child
[parse] 2025-12-19T14:30:00.349 parent RLOC16 -> 7000
[/dev/ttyACM0] ping parent fd72:e9dd:7d27:e872:0:ff:fe00:7000
[parse] 2025-12-19T14:30:01.412 state -> child
[parse] 2025-12-19T14:30:01.419 parent RLOC16 -> 7000
[/dev/ttyACM0] ping parent fd72:e9dd:7d27:e872:0:ff:fe00:7000
[parse] 2025-12-19T14:30:02.375 state -> child
[parse] 2025-12-19T14:30:02.378 parent RLOC16 -> 7000
[/dev/ttyACM0] ping parent fd72:e9dd:7d27:e872:0:ff:fe00:7000
[parse] 2025-12-19T14:30:03.360 state -> child
[parse] 2025-12-19T14:30:03.366 parent RLOC16 -> 7000
[/dev/ttyACM0] ping parent fd72:e9dd:7d27:e872:0:ff:fe00:7000
[parse] 2025-12-19T14:30:04.336 state -> child
[parse] 2025-12-19T14:30:04.342 parent RLOC16 -> 7000
[/dev/ttyACM0] ping parent fd72:e9dd:7d27:e872:0:ff:fe00:7000
[parse] 2025-12-19T14:30:05.420 state -> child
[parse] 2025-12-19T14:30:05.425 parent RLOC16 -> 7000
[/dev/ttyACM0] ping parent fd72:e9dd:7d27:e872:0:ff:fe00:7000
[parse] 2025-12-19T14:30:06.385 state -> child
[parse] 2025-12-19T14:30:06.390 parent RLOC16 -> 7000
[/dev/ttyACM0] ping parent fd72:e9dd:7d27:e872:0:ff:fe00:7000
[parse] 2025-12-19T14:30:07.351 state -> child
[parse] 2025-12-19T14:30:07.358 parent RLOC16 -> 7000
[/dev/ttyACM0] ping parent fd72:e9dd:7d27:e872:0:ff:fe00:7000
[parse] 2025-12-19T14:30:08.419 state -> child
[parse] 2025-12-19T14:30:08.424 parent RLOC16 -> 7000
[/dev/ttyACM0] ping parent fd72:e9dd:7d27:e872:0:ff:fe00:7000
[parse] 2025-12-19T14:30:09.399 state -> child
[parse] 2025-12-19T14:30:09.405 parent RLOC16 -> 7000
[/dev/ttyACM0] ping parent fd72:e9dd:7d27:e872:0:ff:fe00:7000
[parse] 2025-12-19T14:30:10.356 state -> child
[parse] 2025-12-19T14:30:10.360 parent RLOC16 -> 7000
[/dev/ttyACM0] ping parent fd72:e9dd:7d27:e872:0:ff:fe00:7000
[parse] 2025-12-19T14:30:11.393 state -> child
[parse] 2025-12-19T14:30:11.399 parent RLOC16 -> 7000
[/dev/ttyACM0] ping parent fd72:e9dd:7d27:e872:0:ff:fe00:7000
[parse] 2025-12-19T14:30:12.363 state -> child
[parse] 2025-12-19T14:30:12.366 parent RLOC16 -> 7000
[/dev/ttyACM0] ping parent fd72:e9dd:7d27:e872:0:ff:fe00:7000
[parse] 2025-12-19T14:30:13.370 state -> child
[parse] 2025-12-19T14:30:13.377 parent RLOC16 -> 7000
[/dev/ttyACM0] ping parent fd72:e9dd:7d27:e872:0:ff:fe00:7000
[parse] 2025-12-19T14:30:14.348 state -> child
[parse] 2025-12-19T14:30:14.355 parent RLOC16 -> 7000
[/dev/ttyACM0] ping parent fd72:e9dd:7d27:e872:0:ff:fe00:7000
[parse] 2025-12-19T14:30:15.360 state -> child
[parse] 2025-12-19T14:30:15.364 parent RLOC16 -> 7000
[/dev/ttyACM0] ping parent fd72:e9dd:7d27:e872:0:ff:fe00:7000
[parse] 2025-12-19T14:30:16.359 state -> child
[parse] 2025-12-19T14:30:16.366 parent RLOC16 -> 7000
[/dev/ttyACM0] ping parent fd72:e9dd:7d27:e872:0:ff:fe00:7000
[parse] 2025-12-19T14:30:17.476 state -> child
[parse] 2025-12-19T14:30:17.482 parent RLOC16 -> 7000
[/dev/ttyACM0] ping parent fd72:e9dd:7d27:e872:0:ff:fe00:7000
[parse] 2025-12-19T14:30:18.340 state -> child
[parse] 2025-12-19T14:30:18.346 parent RLOC16 -> 7000
[/dev/ttyACM0] ping parent fd72:e9dd:7d27:e872:0:ff:fe00:7000
[parse] 2025-12-19T14:30:19.408 state -> child
[parse] 2025-12-19T14:30:19.415 parent RLOC16 -> 7000
[/dev/ttyACM0] ping parent fd72:e9dd:7d27:e872:0:ff:fe00:7000
[parse] 2025-12-19T14:30:20.371 state -> child
[parse] 2025-12-19T14:30:20.375 parent RLOC16 -> 7000
[/dev/ttyACM0] ping parent fd72:e9dd:7d27:e872:0:ff:fe00:7000
[parse] 2025-12-19T14:30:21.433 state -> child
[parse] 2025-12-19T14:30:21.438 parent RLOC16 -> 7000
[/dev/ttyACM0] ping parent fd72:e9dd:7d27:e872:0:ff:fe00:7000
[parse] 2025-12-19T14:30:22.407 state -> child
[parse] 2025-12-19T14:30:22.413 parent RLOC16 -> 7000
[/dev/ttyACM0] ping parent fd72:e9dd:7d27:e872:0:ff:fe00:7000
[parse] 2025-12-19T14:30:23.353 state -> child
[parse] 2025-12-19T14:30:23.358 parent RLOC16 -> 7000
[/dev/ttyACM0] ping parent fd72:e9dd:7d27:e872:0:ff:fe00:7000
[parse] 2025-12-19T14:30:24.429 state -> child
[parse] 2025-12-19T14:30:24.434 parent RLOC16 -> 7000
[/dev/ttyACM0] ping parent fd72:e9dd:7d27:e872:0:ff:fe00:7000
[parse] 2025-12-19T14:30:25.397 state -> child
[parse] 2025-12-19T14:30:25.403 parent RLOC16 -> 7000
[/dev/ttyACM0] ping parent fd72:e9dd:7d27:e872:0:ff:fe00:7000
[parse] 2025-12-19T14:30:26.377 state -> child
[parse] 2025-12-19T14:30:26.380 parent RLOC16 -> 7000
[/dev/ttyACM0] ping parent fd72:e9dd:7d27:e872:0:ff:fe00:7000
[parse] 2025-12-19T14:30:27.356 state -> child
[parse] 2025-12-19T14:30:27.360 parent RLOC16 -> 7000
[/dev/ttyACM0] ping parent fd72:e9dd:7d27:e872:0:ff:fe00:7000
[parse] 2025-12-19T14:30:28.340 state -> child
[parse] 2025-12-19T14:30:28.345 parent RLOC16 -> 7000
[/dev/ttyACM0] ping parent fd72:e9dd:7d27:e872:0:ff:fe00:7000
[parse] 2025-12-19T14:30:29.402 state -> child
[parse] 2025-12-19T14:30:29.407 parent RLOC16 -> 7000
[/dev/ttyACM0] ping parent fd72:e9dd:7d27:e872:0:ff:fe00:7000
[parse] 2025-12-19T14:30:30.363 state -> child
[parse] 2025-12-19T14:30:30.367 parent RLOC16 -> 7000
[/dev/ttyACM0] ping parent fd72:e9dd:7d27:e872:0:ff:fe00:7000
[parse] 2025-12-19T14:30:31.429 state -> child
[parse] 2025-12-19T14:30:31.433 parent RLOC16 -> 7000
[/dev/ttyACM0] ping parent fd72:e9dd:7d27:e872:0:ff:fe00:7000
[parse] 2025-12-19T14:30:32.395 state -> child
[parse] 2025-12-19T14:30:32.402 parent RLOC16 -> 7000
[/dev/ttyACM0] ping parent fd72:e9dd:7d27:e872:0:ff:fe00:7000
[parse] 2025-12-19T14:30:33.658 state -> child
[parse] 2025-12-19T14:30:33.662 parent RLOC16 -> 7000
[/dev/ttyACM0] ping parent fd72:e9dd:7d27:e872:0:ff:fe00:7000
[parse] 2025-12-19T14:30:34.422 state -> child
[parse] 2025-12-19T14:30:34.428 parent RLOC16 -> 7000
[/dev/ttyACM0] ping parent fd72:e9dd:7d27:e872:0:ff:fe00:7000
[parse] 2025-12-19T14:30:35.387 state -> child
[parse] 2025-12-19T14:30:35.393 parent RLOC16 -> 7000
[/dev/ttyACM0] ping parent fd72:e9dd:7d27:e872:0:ff:fe00:7000
[parse] 2025-12-19T14:30:36.396 state -> child
[parse] 2025-12-19T14:30:36.403 parent RLOC16 -> 7000
[/dev/ttyACM0] ping parent fd72:e9dd:7d27:e872:0:ff:fe00:7000
[parse] 2025-12-19T14:30:37.364 state -> child
[parse] 2025-12-19T14:30:37.370 parent RLOC16 -> 7000
[/dev/ttyACM0] ping parent fd72:e9dd:7d27:e872:0:ff:fe00:7000
[parse] 2025-12-19T14:30:38.436 state -> child
[parse] 2025-12-19T14:30:38.441 parent RLOC16 -> 7000
[/dev/ttyACM0] ping parent fd72:e9dd:7d27:e872:0:ff:fe00:7000
[parse] 2025-12-19T14:30:39.375 state -> child
[parse] 2025-12-19T14:30:39.380 parent RLOC16 -> 7000
[/dev/ttyACM0] ping parent fd72:e9dd:7d27:e872:0:ff:fe00:7000
[parse] 2025-12-19T14:30:40.339 state -> child
[parse] 2025-12-19T14:30:40.343 parent RLOC16 -> 7000
[/dev/ttyACM0] ping parent fd72:e9dd:7d27:e872:0:ff:fe00:7000
[parse] 2025-12-19T14:30:41.415 state -> child
[parse] 2025-12-19T14:30:41.420 parent RLOC16 -> 7000
[/dev/ttyACM0] ping parent fd72:e9dd:7d27:e872:0:ff:fe00:7000
[parse] 2025-12-19T14:30:42.378 state -> child
[parse] 2025-12-19T14:30:42.381 parent RLOC16 -> 7000
[/dev/ttyACM0] ping parent fd72:e9dd:7d27:e872:0:ff:fe00:7000
[parse] 2025-12-19T14:30:43.345 state -> child
[parse] 2025-12-19T14:30:43.354 parent RLOC16 -> 7000
[/dev/ttyACM0] ping parent fd72:e9dd:7d27:e872:0:ff:fe00:7000
[parse] 2025-12-19T14:30:44.661 state -> child
[parse] 2025-12-19T14:30:44.665 parent RLOC16 -> 7000
[/dev/ttyACM0] ping parent fd72:e9dd:7d27:e872:0:ff:fe00:7000
[parse] 2025-12-19T14:30:45.432 state -> child
[parse] 2025-12-19T14:30:45.437 parent RLOC16 -> 7000
[/dev/ttyACM0] ping parent fd72:e9dd:7d27:e872:0:ff:fe00:7000
[parse] 2025-12-19T14:30:46.426 state -> child
[parse] 2025-12-19T14:30:46.432 parent RLOC16 -> 7000
[/dev/ttyACM0] ping parent fd72:e9dd:7d27:e872:0:ff:fe00:7000
[parse] 2025-12-19T14:30:47.392 state -> child
[parse] 2025-12-19T14:30:47.397 parent RLOC16 -> 7000
[/dev/ttyACM0] ping parent fd72:e9dd:7d27:e872:0:ff:fe00:7000
[parse] 2025-12-19T14:30:48.370 state -> child
[parse] 2025-12-19T14:30:48.376 parent RLOC16 -> 7000
[/dev/ttyACM0] ping parent fd72:e9dd:7d27:e872:0:ff:fe00:7000
[parse] 2025-12-19T14:30:49.436 state -> child
[parse] 2025-12-19T14:30:49.442 parent RLOC16 -> 7000
[/dev/ttyACM0] ping parent fd72:e9dd:7d27:e872:0:ff:fe00:7000
[parse] 2025-12-19T14:30:50.402 state -> child
[parse] 2025-12-19T14:30:50.406 parent RLOC16 -> 7000
[/dev/ttyACM0] ping parent fd72:e9dd:7d27:e872:0:ff:fe00:7000
[parse] 2025-12-19T14:30:51.374 state -> child
[parse] 2025-12-19T14:30:51.378 parent RLOC16 -> 7000
[/dev/ttyACM0] ping parent fd72:e9dd:7d27:e872:0:ff:fe00:7000
[parse] 2025-12-19T14:30:52.347 state -> child
[parse] 2025-12-19T14:30:52.355 parent RLOC16 -> 7000
[/dev/ttyACM0] ping parent fd72:e9dd:7d27:e872:0:ff:fe00:7000
[parse] 2025-12-19T14:30:53.415 state -> child
[parse] 2025-12-19T14:30:53.421 parent RLOC16 -> 7000
[/dev/ttyACM0] ping parent fd72:e9dd:7d27:e872:0:ff:fe00:7000
[parse] 2025-12-19T14:30:54.384 state -> child
[parse] 2025-12-19T14:30:54.391 parent RLOC16 -> 7000
[/dev/ttyACM0] ping parent fd72:e9dd:7d27:e872:0:ff:fe00:7000
[parse] 2025-12-19T14:30:55.355 state -> child
[parse] 2025-12-19T14:30:55.362 parent RLOC16 -> 7000
[/dev/ttyACM0] ping parent fd72:e9dd:7d27:e872:0:ff:fe00:7000
[parse] 2025-12-19T14:30:56.422 state -> child
[parse] 2025-12-19T14:30:56.428 parent RLOC16 -> 7000
[/dev/ttyACM0] ping parent fd72:e9dd:7d27:e872:0:ff:fe00:7000
[parse] 2025-12-19T14:30:57.396 state -> child
[parse] 2025-12-19T14:30:57.403 parent RLOC16 -> 7000
[/dev/ttyACM0] ping parent fd72:e9dd:7d27:e872:0:ff:fe00:7000
[parse] 2025-12-19T14:30:58.359 state -> child
[parse] 2025-12-19T14:30:58.363 parent RLOC16 -> 7000
[/dev/ttyACM0] ping parent fd72:e9dd:7d27:e872:0:ff:fe00:7000
[parse] 2025-12-19T14:30:59.426 state -> child
[parse] 2025-12-19T14:30:59.432 parent RLOC16 -> 7000
[/dev/ttyACM0] ping parent fd72:e9dd:7d27:e872:0:ff:fe00:7000
[parse] 2025-12-19T14:31:00.399 state -> child
[parse] 2025-12-19T14:31:00.406 parent RLOC16 -> 7000
[/dev/ttyACM0] ping parent fd72:e9dd:7d27:e872:0:ff:fe00:7000
[parse] 2025-12-19T14:31:01.364 state -> child
[parse] 2025-12-19T14:31:01.368 parent RLOC16 -> 7000
[/dev/ttyACM0] ping parent fd72:e9dd:7d27:e872:0:ff:fe00:7000
[parse] 2025-12-19T14:31:02.948 state -> child
[parse] 2025-12-19T14:31:02.954 parent RLOC16 -> 7000
[/dev/ttyACM0] ping parent fd72:e9dd:7d27:e872:0:ff:fe00:7000
[parse] 2025-12-19T14:31:03.399 state -> child
[parse] 2025-12-19T14:31:03.405 parent RLOC16 -> 7000
[/dev/ttyACM0] ping parent fd72:e9dd:7d27:e872:0:ff:fe00:7000
[parse] 2025-12-19T14:31:04.366 state -> child
[parse] 2025-12-19T14:31:04.371 parent RLOC16 -> 7000
[/dev/ttyACM0] ping parent fd72:e9dd:7d27:e872:0:ff:fe00:7000
[parse] 2025-12-19T14:31:05.371 state -> child
[parse] 2025-12-19T14:31:05.375 parent RLOC16 -> 7000
[/dev/ttyACM0] ping parent fd72:e9dd:7d27:e872:0:ff:fe00:7000
[parse] 2025-12-19T14:31:06.434 state -> child
[parse] 2025-12-19T14:31:06.439 parent RLOC16 -> 7000
[/dev/ttyACM0] ping parent fd72:e9dd:7d27:e872:0:ff:fe00:7000
[parse] 2025-12-19T14:31:07.365 state -> child
[parse] 2025-12-19T14:31:07.371 parent RLOC16 -> 7000
[/dev/ttyACM0] ping parent fd72:e9dd:7d27:e872:0:ff:fe00:7000
[parse] 2025-12-19T14:31:08.426 state -> child
[parse] 2025-12-19T14:31:08.432 parent RLOC16 -> 7000
[/dev/ttyACM0] ping parent fd72:e9dd:7d27:e872:0:ff:fe00:7000
[parse] 2025-12-19T14:31:09.396 state -> child
[parse] 2025-12-19T14:31:09.403 parent RLOC16 -> 7000
[/dev/ttyACM0] ping parent fd72:e9dd:7d27:e872:0:ff:fe00:7000
[parse] 2025-12-19T14:31:10.409 state -> child
[parse] 2025-12-19T14:31:10.415 parent RLOC16 -> 7000
[/dev/ttyACM0] ping parent fd72:e9dd:7d27:e872:0:ff:fe00:7000
[parse] 2025-12-19T14:31:11.376 state -> child
[parse] 2025-12-19T14:31:11.382 parent RLOC16 -> 7000
[/dev/ttyACM0] ping parent fd72:e9dd:7d27:e872:0:ff:fe00:7000
[parse] 2025-12-19T14:31:12.338 state -> child
[parse] 2025-12-19T14:31:12.341 parent RLOC16 -> 7000
[/dev/ttyACM0] ping parent fd72:e9dd:7d27:e872:0:ff:fe00:7000
[parse] 2025-12-19T14:31:13.421 state -> child
[parse] 2025-12-19T14:31:13.426 parent RLOC16 -> 7000
[/dev/ttyACM0] ping parent fd72:e9dd:7d27:e872:0:ff:fe00:7000
[parse] 2025-12-19T14:31:14.398 state -> child
[parse] 2025-12-19T14:31:14.404 parent RLOC16 -> 7000
[/dev/ttyACM0] ping parent fd72:e9dd:7d27:e872:0:ff:fe00:7000
[parse] 2025-12-19T14:31:16.953 state -> child
[parse] 2025-12-19T14:31:16.957 parent RLOC16 -> 7000
[/dev/ttyACM0] ping parent fd72:e9dd:7d27:e872:0:ff:fe00:7000
[parse] 2025-12-19T14:31:17.414 state -> child
[parse] 2025-12-19T14:31:17.419 parent RLOC16 -> 7000
[/dev/ttyACM0] ping parent fd72:e9dd:7d27:e872:0:ff:fe00:7000
[parse] 2025-12-19T14:31:18.386 state -> child
[parse] 2025-12-19T14:31:18.394 parent RLOC16 -> 7000
[/dev/ttyACM0] ping parent fd72:e9dd:7d27:e872:0:ff:fe00:7000
[parse] 2025-12-19T14:31:19.353 state -> child
[parse] 2025-12-19T14:31:19.359 parent RLOC16 -> 7000
[/dev/ttyACM0] ping parent fd72:e9dd:7d27:e872:0:ff:fe00:7000
[parse] 2025-12-19T14:31:20.425 state -> child
[parse] 2025-12-19T14:31:20.430 parent RLOC16 -> 7000
[/dev/ttyACM0] ping parent fd72:e9dd:7d27:e872:0:ff:fe00:7000
[parse] 2025-12-19T14:31:21.390 state -> child
[parse] 2025-12-19T14:31:21.397 parent RLOC16 -> 7000
[/dev/ttyACM0] ping parent fd72:e9dd:7d27:e872:0:ff:fe00:7000
[parse] 2025-12-19T14:31:22.365 state -> child
[parse] 2025-12-19T14:31:22.369 parent RLOC16 -> 7000
[/dev/ttyACM0] ping parent fd72:e9dd:7d27:e872:0:ff:fe00:7000
[parse] 2025-12-19T14:31:23.389 state -> child
[parse] 2025-12-19T14:31:23.395 parent RLOC16 -> 7000
[/dev/ttyACM0] ping parent fd72:e9dd:7d27:e872:0:ff:fe00:7000
[parse] 2025-12-19T14:31:24.406 state -> child
[parse] 2025-12-19T14:31:24.413 parent RLOC16 -> 7000
[/dev/ttyACM0] ping parent fd72:e9dd:7d27:e872:0:ff:fe00:7000
[parse] 2025-12-19T14:31:25.398 state -> child
[parse] 2025-12-19T14:31:25.402 parent RLOC16 -> 7000
[/dev/ttyACM0] ping parent fd72:e9dd:7d27:e872:0:ff:fe00:7000
[parse] 2025-12-19T14:31:26.358 state -> child
[parse] 2025-12-19T14:31:26.362 parent RLOC16 -> 7000
[/dev/ttyACM0] ping parent fd72:e9dd:7d27:e872:0:ff:fe00:7000
[parse] 2025-12-19T14:31:27.336 state -> child
[parse] 2025-12-19T14:31:27.340 parent RLOC16 -> 7000
[/dev/ttyACM0] ping parent fd72:e9dd:7d27:e872:0:ff:fe00:7000
[parse] 2025-12-19T14:31:28.402 state -> child
[parse] 2025-12-19T14:31:28.408 parent RLOC16 -> 7000
[/dev/ttyACM0] ping parent fd72:e9dd:7d27:e872:0:ff:fe00:7000
[parse] 2025-12-19T14:31:29.365 state -> child
[parse] 2025-12-19T14:31:29.369 parent RLOC16 -> 7000
[/dev/ttyACM0] ping parent fd72:e9dd:7d27:e872:0:ff:fe00:7000
[parse] 2025-12-19T14:31:30.353 state -> child
[parse] 2025-12-19T14:31:30.356 parent RLOC16 -> 7000
[/dev/ttyACM0] ping parent fd72:e9dd:7d27:e872:0:ff:fe00:7000
[parse] 2025-12-19T14:31:31.416 state -> child
[parse] 2025-12-19T14:31:31.422 parent RLOC16 -> 7000
[/dev/ttyACM0] ping parent fd72:e9dd:7d27:e872:0:ff:fe00:7000
[parse] 2025-12-19T14:31:32.383 state -> child
[parse] 2025-12-19T14:31:32.388 parent RLOC16 -> 7000
[/dev/ttyACM0] ping parent fd72:e9dd:7d27:e872:0:ff:fe00:7000
[parse] 2025-12-19T14:31:33.386 state -> child
[parse] 2025-12-19T14:31:33.392 parent RLOC16 -> 7000
[/dev/ttyACM0] ping parent fd72:e9dd:7d27:e872:0:ff:fe00:7000
[parse] 2025-12-19T14:31:34.422 state -> child
[parse] 2025-12-19T14:31:34.427 parent RLOC16 -> 7000
[/dev/ttyACM0] ping parent fd72:e9dd:7d27:e872:0:ff:fe00:7000
[parse] 2025-12-19T14:31:35.399 state -> child
[parse] 2025-12-19T14:31:35.405 parent RLOC16 -> 7000
[/dev/ttyACM0] ping parent fd72:e9dd:7d27:e872:0:ff:fe00:7000
[parse] 2025-12-19T14:31:36.377 state -> child
[parse] 2025-12-19T14:31:36.382 parent RLOC16 -> 7000
[/dev/ttyACM0] ping parent fd72:e9dd:7d27:e872:0:ff:fe00:7000
[parse] 2025-12-19T14:31:37.342 state -> child
[parse] 2025-12-19T14:31:37.348 parent RLOC16 -> 7000
[/dev/ttyACM0] ping parent fd72:e9dd:7d27:e872:0:ff:fe00:7000
[parse] 2025-12-19T14:31:38.410 state -> child
[parse] 2025-12-19T14:31:38.416 parent RLOC16 -> 7000
[/dev/ttyACM0] ping parent fd72:e9dd:7d27:e872:0:ff:fe00:7000
[parse] 2025-12-19T14:31:39.372 state -> child
[parse] 2025-12-19T14:31:39.376 parent RLOC16 -> 7000
[/dev/ttyACM0] ping parent fd72:e9dd:7d27:e872:0:ff:fe00:7000
[parse] 2025-12-19T14:31:40.347 state -> child
[parse] 2025-12-19T14:31:40.353 parent RLOC16 -> 7000
[/dev/ttyACM0] ping parent fd72:e9dd:7d27:e872:0:ff:fe00:7000
[parse] 2025-12-19T14:31:41.361 state -> child
[parse] 2025-12-19T14:31:41.365 parent RLOC16 -> 7000
[/dev/ttyACM0] ping parent fd72:e9dd:7d27:e872:0:ff:fe00:7000
[parse] 2025-12-19T14:31:42.437 state -> child
[parse] 2025-12-19T14:31:42.443 parent RLOC16 -> 7000
[/dev/ttyACM0] ping parent fd72:e9dd:7d27:e872:0:ff:fe00:7000
[parse] 2025-12-19T14:31:43.404 state -> child
[parse] 2025-12-19T14:31:43.410 parent RLOC16 -> 7000
[/dev/ttyACM0] ping parent fd72:e9dd:7d27:e872:0:ff:fe00:7000
[parse] 2025-12-19T14:31:44.374 state -> child
[parse] 2025-12-19T14:31:44.378 parent RLOC16 -> 7000
[/dev/ttyACM0] ping parent fd72:e9dd:7d27:e872:0:ff:fe00:7000
[parse] 2025-12-19T14:31:45.356 state -> child
[parse] 2025-12-19T14:31:45.359 parent RLOC16 -> 7000
[/dev/ttyACM0] ping parent fd72:e9dd:7d27:e872:0:ff:fe00:7000
[parse] 2025-12-19T14:31:46.396 state -> child
[parse] 2025-12-19T14:31:46.402 parent RLOC16 -> 7000
[/dev/ttyACM0] ping parent fd72:e9dd:7d27:e872:0:ff:fe00:7000
[parse] 2025-12-19T14:31:47.381 state -> child
[parse] 2025-12-19T14:31:47.386 parent RLOC16 -> 7000
[/dev/ttyACM0] ping parent fd72:e9dd:7d27:e872:0:ff:fe00:7000
[parse] 2025-12-19T14:31:48.348 state -> child
[parse] 2025-12-19T14:31:48.353 parent RLOC16 -> 7000
[/dev/ttyACM0] ping parent fd72:e9dd:7d27:e872:0:ff:fe00:7000
[parse] 2025-12-19T14:31:49.416 state -> child
[parse] 2025-12-19T14:31:49.422 parent RLOC16 -> 7000
[/dev/ttyACM0] ping parent fd72:e9dd:7d27:e872:0:ff:fe00:7000
[parse] 2025-12-19T14:31:50.413 state -> child
[parse] 2025-12-19T14:31:50.420 parent RLOC16 -> 7000
[/dev/ttyACM0] ping parent fd72:e9dd:7d27:e872:0:ff:fe00:7000
[parse] 2025-12-19T14:31:53.053 state -> child
[parse] 2025-12-19T14:31:53.056 parent RLOC16 -> 7000
[/dev/ttyACM0] ping parent fd72:e9dd:7d27:e872:0:ff:fe00:7000
[parse] 2025-12-19T14:31:53.369 state -> child
[parse] 2025-12-19T14:31:53.374 parent RLOC16 -> 7000
[/dev/ttyACM0] ping parent fd72:e9dd:7d27:e872:0:ff:fe00:7000
[parse] 2025-12-19T14:31:54.439 state -> child
[parse] 2025-12-19T14:31:54.444 parent RLOC16 -> 7000
[/dev/ttyACM0] ping parent fd72:e9dd:7d27:e872:0:ff:fe00:7000
[parse] 2025-12-19T14:31:55.415 state -> child
[parse] 2025-12-19T14:31:55.419 parent RLOC16 -> 7000
[/dev/ttyACM0] ping parent fd72:e9dd:7d27:e872:0:ff:fe00:7000
[parse] 2025-12-19T14:31:56.352 state -> child
[parse] 2025-12-19T14:31:56.358 parent RLOC16 -> 7000
[/dev/ttyACM0] ping parent fd72:e9dd:7d27:e872:0:ff:fe00:7000
[parse] 2025-12-19T14:31:57.353 state -> child
[parse] 2025-12-19T14:31:57.357 parent RLOC16 -> 7000
[/dev/ttyACM0] ping parent fd72:e9dd:7d27:e872:0:ff:fe00:7000
[parse] 2025-12-19T14:31:58.418 state -> child
[parse] 2025-12-19T14:31:58.423 parent RLOC16 -> 7000
[/dev/ttyACM0] ping parent fd72:e9dd:7d27:e872:0:ff:fe00:7000
[parse] 2025-12-19T14:31:59.383 state -> child
[parse] 2025-12-19T14:31:59.390 parent RLOC16 -> 7000
[/dev/ttyACM0] ping parent fd72:e9dd:7d27:e872:0:ff:fe00:7000
[parse] 2025-12-19T14:32:00.355 state -> child
[parse] 2025-12-19T14:32:00.360 parent RLOC16 -> 7000
[/dev/ttyACM0] ping parent fd72:e9dd:7d27:e872:0:ff:fe00:7000
[parse] 2025-12-19T14:32:01.359 state -> child
[parse] 2025-12-19T14:32:01.364 parent RLOC16 -> 7000
[/dev/ttyACM0] ping parent fd72:e9dd:7d27:e872:0:ff:fe00:7000
[parse] 2025-12-19T14:32:02.434 state -> child
[parse] 2025-12-19T14:32:02.439 parent RLOC16 -> 7000
[/dev/ttyACM0] ping parent fd72:e9dd:7d27:e872:0:ff:fe00:7000
[parse] 2025-12-19T14:32:03.401 state -> child
[parse] 2025-12-19T14:32:03.407 parent RLOC16 -> 7000
[/dev/ttyACM0] ping parent fd72:e9dd:7d27:e872:0:ff:fe00:7000
[parse] 2025-12-19T14:32:04.363 state -> child
[parse] 2025-12-19T14:32:04.367 parent RLOC16 -> 7000
[/dev/ttyACM0] ping parent fd72:e9dd:7d27:e872:0:ff:fe00:7000
[/dev/ttyACM0] ping parent fd72:e9dd:7d27:e872:0:ff:fe00:7000
[parse] 2025-12-19T14:32:06.573 state -> child
[parse] 2025-12-19T14:32:06.580 parent RLOC16 -> 7000
[parse] 2025-12-19T14:32:06.633 state -> child
[parse] 2025-12-19T14:32:06.636 parent RLOC16 -> 7000
[/dev/ttyACM0] ping parent fd72:e9dd:7d27:e872:0:ff:fe00:7000
[parse] 2025-12-19T14:32:07.394 state -> child
[parse] 2025-12-19T14:32:07.400 parent RLOC16 -> 7000
[/dev/ttyACM0] ping parent fd72:e9dd:7d27:e872:0:ff:fe00:7000
[parse] 2025-12-19T14:32:08.422 state -> child
[parse] 2025-12-19T14:32:08.428 parent RLOC16 -> 7000
[/dev/ttyACM0] ping parent fd72:e9dd:7d27:e872:0:ff:fe00:7000
[parse] 2025-12-19T14:32:09.400 state -> child
[parse] 2025-12-19T14:32:09.406 parent RLOC16 -> 7000
[/dev/ttyACM0] ping parent fd72:e9dd:7d27:e872:0:ff:fe00:7000
[parse] 2025-12-19T14:32:10.378 state -> child
[parse] 2025-12-19T14:32:10.385 parent RLOC16 -> 7000
[/dev/ttyACM0] ping parent fd72:e9dd:7d27:e872:0:ff:fe00:7000
[parse] 2025-12-19T14:32:11.384 state -> child
[parse] 2025-12-19T14:32:11.387 parent RLOC16 -> 7000
[/dev/ttyACM0] ping parent fd72:e9dd:7d27:e872:0:ff:fe00:7000
[parse] 2025-12-19T14:32:12.370 state -> child
[parse] 2025-12-19T14:32:12.376 parent RLOC16 -> 7000
[/dev/ttyACM0] ping parent fd72:e9dd:7d27:e872:0:ff:fe00:7000
[parse] 2025-12-19T14:32:13.436 state -> child
[parse] 2025-12-19T14:32:13.442 parent RLOC16 -> 7000
[/dev/ttyACM0] ping parent fd72:e9dd:7d27:e872:0:ff:fe00:7000
[parse] 2025-12-19T14:32:14.415 state -> child
[parse] 2025-12-19T14:32:14.420 parent RLOC16 -> 7000
[/dev/ttyACM0] ping parent fd72:e9dd:7d27:e872:0:ff:fe00:7000
[parse] 2025-12-19T14:32:15.416 state -> child
[parse] 2025-12-19T14:32:15.421 parent RLOC16 -> 7000
[/dev/ttyACM0] ping parent fd72:e9dd:7d27:e872:0:ff:fe00:7000
[parse] 2025-12-19T14:32:16.347 state -> child
[parse] 2025-12-19T14:32:16.353 parent RLOC16 -> 7000
[/dev/ttyACM0] ping parent fd72:e9dd:7d27:e872:0:ff:fe00:7000
[parse] 2025-12-19T14:32:17.415 state -> child
[parse] 2025-12-19T14:32:17.420 parent RLOC16 -> 7000
[/dev/ttyACM0] ping parent fd72:e9dd:7d27:e872:0:ff:fe00:7000
[parse] 2025-12-19T14:32:18.359 state -> child
[parse] 2025-12-19T14:32:18.363 parent RLOC16 -> 7000
[/dev/ttyACM0] ping parent fd72:e9dd:7d27:e872:0:ff:fe00:7000
[parse] 2025-12-19T14:32:19.345 state -> child
[parse] 2025-12-19T14:32:19.350 parent RLOC16 -> 7000
[/dev/ttyACM0] ping parent fd72:e9dd:7d27:e872:0:ff:fe00:7000
[parse] 2025-12-19T14:32:20.436 state -> child
[parse] 2025-12-19T14:32:20.442 parent RLOC16 -> 7000
[/dev/ttyACM0] ping parent fd72:e9dd:7d27:e872:0:ff:fe00:7000
[parse] 2025-12-19T14:32:21.405 state -> child
[parse] 2025-12-19T14:32:21.411 parent RLOC16 -> 7000
[/dev/ttyACM0] ping parent fd72:e9dd:7d27:e872:0:ff:fe00:7000
[parse] 2025-12-19T14:32:22.354 state -> child
[parse] 2025-12-19T14:32:22.360 parent RLOC16 -> 7000
[/dev/ttyACM0] ping parent fd72:e9dd:7d27:e872:0:ff:fe00:7000
[parse] 2025-12-19T14:32:23.421 state -> child
[parse] 2025-12-19T14:32:23.427 parent RLOC16 -> 7000
[/dev/ttyACM0] ping parent fd72:e9dd:7d27:e872:0:ff:fe00:7000
[parse] 2025-12-19T14:32:24.400 state -> child
[parse] 2025-12-19T14:32:24.405 parent RLOC16 -> 7000
[/dev/ttyACM0] ping parent fd72:e9dd:7d27:e872:0:ff:fe00:7000
[parse] 2025-12-19T14:32:25.378 state -> child
[parse] 2025-12-19T14:32:25.383 parent RLOC16 -> 7000
[/dev/ttyACM0] ping parent fd72:e9dd:7d27:e872:0:ff:fe00:7000
[parse] 2025-12-19T14:32:26.412 state -> child
[parse] 2025-12-19T14:32:26.417 parent RLOC16 -> 7000
[/dev/ttyACM0] ping parent fd72:e9dd:7d27:e872:0:ff:fe00:7000
[parse] 2025-12-19T14:32:27.378 state -> child
[parse] 2025-12-19T14:32:27.383 parent RLOC16 -> 7000
[/dev/ttyACM0] ping parent fd72:e9dd:7d27:e872:0:ff:fe00:7000
[parse] 2025-12-19T14:32:28.340 state -> child
[parse] 2025-12-19T14:32:28.343 parent RLOC16 -> 7000
[/dev/ttyACM0] ping parent fd72:e9dd:7d27:e872:0:ff:fe00:7000
[/dev/ttyACM0] ping parent fd72:e9dd:7d27:e872:0:ff:fe00:7000
[parse] 2025-12-19T14:32:30.729 state -> child
[parse] 2025-12-19T14:32:30.736 parent RLOC16 -> 7000
[parse] 2025-12-19T14:32:30.790 state -> child
[parse] 2025-12-19T14:32:30.793 parent RLOC16 -> 7000
[/dev/ttyACM0] ping parent fd72:e9dd:7d27:e872:0:ff:fe00:7000
[parse] 2025-12-19T14:32:31.352 state -> child
[parse] 2025-12-19T14:32:31.359 parent RLOC16 -> 7000
[/dev/ttyACM0] ping parent fd72:e9dd:7d27:e872:0:ff:fe00:7000
[parse] 2025-12-19T14:32:32.378 state -> child
[parse] 2025-12-19T14:32:32.381 parent RLOC16 -> 7000
[/dev/ttyACM0] ping parent fd72:e9dd:7d27:e872:0:ff:fe00:7000
[parse] 2025-12-19T14:32:33.343 state -> child
[parse] 2025-12-19T14:32:33.350 parent RLOC16 -> 7000
[/dev/ttyACM0] ping parent fd72:e9dd:7d27:e872:0:ff:fe00:7000
[parse] 2025-12-19T14:32:34.417 state -> child
[parse] 2025-12-19T14:32:34.423 parent RLOC16 -> 7000
[/dev/ttyACM0] ping parent fd72:e9dd:7d27:e872:0:ff:fe00:7000
[parse] 2025-12-19T14:32:35.383 state -> child
[parse] 2025-12-19T14:32:35.388 parent RLOC16 -> 7000
[/dev/ttyACM0] ping parent fd72:e9dd:7d27:e872:0:ff:fe00:7000
[parse] 2025-12-19T14:32:36.356 state -> child
[parse] 2025-12-19T14:32:36.362 parent RLOC16 -> 7000
[/dev/ttyACM0] ping parent fd72:e9dd:7d27:e872:0:ff:fe00:7000
[parse] 2025-12-19T14:32:37.340 state -> child
[parse] 2025-12-19T14:32:37.344 parent RLOC16 -> 7000
[/dev/ttyACM0] ping parent fd72:e9dd:7d27:e872:0:ff:fe00:7000
[parse] 2025-12-19T14:32:38.407 state -> child
[parse] 2025-12-19T14:32:38.413 parent RLOC16 -> 7000
[/dev/ttyACM0] ping parent fd72:e9dd:7d27:e872:0:ff:fe00:7000
[parse] 2025-12-19T14:32:39.384 state -> child
[parse] 2025-12-19T14:32:39.391 parent RLOC16 -> 7000
[/dev/ttyACM0] ping parent fd72:e9dd:7d27:e872:0:ff:fe00:7000
[parse] 2025-12-19T14:32:40.352 state -> child
[parse] 2025-12-19T14:32:40.359 parent RLOC16 -> 7000
[/dev/ttyACM0] ping parent fd72:e9dd:7d27:e872:0:ff:fe00:7000
[parse] 2025-12-19T14:32:41.356 state -> child
[parse] 2025-12-19T14:32:41.359 parent RLOC16 -> 7000
[/dev/ttyACM0] ping parent fd72:e9dd:7d27:e872:0:ff:fe00:7000
[parse] 2025-12-19T14:32:42.431 state -> child
[parse] 2025-12-19T14:32:42.436 parent RLOC16 -> 7000
[/dev/ttyACM0] ping parent fd72:e9dd:7d27:e872:0:ff:fe00:7000
[parse] 2025-12-19T14:32:43.429 state -> child
[parse] 2025-12-19T14:32:43.434 parent RLOC16 -> 7000
[/dev/ttyACM0] ping parent fd72:e9dd:7d27:e872:0:ff:fe00:7000
[parse] 2025-12-19T14:32:44.404 state -> child
[parse] 2025-12-19T14:32:44.410 parent RLOC16 -> 7000
[/dev/ttyACM0] ping parent fd72:e9dd:7d27:e872:0:ff:fe00:7000
[parse] 2025-12-19T14:32:45.415 state -> child
[parse] 2025-12-19T14:32:45.422 parent RLOC16 -> 7000
[/dev/ttyACM0] ping parent fd72:e9dd:7d27:e872:0:ff:fe00:7000
[parse] 2025-12-19T14:32:48.686 state -> child
[parse] 2025-12-19T14:32:48.690 parent RLOC16 -> 7000
[/dev/ttyACM0] ping parent fd72:e9dd:7d27:e872:0:ff:fe00:7000
[parse] 2025-12-19T14:32:49.347 state -> child
[parse] 2025-12-19T14:32:49.353 parent RLOC16 -> 7000
[/dev/ttyACM0] ping parent fd72:e9dd:7d27:e872:0:ff:fe00:7000
[parse] 2025-12-19T14:32:50.417 state -> child
[parse] 2025-12-19T14:32:50.424 parent RLOC16 -> 7000
[/dev/ttyACM0] ping parent fd72:e9dd:7d27:e872:0:ff:fe00:7000
[parse] 2025-12-19T14:32:51.379 state -> child
[parse] 2025-12-19T14:32:51.384 parent RLOC16 -> 7000
[/dev/ttyACM0] ping parent fd72:e9dd:7d27:e872:0:ff:fe00:7000
[parse] 2025-12-19T14:32:52.346 state -> child
[parse] 2025-12-19T14:32:52.351 parent RLOC16 -> 7000
[/dev/ttyACM0] ping parent fd72:e9dd:7d27:e872:0:ff:fe00:7000
[parse] 2025-12-19T14:32:53.417 state -> child
[parse] 2025-12-19T14:32:53.423 parent RLOC16 -> 7000
[/dev/ttyACM0] ping parent fd72:e9dd:7d27:e872:0:ff:fe00:7000
[/dev/ttyACM0] ping parent fd72:e9dd:7d27:e872:0:ff:fe00:7000
[parse] 2025-12-19T14:32:56.273 state -> child
[parse] 2025-12-19T14:32:56.279 parent RLOC16 -> 7000
[parse] 2025-12-19T14:32:56.331 state -> child
[/dev/ttyACM0] ping parent fd72:e9dd:7d27:e872:0:ff:fe00:7000
[parse] 2025-12-19T14:32:56.335 parent RLOC16 -> 7000
[parse] 2025-12-19T14:32:56.447 state -> child
[parse] 2025-12-19T14:32:56.454 parent RLOC16 -> 7000
[/dev/ttyACM0] ping parent fd72:e9dd:7d27:e872:0:ff:fe00:7000
[parse] 2025-12-19T14:32:57.415 state -> child
[parse] 2025-12-19T14:32:57.422 parent RLOC16 -> 7000
[/dev/ttyACM0] ping parent fd72:e9dd:7d27:e872:0:ff:fe00:7000
[parse] 2025-12-19T14:32:58.387 state -> child
[parse] 2025-12-19T14:32:58.391 parent RLOC16 -> 7000
[/dev/ttyACM0] ping parent fd72:e9dd:7d27:e872:0:ff:fe00:7000
[parse] 2025-12-19T14:32:59.353 state -> child
[parse] 2025-12-19T14:32:59.359 parent RLOC16 -> 7000
[/dev/ttyACM0] ping parent fd72:e9dd:7d27:e872:0:ff:fe00:7000
[parse] 2025-12-19T14:33:00.431 state -> child
[parse] 2025-12-19T14:33:00.435 parent RLOC16 -> 7000
[/dev/ttyACM0] ping parent fd72:e9dd:7d27:e872:0:ff:fe00:7000
[parse] 2025-12-19T14:33:01.416 state -> child
[parse] 2025-12-19T14:33:01.422 parent RLOC16 -> 7000
[/dev/ttyACM0] ping parent fd72:e9dd:7d27:e872:0:ff:fe00:7000
[parse] 2025-12-19T14:33:02.361 state -> child
[parse] 2025-12-19T14:33:02.367 parent RLOC16 -> 7000
[/dev/ttyACM0] ping parent fd72:e9dd:7d27:e872:0:ff:fe00:7000
[parse] 2025-12-19T14:33:03.424 state -> child
[parse] 2025-12-19T14:33:03.428 parent RLOC16 -> 7000
[/dev/ttyACM0] ping parent fd72:e9dd:7d27:e872:0:ff:fe00:7000
[parse] 2025-12-19T14:33:04.399 state -> child
[parse] 2025-12-19T14:33:04.406 parent RLOC16 -> 7000
[/dev/ttyACM0] ping parent fd72:e9dd:7d27:e872:0:ff:fe00:7000
[parse] 2025-12-19T14:33:05.362 state -> child
[parse] 2025-12-19T14:33:05.366 parent RLOC16 -> 7000
[/dev/ttyACM0] ping parent fd72:e9dd:7d27:e872:0:ff:fe00:7000
[parse] 2025-12-19T14:33:06.431 state -> child
[parse] 2025-12-19T14:33:06.435 parent RLOC16 -> 7000
[/dev/ttyACM0] ping parent fd72:e9dd:7d27:e872:0:ff:fe00:7000
[parse] 2025-12-19T14:33:07.396 state -> child
[parse] 2025-12-19T14:33:07.402 parent RLOC16 -> 7000
[/dev/ttyACM0] ping parent fd72:e9dd:7d27:e872:0:ff:fe00:7000
[parse] 2025-12-19T14:33:08.362 state -> child
[parse] 2025-12-19T14:33:08.367 parent RLOC16 -> 7000
[/dev/ttyACM0] ping parent fd72:e9dd:7d27:e872:0:ff:fe00:7000
[parse] 2025-12-19T14:33:09.421 state -> child
[parse] 2025-12-19T14:33:09.426 parent RLOC16 -> 7000
[/dev/ttyACM0] ping parent fd72:e9dd:7d27:e872:0:ff:fe00:7000
[parse] 2025-12-19T14:33:10.377 state -> child
[parse] 2025-12-19T14:33:10.380 parent RLOC16 -> 7000
[/dev/ttyACM0] ping parent fd72:e9dd:7d27:e872:0:ff:fe00:7000
[parse] 2025-12-19T14:33:11.346 state -> child
[parse] 2025-12-19T14:33:11.352 parent RLOC16 -> 7000
[/dev/ttyACM0] ping parent fd72:e9dd:7d27:e872:0:ff:fe00:7000
[parse] 2025-12-19T14:33:12.417 state -> child
[parse] 2025-12-19T14:33:12.423 parent RLOC16 -> 7000
[/dev/ttyACM0] ping parent fd72:e9dd:7d27:e872:0:ff:fe00:7000
[parse] 2025-12-19T14:33:13.386 state -> child
[parse] 2025-12-19T14:33:13.392 parent RLOC16 -> 7000
[/dev/ttyACM0] ping parent fd72:e9dd:7d27:e872:0:ff:fe00:7000
[parse] 2025-12-19T14:33:14.356 state -> child
[parse] 2025-12-19T14:33:14.362 parent RLOC16 -> 7000
[/dev/ttyACM0] ping parent fd72:e9dd:7d27:e872:0:ff:fe00:7000
[parse] 2025-12-19T14:33:15.428 state -> child
[parse] 2025-12-19T14:33:15.433 parent RLOC16 -> 7000
[/dev/ttyACM0] ping parent fd72:e9dd:7d27:e872:0:ff:fe00:7000
[parse] 2025-12-19T14:33:16.395 state -> child
[parse] 2025-12-19T14:33:16.402 parent RLOC16 -> 7000
[/dev/ttyACM0] ping parent fd72:e9dd:7d27:e872:0:ff:fe00:7000
[parse] 2025-12-19T14:33:17.816 state -> child
[parse] 2025-12-19T14:33:17.823 parent RLOC16 -> 7000
[/dev/ttyACM0] ping parent fd72:e9dd:7d27:e872:0:ff:fe00:7000
[parse] 2025-12-19T14:33:18.383 state -> child
[parse] 2025-12-19T14:33:18.388 parent RLOC16 -> 7000
[/dev/ttyACM0] ping parent fd72:e9dd:7d27:e872:0:ff:fe00:7000
[parse] 2025-12-19T14:33:19.345 state -> child
[parse] 2025-12-19T14:33:19.352 parent RLOC16 -> 7000
[/dev/ttyACM0] ping parent fd72:e9dd:7d27:e872:0:ff:fe00:7000
[parse] 2025-12-19T14:33:20.415 state -> child
[parse] 2025-12-19T14:33:20.420 parent RLOC16 -> 7000
[/dev/ttyACM0] ping parent fd72:e9dd:7d27:e872:0:ff:fe00:7000
[parse] 2025-12-19T14:33:21.387 state -> child
[parse] 2025-12-19T14:33:21.393 parent RLOC16 -> 7000
[/dev/ttyACM0] ping parent fd72:e9dd:7d27:e872:0:ff:fe00:7000
[parse] 2025-12-19T14:33:22.400 state -> child
[parse] 2025-12-19T14:33:22.407 parent RLOC16 -> 7000
[/dev/ttyACM0] ping parent fd72:e9dd:7d27:e872:0:ff:fe00:7000
[parse] 2025-12-19T14:33:23.370 state -> child
[parse] 2025-12-19T14:33:23.375 parent RLOC16 -> 7000
[/dev/ttyACM0] ping parent fd72:e9dd:7d27:e872:0:ff:fe00:7000
[parse] 2025-12-19T14:33:24.436 state -> child
[parse] 2025-12-19T14:33:24.441 parent RLOC16 -> 7000
[/dev/ttyACM0] ping parent fd72:e9dd:7d27:e872:0:ff:fe00:7000
[parse] 2025-12-19T14:33:25.406 state -> child
[parse] 2025-12-19T14:33:25.414 parent RLOC16 -> 7000
[/dev/ttyACM0] ping parent fd72:e9dd:7d27:e872:0:ff:fe00:7000
[parse] 2025-12-19T14:33:26.422 state -> child
[parse] 2025-12-19T14:33:26.428 parent RLOC16 -> 7000
[/dev/ttyACM0] ping parent fd72:e9dd:7d27:e872:0:ff:fe00:7000
[parse] 2025-12-19T14:33:27.447 state -> child
[parse] 2025-12-19T14:33:27.455 parent RLOC16 -> 7000
[/dev/ttyACM0] ping parent fd72:e9dd:7d27:e872:0:ff:fe00:7000
[/dev/ttyACM0] ping parent fd72:e9dd:7d27:e872:0:ff:fe00:7000
[parse] 2025-12-19T14:33:30.013 state -> child
[parse] 2025-12-19T14:33:30.018 parent RLOC16 -> 7000
[parse] 2025-12-19T14:33:30.132 state -> child
[parse] 2025-12-19T14:33:30.135 parent RLOC16 -> 7000
[/dev/ttyACM0] ping parent fd72:e9dd:7d27:e872:0:ff:fe00:7000
[parse] 2025-12-19T14:33:30.392 state -> child
[parse] 2025-12-19T14:33:30.396 parent RLOC16 -> 7000
[/dev/ttyACM0] ping parent fd72:e9dd:7d27:e872:0:ff:fe00:7000
[parse] 2025-12-19T14:33:31.382 state -> child
[parse] 2025-12-19T14:33:31.387 parent RLOC16 -> 7000
[/dev/ttyACM0] ping parent fd72:e9dd:7d27:e872:0:ff:fe00:7000
[parse] 2025-12-19T14:33:32.358 state -> child
[parse] 2025-12-19T14:33:32.363 parent RLOC16 -> 7000
[/dev/ttyACM0] ping parent fd72:e9dd:7d27:e872:0:ff:fe00:7000
[parse] 2025-12-19T14:33:33.374 state -> child
[parse] 2025-12-19T14:33:33.380 parent RLOC16 -> 7000
[/dev/ttyACM0] ping parent fd72:e9dd:7d27:e872:0:ff:fe00:7000
[parse] 2025-12-19T14:33:34.415 state -> child
[parse] 2025-12-19T14:33:34.421 parent RLOC16 -> 7000
[/dev/ttyACM0] ping parent fd72:e9dd:7d27:e872:0:ff:fe00:7000
[parse] 2025-12-19T14:33:35.381 state -> child
[parse] 2025-12-19T14:33:35.386 parent RLOC16 -> 7000
[/dev/ttyACM0] ping parent fd72:e9dd:7d27:e872:0:ff:fe00:7000
[parse] 2025-12-19T14:33:36.358 state -> child
[parse] 2025-12-19T14:33:36.364 parent RLOC16 -> 7000
[/dev/ttyACM0] ping parent fd72:e9dd:7d27:e872:0:ff:fe00:7000
[parse] 2025-12-19T14:33:37.337 state -> child
[parse] 2025-12-19T14:33:37.341 parent RLOC16 -> 7000
[/dev/ttyACM0] ping parent fd72:e9dd:7d27:e872:0:ff:fe00:7000
[parse] 2025-12-19T14:33:38.353 state -> child
[parse] 2025-12-19T14:33:38.360 parent RLOC16 -> 7000
[/dev/ttyACM0] ping parent fd72:e9dd:7d27:e872:0:ff:fe00:7000
[parse] 2025-12-19T14:33:39.430 state -> child
[parse] 2025-12-19T14:33:39.435 parent RLOC16 -> 7000
[/dev/ttyACM0] ping parent fd72:e9dd:7d27:e872:0:ff:fe00:7000
[parse] 2025-12-19T14:33:40.409 state -> child
[parse] 2025-12-19T14:33:40.415 parent RLOC16 -> 7000
[/dev/ttyACM0] ping parent fd72:e9dd:7d27:e872:0:ff:fe00:7000
[parse] 2025-12-19T14:33:41.377 state -> child
[parse] 2025-12-19T14:33:41.382 parent RLOC16 -> 7000
[/dev/ttyACM0] ping parent fd72:e9dd:7d27:e872:0:ff:fe00:7000
[parse] 2025-12-19T14:33:42.339 state -> child
[parse] 2025-12-19T14:33:42.342 parent RLOC16 -> 7000
[/dev/ttyACM0] ping parent fd72:e9dd:7d27:e872:0:ff:fe00:7000
[parse] 2025-12-19T14:33:43.402 state -> child
[parse] 2025-12-19T14:33:43.407 parent RLOC16 -> 7000
[/dev/ttyACM0] ping parent fd72:e9dd:7d27:e872:0:ff:fe00:7000
[parse] 2025-12-19T14:33:44.366 state -> child
[parse] 2025-12-19T14:33:44.372 parent RLOC16 -> 7000
[/dev/ttyACM0] ping parent fd72:e9dd:7d27:e872:0:ff:fe00:7000
[parse] 2025-12-19T14:33:45.436 state -> child
[parse] 2025-12-19T14:33:45.442 parent RLOC16 -> 7000
[/dev/ttyACM0] ping parent fd72:e9dd:7d27:e872:0:ff:fe00:7000
[parse] 2025-12-19T14:33:46.353 state -> child
[parse] 2025-12-19T14:33:46.357 parent RLOC16 -> 7000
[/dev/ttyACM0] ping parent fd72:e9dd:7d27:e872:0:ff:fe00:7000
[parse] 2025-12-19T14:33:47.357 state -> child
[parse] 2025-12-19T14:33:47.360 parent RLOC16 -> 7000
[/dev/ttyACM0] ping parent fd72:e9dd:7d27:e872:0:ff:fe00:7000
[parse] 2025-12-19T14:33:48.430 state -> child
[parse] 2025-12-19T14:33:48.436 parent RLOC16 -> 7000
[/dev/ttyACM0] ping parent fd72:e9dd:7d27:e872:0:ff:fe00:7000
[parse] 2025-12-19T14:33:49.397 state -> child
[parse] 2025-12-19T14:33:49.404 parent RLOC16 -> 7000
[/dev/ttyACM0] ping parent fd72:e9dd:7d27:e872:0:ff:fe00:7000
[parse] 2025-12-19T14:33:50.382 state -> child
[parse] 2025-12-19T14:33:50.385 parent RLOC16 -> 7000
[/dev/ttyACM0] ping parent fd72:e9dd:7d27:e872:0:ff:fe00:7000
[parse] 2025-12-19T14:33:51.356 state -> child
[parse] 2025-12-19T14:33:51.359 parent RLOC16 -> 7000
[/dev/ttyACM0] ping parent fd72:e9dd:7d27:e872:0:ff:fe00:7000
[parse] 2025-12-19T14:33:52.420 state -> child
[parse] 2025-12-19T14:33:52.424 parent RLOC16 -> 7000
[/dev/ttyACM0] ping parent fd72:e9dd:7d27:e872:0:ff:fe00:7000
[parse] 2025-12-19T14:33:53.386 state -> child
[parse] 2025-12-19T14:33:53.390 parent RLOC16 -> 7000
[/dev/ttyACM0] ping parent fd72:e9dd:7d27:e872:0:ff:fe00:7000
[parse] 2025-12-19T14:33:54.356 state -> child
[parse] 2025-12-19T14:33:54.362 parent RLOC16 -> 7000
[/dev/ttyACM0] ping parent fd72:e9dd:7d27:e872:0:ff:fe00:7000
[parse] 2025-12-19T14:33:55.390 state -> child
[parse] 2025-12-19T14:33:55.394 parent RLOC16 -> 7000
[/dev/ttyACM0] ping parent fd72:e9dd:7d27:e872:0:ff:fe00:7000
[parse] 2025-12-19T14:33:56.357 state -> child
[parse] 2025-12-19T14:33:56.361 parent RLOC16 -> 7000
[/dev/ttyACM0] ping parent fd72:e9dd:7d27:e872:0:ff:fe00:7000
[parse] 2025-12-19T14:33:57.421 state -> child
[parse] 2025-12-19T14:33:57.426 parent RLOC16 -> 7000
[/dev/ttyACM0] ping parent fd72:e9dd:7d27:e872:0:ff:fe00:7000
[parse] 2025-12-19T14:33:58.410 state -> child
[parse] 2025-12-19T14:33:58.418 parent RLOC16 -> 7000
[/dev/ttyACM0] ping parent fd72:e9dd:7d27:e872:0:ff:fe00:7000
[parse] 2025-12-19T14:33:59.375 state -> child
[parse] 2025-12-19T14:33:59.378 parent RLOC16 -> 7000
[/dev/ttyACM0] ping parent fd72:e9dd:7d27:e872:0:ff:fe00:7000
[parse] 2025-12-19T14:34:00.347 state -> child
[parse] 2025-12-19T14:34:00.354 parent RLOC16 -> 7000
[/dev/ttyACM0] ping parent fd72:e9dd:7d27:e872:0:ff:fe00:7000
[parse] 2025-12-19T14:34:01.416 state -> child
[parse] 2025-12-19T14:34:01.422 parent RLOC16 -> 7000
[/dev/ttyACM0] ping parent fd72:e9dd:7d27:e872:0:ff:fe00:7000
[parse] 2025-12-19T14:34:02.383 state -> child
[parse] 2025-12-19T14:34:02.387 parent RLOC16 -> 7000
[/dev/ttyACM0] ping parent fd72:e9dd:7d27:e872:0:ff:fe00:7000
[parse] 2025-12-19T14:34:03.360 state -> child
[parse] 2025-12-19T14:34:03.367 parent RLOC16 -> 7000
[/dev/ttyACM0] ping parent fd72:e9dd:7d27:e872:0:ff:fe00:7000
[parse] 2025-12-19T14:34:04.373 state -> child
[parse] 2025-12-19T14:34:04.379 parent RLOC16 -> 7000
[/dev/ttyACM0] ping parent fd72:e9dd:7d27:e872:0:ff:fe00:7000
[parse] 2025-12-19T14:34:05.830 state -> child
[parse] 2025-12-19T14:34:05.834 parent RLOC16 -> 7000
[/dev/ttyACM0] ping parent fd72:e9dd:7d27:e872:0:ff:fe00:7000
[parse] 2025-12-19T14:34:06.406 state -> child
[parse] 2025-12-19T14:34:06.409 parent RLOC16 -> 7000
[/dev/ttyACM0] ping parent fd72:e9dd:7d27:e872:0:ff:fe00:7000
[parse] 2025-12-19T14:34:07.381 state -> child
[parse] 2025-12-19T14:34:07.384 parent RLOC16 -> 7000
[/dev/ttyACM0] ping parent fd72:e9dd:7d27:e872:0:ff:fe00:7000
[parse] 2025-12-19T14:34:08.355 state -> child
[parse] 2025-12-19T14:34:08.359 parent RLOC16 -> 7000
[/dev/ttyACM0] ping parent fd72:e9dd:7d27:e872:0:ff:fe00:7000
[parse] 2025-12-19T14:34:09.376 state -> child
[parse] 2025-12-19T14:34:09.379 parent RLOC16 -> 7000
[/dev/ttyACM0] ping parent fd72:e9dd:7d27:e872:0:ff:fe00:7000
[parse] 2025-12-19T14:34:10.359 state -> child
[parse] 2025-12-19T14:34:10.363 parent RLOC16 -> 7000
[/dev/ttyACM0] ping parent fd72:e9dd:7d27:e872:0:ff:fe00:7000
[parse] 2025-12-19T14:34:11.392 state -> child
[parse] 2025-12-19T14:34:11.399 parent RLOC16 -> 7000
[/dev/ttyACM0] ping parent fd72:e9dd:7d27:e872:0:ff:fe00:7000
[parse] 2025-12-19T14:34:12.369 state -> child
[parse] 2025-12-19T14:34:12.374 parent RLOC16 -> 7000
[/dev/ttyACM0] ping parent fd72:e9dd:7d27:e872:0:ff:fe00:7000
[parse] 2025-12-19T14:34:13.482 state -> child
[parse] 2025-12-19T14:34:13.488 parent RLOC16 -> 7000
[/dev/ttyACM0] ping parent fd72:e9dd:7d27:e872:0:ff:fe00:7000
[parse] 2025-12-19T14:34:14.337 state -> child
[parse] 2025-12-19T14:34:14.340 parent RLOC16 -> 7000
[/dev/ttyACM0] ping parent fd72:e9dd:7d27:e872:0:ff:fe00:7000
[parse] 2025-12-19T14:34:15.360 state -> child
[parse] 2025-12-19T14:34:15.363 parent RLOC16 -> 7000
[/dev/ttyACM0] ping parent fd72:e9dd:7d27:e872:0:ff:fe00:7000
[parse] 2025-12-19T14:34:16.428 state -> child
[parse] 2025-12-19T14:34:16.434 parent RLOC16 -> 7000
[/dev/ttyACM0] ping parent fd72:e9dd:7d27:e872:0:ff:fe00:7000
[parse] 2025-12-19T14:34:17.396 state -> child
[parse] 2025-12-19T14:34:17.403 parent RLOC16 -> 7000
[/dev/ttyACM0] ping parent fd72:e9dd:7d27:e872:0:ff:fe00:7000
[parse] 2025-12-19T14:34:18.338 state -> child
[parse] 2025-12-19T14:34:18.342 parent RLOC16 -> 7000
[/dev/ttyACM0] ping parent fd72:e9dd:7d27:e872:0:ff:fe00:7000
[parse] 2025-12-19T14:34:19.406 state -> child
[parse] 2025-12-19T14:34:19.412 parent RLOC16 -> 7000
[/dev/ttyACM0] ping parent fd72:e9dd:7d27:e872:0:ff:fe00:7000
[parse] 2025-12-19T14:34:20.373 state -> child
[parse] 2025-12-19T14:34:20.376 parent RLOC16 -> 7000
[/dev/ttyACM0] ping parent fd72:e9dd:7d27:e872:0:ff:fe00:7000
[parse] 2025-12-19T14:34:21.413 state -> child
[parse] 2025-12-19T14:34:21.418 parent RLOC16 -> 7000
[/dev/ttyACM0] ping parent fd72:e9dd:7d27:e872:0:ff:fe00:7000
[parse] 2025-12-19T14:34:22.379 state -> child
[parse] 2025-12-19T14:34:22.386 parent RLOC16 -> 7000
[/dev/ttyACM0] ping parent fd72:e9dd:7d27:e872:0:ff:fe00:7000
[parse] 2025-12-19T14:34:23.367 state -> child
[parse] 2025-12-19T14:34:23.371 parent RLOC16 -> 7000
[/dev/ttyACM0] ping parent fd72:e9dd:7d27:e872:0:ff:fe00:7000
[parse] 2025-12-19T14:34:24.433 state -> child
[parse] 2025-12-19T14:34:24.439 parent RLOC16 -> 7000
[/dev/ttyACM0] ping parent fd72:e9dd:7d27:e872:0:ff:fe00:7000
[parse] 2025-12-19T14:34:25.405 state -> child
[parse] 2025-12-19T14:34:25.410 parent RLOC16 -> 7000
[/dev/ttyACM0] ping parent fd72:e9dd:7d27:e872:0:ff:fe00:7000
[parse] 2025-12-19T14:34:26.377 state -> child
[parse] 2025-12-19T14:34:26.383 parent RLOC16 -> 7000
[/dev/ttyACM0] ping parent fd72:e9dd:7d27:e872:0:ff:fe00:7000
[parse] 2025-12-19T14:34:28.451 state -> child
[parse] 2025-12-19T14:34:28.456 parent RLOC16 -> 7000
[/dev/ttyACM0] ping parent fd72:e9dd:7d27:e872:0:ff:fe00:7000
[parse] 2025-12-19T14:34:29.417 state -> child
[parse] 2025-12-19T14:34:29.423 parent RLOC16 -> 7000
[/dev/ttyACM0] ping parent fd72:e9dd:7d27:e872:0:ff:fe00:7000
[parse] 2025-12-19T14:34:30.383 state -> child
[parse] 2025-12-19T14:34:30.388 parent RLOC16 -> 7000
[/dev/ttyACM0] ping parent fd72:e9dd:7d27:e872:0:ff:fe00:7000
[parse] 2025-12-19T14:34:31.350 state -> child
[parse] 2025-12-19T14:34:31.356 parent RLOC16 -> 7000
[/dev/ttyACM0] ping parent fd72:e9dd:7d27:e872:0:ff:fe00:7000
[parse] 2025-12-19T14:34:32.417 state -> child
[parse] 2025-12-19T14:34:32.423 parent RLOC16 -> 7000
[/dev/ttyACM0] ping parent fd72:e9dd:7d27:e872:0:ff:fe00:7000
[parse] 2025-12-19T14:34:33.379 state -> child
[parse] 2025-12-19T14:34:33.382 parent RLOC16 -> 7000
[/dev/ttyACM0] ping parent fd72:e9dd:7d27:e872:0:ff:fe00:7000
[/dev/ttyACM0] ping parent fd72:e9dd:7d27:e872:0:ff:fe00:7000
[parse] 2025-12-19T14:34:36.188 state -> child
[parse] 2025-12-19T14:34:36.193 parent RLOC16 -> 7000
[parse] 2025-12-19T14:34:36.266 state -> child
[parse] 2025-12-19T14:34:36.269 parent RLOC16 -> 7000
[/dev/ttyACM0] ping parent fd72:e9dd:7d27:e872:0:ff:fe00:7000
[parse] 2025-12-19T14:34:36.428 state -> child
[parse] 2025-12-19T14:34:36.434 parent RLOC16 -> 7000
[/dev/ttyACM0] ping parent fd72:e9dd:7d27:e872:0:ff:fe00:7000
[parse] 2025-12-19T14:34:37.371 state -> child
[parse] 2025-12-19T14:34:37.375 parent RLOC16 -> 7000
[/dev/ttyACM0] ping parent fd72:e9dd:7d27:e872:0:ff:fe00:7000
[parse] 2025-12-19T14:34:38.437 state -> child
[parse] 2025-12-19T14:34:38.441 parent RLOC16 -> 7000
[/dev/ttyACM0] ping parent fd72:e9dd:7d27:e872:0:ff:fe00:7000
[parse] 2025-12-19T14:34:39.383 state -> child
[parse] 2025-12-19T14:34:39.388 parent RLOC16 -> 7000
[/dev/ttyACM0] ping parent fd72:e9dd:7d27:e872:0:ff:fe00:7000
[parse] 2025-12-19T14:34:40.349 state -> child
[parse] 2025-12-19T14:34:40.354 parent RLOC16 -> 7000
[/dev/ttyACM0] ping parent fd72:e9dd:7d27:e872:0:ff:fe00:7000
[parse] 2025-12-19T14:34:41.417 state -> child
[parse] 2025-12-19T14:34:41.424 parent RLOC16 -> 7000
[/dev/ttyACM0] ping parent fd72:e9dd:7d27:e872:0:ff:fe00:7000
[parse] 2025-12-19T14:34:42.410 state -> child
[parse] 2025-12-19T14:34:42.413 parent RLOC16 -> 7000
[/dev/ttyACM0] ping parent fd72:e9dd:7d27:e872:0:ff:fe00:7000
[parse] 2025-12-19T14:34:43.431 state -> child
[parse] 2025-12-19T14:34:43.436 parent RLOC16 -> 7000
[/dev/ttyACM0] ping parent fd72:e9dd:7d27:e872:0:ff:fe00:7000
[parse] 2025-12-19T14:34:44.398 state -> child
[parse] 2025-12-19T14:34:44.403 parent RLOC16 -> 7000
[/dev/ttyACM0] ping parent fd72:e9dd:7d27:e872:0:ff:fe00:7000
[parse] 2025-12-19T14:34:45.431 state -> child
[parse] 2025-12-19T14:34:45.436 parent RLOC16 -> 7000
[/dev/ttyACM0] ping parent fd72:e9dd:7d27:e872:0:ff:fe00:7000
[parse] 2025-12-19T14:34:46.413 state -> child
[parse] 2025-12-19T14:34:46.418 parent RLOC16 -> 7000
[/dev/ttyACM0] ping parent fd72:e9dd:7d27:e872:0:ff:fe00:7000
[parse] 2025-12-19T14:34:47.375 state -> child
[parse] 2025-12-19T14:34:47.381 parent RLOC16 -> 7000
[/dev/ttyACM0] ping parent fd72:e9dd:7d27:e872:0:ff:fe00:7000
[parse] 2025-12-19T14:34:48.359 state -> child
[parse] 2025-12-19T14:34:48.362 parent RLOC16 -> 7000
[/dev/ttyACM0] ping parent fd72:e9dd:7d27:e872:0:ff:fe00:7000
[parse] 2025-12-19T14:34:49.434 state -> child
[parse] 2025-12-19T14:34:49.440 parent RLOC16 -> 7000
[/dev/ttyACM0] ping parent fd72:e9dd:7d27:e872:0:ff:fe00:7000
[parse] 2025-12-19T14:34:50.428 state -> child
[parse] 2025-12-19T14:34:50.431 parent RLOC16 -> 7000
[/dev/ttyACM0] ping parent fd72:e9dd:7d27:e872:0:ff:fe00:7000
[parse] 2025-12-19T14:34:54.550 state -> child
[parse] 2025-12-19T14:34:54.557 parent RLOC16 -> 7000
[/dev/ttyACM0] ping parent fd72:e9dd:7d27:e872:0:ff:fe00:7000
[parse] 2025-12-19T14:34:55.419 state -> child
[parse] 2025-12-19T14:34:55.424 parent RLOC16 -> 7000
[/dev/ttyACM0] ping parent fd72:e9dd:7d27:e872:0:ff:fe00:7000
[parse] 2025-12-19T14:34:56.382 state -> child
[parse] 2025-12-19T14:34:56.387 parent RLOC16 -> 7000
[/dev/ttyACM0] ping parent fd72:e9dd:7d27:e872:0:ff:fe00:7000
[parse] 2025-12-19T14:34:57.349 state -> child
[parse] 2025-12-19T14:34:57.357 parent RLOC16 -> 7000
[/dev/ttyACM0] ping parent fd72:e9dd:7d27:e872:0:ff:fe00:7000
[parse] 2025-12-19T14:34:58.424 state -> child
[parse] 2025-12-19T14:34:58.427 parent RLOC16 -> 7000
[/dev/ttyACM0] ping parent fd72:e9dd:7d27:e872:0:ff:fe00:7000
[parse] 2025-12-19T14:34:59.406 state -> child
[parse] 2025-12-19T14:34:59.414 parent RLOC16 -> 7000
[/dev/ttyACM0] ping parent fd72:e9dd:7d27:e872:0:ff:fe00:7000
[parse] 2025-12-19T14:35:00.437 state -> child
[parse] 2025-12-19T14:35:00.442 parent RLOC16 -> 7000
[/dev/ttyACM0] ping parent fd72:e9dd:7d27:e872:0:ff:fe00:7000
[parse] 2025-12-19T14:35:01.407 state -> child
[parse] 2025-12-19T14:35:01.414 parent RLOC16 -> 7000
[/dev/ttyACM0] ping parent fd72:e9dd:7d27:e872:0:ff:fe00:7000
[parse] 2025-12-19T14:35:02.373 state -> child
[parse] 2025-12-19T14:35:02.376 parent RLOC16 -> 7000
[/dev/ttyACM0] ping parent fd72:e9dd:7d27:e872:0:ff:fe00:7000
[parse] 2025-12-19T14:35:03.407 state -> child
[parse] 2025-12-19T14:35:03.414 parent RLOC16 -> 7000
[/dev/ttyACM0] ping parent fd72:e9dd:7d27:e872:0:ff:fe00:7000
[parse] 2025-12-19T14:35:04.373 state -> child
[parse] 2025-12-19T14:35:04.379 parent RLOC16 -> 7000
[/dev/ttyACM0] ping parent fd72:e9dd:7d27:e872:0:ff:fe00:7000
[/dev/ttyACM0] ping parent fd72:e9dd:7d27:e872:0:ff:fe00:7000
[parse] 2025-12-19T14:35:07.164 state -> child
[parse] 2025-12-19T14:35:07.169 parent RLOC16 -> 7000
[parse] 2025-12-19T14:35:07.235 state -> child
[parse] 2025-12-19T14:35:07.238 parent RLOC16 -> 7000
[/dev/ttyACM0] ping parent fd72:e9dd:7d27:e872:0:ff:fe00:7000
[parse] 2025-12-19T14:35:07.422 state -> child
[parse] 2025-12-19T14:35:07.428 parent RLOC16 -> 7000
[/dev/ttyACM0] ping parent fd72:e9dd:7d27:e872:0:ff:fe00:7000
[parse] 2025-12-19T14:35:08.387 state -> child
[parse] 2025-12-19T14:35:08.392 parent RLOC16 -> 7000
[/dev/ttyACM0] ping parent fd72:e9dd:7d27:e872:0:ff:fe00:7000
[parse] 2025-12-19T14:35:09.357 state -> child
[parse] 2025-12-19T14:35:09.363 parent RLOC16 -> 7000
[/dev/ttyACM0] ping parent fd72:e9dd:7d27:e872:0:ff:fe00:7000
[parse] 2025-12-19T14:35:10.380 state -> child
[parse] 2025-12-19T14:35:10.386 parent RLOC16 -> 7000
[/dev/ttyACM0] ping parent fd72:e9dd:7d27:e872:0:ff:fe00:7000
[parse] 2025-12-19T14:35:11.345 state -> child
[parse] 2025-12-19T14:35:11.351 parent RLOC16 -> 7000
[/dev/ttyACM0] ping parent fd72:e9dd:7d27:e872:0:ff:fe00:7000
[parse] 2025-12-19T14:35:12.418 state -> child
[parse] 2025-12-19T14:35:12.423 parent RLOC16 -> 7000
[/dev/ttyACM0] ping parent fd72:e9dd:7d27:e872:0:ff:fe00:7000
[parse] 2025-12-19T14:35:13.386 state -> child
[parse] 2025-12-19T14:35:13.392 parent RLOC16 -> 7000
[/dev/ttyACM0] ping parent fd72:e9dd:7d27:e872:0:ff:fe00:7000
[parse] 2025-12-19T14:35:14.764 state -> child
[parse] 2025-12-19T14:35:14.770 parent RLOC16 -> 7000
[/dev/ttyACM0] ping parent fd72:e9dd:7d27:e872:0:ff:fe00:7000
[/dev/ttyACM0] ping parent fd72:e9dd:7d27:e872:0:ff:fe00:7000
[parse] 2025-12-19T14:35:17.352 state -> child
[parse] 2025-12-19T14:35:17.360 parent RLOC16 -> 7000
[parse] 2025-12-19T14:35:17.414 state -> child
[parse] 2025-12-19T14:35:17.417 parent RLOC16 -> 7000
[/dev/ttyACM0] ping parent fd72:e9dd:7d27:e872:0:ff:fe00:7000
[parse] 2025-12-19T14:35:18.375 state -> child
[parse] 2025-12-19T14:35:18.382 parent RLOC16 -> 7000
[/dev/ttyACM0] ping parent fd72:e9dd:7d27:e872:0:ff:fe00:7000
[parse] 2025-12-19T14:35:19.347 state -> child
[parse] 2025-12-19T14:35:19.355 parent RLOC16 -> 7000
[/dev/ttyACM0] ping parent fd72:e9dd:7d27:e872:0:ff:fe00:7000
[parse] 2025-12-19T14:35:20.418 state -> child
[parse] 2025-12-19T14:35:20.423 parent RLOC16 -> 7000
[/dev/ttyACM0] ping parent fd72:e9dd:7d27:e872:0:ff:fe00:7000
[parse] 2025-12-19T14:35:21.414 state -> child
[parse] 2025-12-19T14:35:21.418 parent RLOC16 -> 7000
[/dev/ttyACM0] ping parent fd72:e9dd:7d27:e872:0:ff:fe00:7000
[parse] 2025-12-19T14:35:22.377 state -> child
[parse] 2025-12-19T14:35:22.383 parent RLOC16 -> 7000
[/dev/ttyACM0] ping parent fd72:e9dd:7d27:e872:0:ff:fe00:7000
[parse] 2025-12-19T14:35:23.343 state -> child
[parse] 2025-12-19T14:35:23.350 parent RLOC16 -> 7000
[/dev/ttyACM0] ping parent fd72:e9dd:7d27:e872:0:ff:fe00:7000
[parse] 2025-12-19T14:35:24.411 state -> child
[parse] 2025-12-19T14:35:24.416 parent RLOC16 -> 7000
[/dev/ttyACM0] ping parent fd72:e9dd:7d27:e872:0:ff:fe00:7000
[parse] 2025-12-19T14:35:25.387 state -> child
[parse] 2025-12-19T14:35:25.393 parent RLOC16 -> 7000
[/dev/ttyACM0] ping parent fd72:e9dd:7d27:e872:0:ff:fe00:7000
[parse] 2025-12-19T14:35:26.428 state -> child
[parse] 2025-12-19T14:35:26.435 parent RLOC16 -> 7000
[/dev/ttyACM0] ping parent fd72:e9dd:7d27:e872:0:ff:fe00:7000
[parse] 2025-12-19T14:35:27.403 state -> child
[parse] 2025-12-19T14:35:27.406 parent RLOC16 -> 7000
[/dev/ttyACM0] ping parent fd72:e9dd:7d27:e872:0:ff:fe00:7000
[parse] 2025-12-19T14:35:28.374 state -> child
[parse] 2025-12-19T14:35:28.377 parent RLOC16 -> 7000
[/dev/ttyACM0] ping parent fd72:e9dd:7d27:e872:0:ff:fe00:7000
[parse] 2025-12-19T14:35:29.437 state -> child
[parse] 2025-12-19T14:35:29.442 parent RLOC16 -> 7000
[/dev/ttyACM0] ping parent fd72:e9dd:7d27:e872:0:ff:fe00:7000
[parse] 2025-12-19T14:35:30.414 state -> child
[parse] 2025-12-19T14:35:30.419 parent RLOC16 -> 7000
[/dev/ttyACM0] ping parent fd72:e9dd:7d27:e872:0:ff:fe00:7000
[parse] 2025-12-19T14:35:32.947 state -> child
[parse] 2025-12-19T14:35:32.951 parent RLOC16 -> 7000
[/dev/ttyACM0] ping parent fd72:e9dd:7d27:e872:0:ff:fe00:7000
[parse] 2025-12-19T14:35:33.409 state -> child
[parse] 2025-12-19T14:35:33.414 parent RLOC16 -> 7000
[/dev/ttyACM0] ping parent fd72:e9dd:7d27:e872:0:ff:fe00:7000
[parse] 2025-12-19T14:35:34.375 state -> child
[parse] 2025-12-19T14:35:34.382 parent RLOC16 -> 7000
[/dev/ttyACM0] ping parent fd72:e9dd:7d27:e872:0:ff:fe00:7000
[parse] 2025-12-19T14:35:35.341 state -> child
[parse] 2025-12-19T14:35:35.345 parent RLOC16 -> 7000
[/dev/ttyACM0] ping parent fd72:e9dd:7d27:e872:0:ff:fe00:7000
[parse] 2025-12-19T14:35:36.421 state -> child
[parse] 2025-12-19T14:35:36.426 parent RLOC16 -> 7000
[/dev/ttyACM0] ping parent fd72:e9dd:7d27:e872:0:ff:fe00:7000
[parse] 2025-12-19T14:35:37.389 state -> child
[parse] 2025-12-19T14:35:37.395 parent RLOC16 -> 7000
[/dev/ttyACM0] ping parent fd72:e9dd:7d27:e872:0:ff:fe00:7000
[parse] 2025-12-19T14:35:38.357 state -> child
[parse] 2025-12-19T14:35:38.363 parent RLOC16 -> 7000
[/dev/ttyACM0] ping parent fd72:e9dd:7d27:e872:0:ff:fe00:7000
[parse] 2025-12-19T14:35:39.423 state -> child
[parse] 2025-12-19T14:35:39.429 parent RLOC16 -> 7000
[/dev/ttyACM0] ping parent fd72:e9dd:7d27:e872:0:ff:fe00:7000
[parse] 2025-12-19T14:35:40.400 state -> child
[parse] 2025-12-19T14:35:40.407 parent RLOC16 -> 7000
[/dev/ttyACM0] ping parent fd72:e9dd:7d27:e872:0:ff:fe00:7000
[parse] 2025-12-19T14:35:41.388 state -> child
[parse] 2025-12-19T14:35:41.396 parent RLOC16 -> 7000
[/dev/ttyACM0] ping parent fd72:e9dd:7d27:e872:0:ff:fe00:7000
[parse] 2025-12-19T14:35:42.385 state -> child
[parse] 2025-12-19T14:35:42.390 parent RLOC16 -> 7000
[/dev/ttyACM0] ping parent fd72:e9dd:7d27:e872:0:ff:fe00:7000
[parse] 2025-12-19T14:35:43.358 state -> child
[parse] 2025-12-19T14:35:43.364 parent RLOC16 -> 7000
[/dev/ttyACM0] ping parent fd72:e9dd:7d27:e872:0:ff:fe00:7000
[parse] 2025-12-19T14:35:44.429 state -> child
[parse] 2025-12-19T14:35:44.435 parent RLOC16 -> 7000
[/dev/ttyACM0] ping parent fd72:e9dd:7d27:e872:0:ff:fe00:7000
[parse] 2025-12-19T14:35:45.395 state -> child
[parse] 2025-12-19T14:35:45.402 parent RLOC16 -> 7000
[/dev/ttyACM0] ping parent fd72:e9dd:7d27:e872:0:ff:fe00:7000
[parse] 2025-12-19T14:35:46.365 state -> child
[parse] 2025-12-19T14:35:46.368 parent RLOC16 -> 7000
[/dev/ttyACM0] ping parent fd72:e9dd:7d27:e872:0:ff:fe00:7000
[parse] 2025-12-19T14:35:47.350 state -> child
[parse] 2025-12-19T14:35:47.356 parent RLOC16 -> 7000
[/dev/ttyACM0] ping parent fd72:e9dd:7d27:e872:0:ff:fe00:7000
[parse] 2025-12-19T14:35:48.422 state -> child
[parse] 2025-12-19T14:35:48.427 parent RLOC16 -> 7000
[/dev/ttyACM0] ping parent fd72:e9dd:7d27:e872:0:ff:fe00:7000
[parse] 2025-12-19T14:35:49.398 state -> child
[parse] 2025-12-19T14:35:49.402 parent RLOC16 -> 7000
[/dev/ttyACM0] ping parent fd72:e9dd:7d27:e872:0:ff:fe00:7000
[parse] 2025-12-19T14:35:50.364 state -> child
[parse] 2025-12-19T14:35:50.367 parent RLOC16 -> 7000
[/dev/ttyACM0] ping parent fd72:e9dd:7d27:e872:0:ff:fe00:7000
[/dev/ttyACM0] ping parent fd72:e9dd:7d27:e872:0:ff:fe00:7000
[parse] 2025-12-19T14:35:53.722 state -> child
[parse] 2025-12-19T14:35:53.725 parent RLOC16 -> 7000
[parse] 2025-12-19T14:35:53.845 state -> child
[parse] 2025-12-19T14:35:53.848 parent RLOC16 -> 7000
[/dev/ttyACM0] ping parent fd72:e9dd:7d27:e872:0:ff:fe00:7000
[parse] 2025-12-19T14:35:54.424 state -> child
[parse] 2025-12-19T14:35:54.428 parent RLOC16 -> 7000
[/dev/ttyACM0] ping parent fd72:e9dd:7d27:e872:0:ff:fe00:7000
[parse] 2025-12-19T14:35:55.398 state -> child
[parse] 2025-12-19T14:35:55.402 parent RLOC16 -> 7000
[/dev/ttyACM0] ping parent fd72:e9dd:7d27:e872:0:ff:fe00:7000
[parse] 2025-12-19T14:35:56.437 state -> child
[parse] 2025-12-19T14:35:56.443 parent RLOC16 -> 7000
[/dev/ttyACM0] ping parent fd72:e9dd:7d27:e872:0:ff:fe00:7000
[parse] 2025-12-19T14:35:57.403 state -> child
[parse] 2025-12-19T14:35:57.410 parent RLOC16 -> 7000
[/dev/ttyACM0] ping parent fd72:e9dd:7d27:e872:0:ff:fe00:7000
[parse] 2025-12-19T14:35:58.369 state -> child
[parse] 2025-12-19T14:35:58.374 parent RLOC16 -> 7000
[/dev/ttyACM0] ping parent fd72:e9dd:7d27:e872:0:ff:fe00:7000
[parse] 2025-12-19T14:35:59.436 state -> child
[parse] 2025-12-19T14:35:59.441 parent RLOC16 -> 7000
[/dev/ttyACM0] ping parent fd72:e9dd:7d27:e872:0:ff:fe00:7000
[parse] 2025-12-19T14:36:00.407 state -> child
[parse] 2025-12-19T14:36:00.414 parent RLOC16 -> 7000
[/dev/ttyACM0] ping parent fd72:e9dd:7d27:e872:0:ff:fe00:7000
[parse] 2025-12-19T14:36:01.376 state -> child
[parse] 2025-12-19T14:36:01.382 parent RLOC16 -> 7000
[/dev/ttyACM0] ping parent fd72:e9dd:7d27:e872:0:ff:fe00:7000
[parse] 2025-12-19T14:36:02.428 state -> child
[parse] 2025-12-19T14:36:02.433 parent RLOC16 -> 7000
[/dev/ttyACM0] ping parent fd72:e9dd:7d27:e872:0:ff:fe00:7000
[parse] 2025-12-19T14:36:03.392 state -> child
[parse] 2025-12-19T14:36:03.398 parent RLOC16 -> 7000
[/dev/ttyACM0] ping parent fd72:e9dd:7d27:e872:0:ff:fe00:7000
[parse] 2025-12-19T14:36:04.352 state -> child
[parse] 2025-12-19T14:36:04.358 parent RLOC16 -> 7000
[/dev/ttyACM0] ping parent fd72:e9dd:7d27:e872:0:ff:fe00:7000
[parse] 2025-12-19T14:36:05.431 state -> child
[parse] 2025-12-19T14:36:05.437 parent RLOC16 -> 7000
[/dev/ttyACM0] ping parent fd72:e9dd:7d27:e872:0:ff:fe00:7000
[parse] 2025-12-19T14:36:06.395 state -> child
[parse] 2025-12-19T14:36:06.398 parent RLOC16 -> 7000
[/dev/ttyACM0] ping parent fd72:e9dd:7d27:e872:0:ff:fe00:7000
[/dev/ttyACM0] ping parent fd72:e9dd:7d27:e872:0:ff:fe00:7000
[parse] 2025-12-19T14:36:09.024 state -> child
[parse] 2025-12-19T14:36:09.029 parent RLOC16 -> 7000
[parse] 2025-12-19T14:36:09.095 state -> child
[parse] 2025-12-19T14:36:09.099 parent RLOC16 -> 7000
[/dev/ttyACM0] ping parent fd72:e9dd:7d27:e872:0:ff:fe00:7000
[parse] 2025-12-19T14:36:09.356 state -> child
[parse] 2025-12-19T14:36:09.363 parent RLOC16 -> 7000
[/dev/ttyACM0] ping parent fd72:e9dd:7d27:e872:0:ff:fe00:7000
[parse] 2025-12-19T14:36:10.429 state -> child
[parse] 2025-12-19T14:36:10.434 parent RLOC16 -> 7000
[/dev/ttyACM0] ping parent fd72:e9dd:7d27:e872:0:ff:fe00:7000
[parse] 2025-12-19T14:36:11.397 state -> child
[parse] 2025-12-19T14:36:11.402 parent RLOC16 -> 7000
[/dev/ttyACM0] ping parent fd72:e9dd:7d27:e872:0:ff:fe00:7000
[parse] 2025-12-19T14:36:14.127 state -> child
[parse] 2025-12-19T14:36:14.131 parent RLOC16 -> 7000
[/dev/ttyACM0] ping parent fd72:e9dd:7d27:e872:0:ff:fe00:7000
[parse] 2025-12-19T14:36:14.387 state -> child
[parse] 2025-12-19T14:36:14.393 parent RLOC16 -> 7000
[/dev/ttyACM0] ping parent fd72:e9dd:7d27:e872:0:ff:fe00:7000
[parse] 2025-12-19T14:36:15.429 state -> child
[parse] 2025-12-19T14:36:15.434 parent RLOC16 -> 7000
[/dev/ttyACM0] ping parent fd72:e9dd:7d27:e872:0:ff:fe00:7000
[parse] 2025-12-19T14:36:16.370 state -> child
[parse] 2025-12-19T14:36:16.376 parent RLOC16 -> 7000
[/dev/ttyACM0] ping parent fd72:e9dd:7d27:e872:0:ff:fe00:7000
[parse] 2025-12-19T14:36:17.402 state -> child
[parse] 2025-12-19T14:36:17.410 parent RLOC16 -> 7000
[/dev/ttyACM0] ping parent fd72:e9dd:7d27:e872:0:ff:fe00:7000
[parse] 2025-12-19T14:36:18.376 state -> child
[parse] 2025-12-19T14:36:18.380 parent RLOC16 -> 7000
[/dev/ttyACM0] ping parent fd72:e9dd:7d27:e872:0:ff:fe00:7000
[parse] 2025-12-19T14:36:19.359 state -> child
[parse] 2025-12-19T14:36:19.363 parent RLOC16 -> 7000
[/dev/ttyACM0] ping parent fd72:e9dd:7d27:e872:0:ff:fe00:7000
[parse] 2025-12-19T14:36:20.355 state -> child
[parse] 2025-12-19T14:36:20.358 parent RLOC16 -> 7000
[/dev/ttyACM0] ping parent fd72:e9dd:7d27:e872:0:ff:fe00:7000
[parse] 2025-12-19T14:36:21.419 state -> child
[parse] 2025-12-19T14:36:21.426 parent RLOC16 -> 7000
[/dev/ttyACM0] ping parent fd72:e9dd:7d27:e872:0:ff:fe00:7000
[parse] 2025-12-19T14:36:22.435 state -> child
[parse] 2025-12-19T14:36:22.440 parent RLOC16 -> 7000
[/dev/ttyACM0] ping parent fd72:e9dd:7d27:e872:0:ff:fe00:7000
[parse] 2025-12-19T14:36:23.404 state -> child
[parse] 2025-12-19T14:36:23.410 parent RLOC16 -> 7000
[/dev/ttyACM0] ping parent fd72:e9dd:7d27:e872:0:ff:fe00:7000
[parse] 2025-12-19T14:36:24.365 state -> child
[parse] 2025-12-19T14:36:24.369 parent RLOC16 -> 7000
[/dev/ttyACM0] ping parent fd72:e9dd:7d27:e872:0:ff:fe00:7000
[/dev/ttyACM0] ping parent fd72:e9dd:7d27:e872:0:ff:fe00:7000
[parse] 2025-12-19T14:36:26.596 state -> child
[parse] 2025-12-19T14:36:26.601 parent RLOC16 -> 7000
[parse] 2025-12-19T14:36:26.663 state -> child
[parse] 2025-12-19T14:36:26.714 parent RLOC16 -> 7000
[/dev/ttyACM0] ping parent fd72:e9dd:7d27:e872:0:ff:fe00:7000
[parse] 2025-12-19T14:36:27.378 state -> child
[parse] 2025-12-19T14:36:27.384 parent RLOC16 -> 7000
[/dev/ttyACM0] ping parent fd72:e9dd:7d27:e872:0:ff:fe00:7000
[parse] 2025-12-19T14:36:28.340 state -> child
[parse] 2025-12-19T14:36:28.344 parent RLOC16 -> 7000
[/dev/ttyACM0] ping parent fd72:e9dd:7d27:e872:0:ff:fe00:7000
[parse] 2025-12-19T14:36:29.423 state -> child
[parse] 2025-12-19T14:36:29.429 parent RLOC16 -> 7000
[/dev/ttyACM0] ping parent fd72:e9dd:7d27:e872:0:ff:fe00:7000
[parse] 2025-12-19T14:36:30.388 state -> child
[parse] 2025-12-19T14:36:30.393 parent RLOC16 -> 7000
[/dev/ttyACM0] ping parent fd72:e9dd:7d27:e872:0:ff:fe00:7000
[parse] 2025-12-19T14:36:31.355 state -> child
[parse] 2025-12-19T14:36:31.360 parent RLOC16 -> 7000
[/dev/ttyACM0] ping parent fd72:e9dd:7d27:e872:0:ff:fe00:7000
[parse] 2025-12-19T14:36:32.431 state -> child
[parse] 2025-12-19T14:36:32.437 parent RLOC16 -> 7000
[/dev/ttyACM0] ping parent fd72:e9dd:7d27:e872:0:ff:fe00:7000
[parse] 2025-12-19T14:36:33.409 state -> child
[parse] 2025-12-19T14:36:33.415 parent RLOC16 -> 7000
[/dev/ttyACM0] ping parent fd72:e9dd:7d27:e872:0:ff:fe00:7000
[parse] 2025-12-19T14:36:34.373 state -> child
[parse] 2025-12-19T14:36:34.376 parent RLOC16 -> 7000
[/dev/ttyACM0] ping parent fd72:e9dd:7d27:e872:0:ff:fe00:7000
[parse] 2025-12-19T14:36:35.349 state -> child
[parse] 2025-12-19T14:36:35.354 parent RLOC16 -> 7000
[/dev/ttyACM0] ping parent fd72:e9dd:7d27:e872:0:ff:fe00:7000
[parse] 2025-12-19T14:36:36.337 state -> child
[parse] 2025-12-19T14:36:36.340 parent RLOC16 -> 7000
[/dev/ttyACM0] ping parent fd72:e9dd:7d27:e872:0:ff:fe00:7000
[parse] 2025-12-19T14:36:37.410 state -> child
[parse] 2025-12-19T14:36:37.415 parent RLOC16 -> 7000
[/dev/ttyACM0] ping parent fd72:e9dd:7d27:e872:0:ff:fe00:7000
[parse] 2025-12-19T14:36:38.365 state -> child
[parse] 2025-12-19T14:36:38.368 parent RLOC16 -> 7000
[/dev/ttyACM0] ping parent fd72:e9dd:7d27:e872:0:ff:fe00:7000
[parse] 2025-12-19T14:36:39.387 state -> child
[parse] 2025-12-19T14:36:39.393 parent RLOC16 -> 7000
[/dev/ttyACM0] ping parent fd72:e9dd:7d27:e872:0:ff:fe00:7000
[parse] 2025-12-19T14:36:40.342 state -> child
[parse] 2025-12-19T14:36:40.346 parent RLOC16 -> 7000
[/dev/ttyACM0] ping parent fd72:e9dd:7d27:e872:0:ff:fe00:7000
[parse] 2025-12-19T14:36:41.406 state -> child
[parse] 2025-12-19T14:36:41.414 parent RLOC16 -> 7000
[/dev/ttyACM0] ping parent fd72:e9dd:7d27:e872:0:ff:fe00:7000
[parse] 2025-12-19T14:36:42.373 state -> child
[parse] 2025-12-19T14:36:42.379 parent RLOC16 -> 7000
[/dev/ttyACM0] ping parent fd72:e9dd:7d27:e872:0:ff:fe00:7000
[parse] 2025-12-19T14:36:43.372 state -> child
[parse] 2025-12-19T14:36:43.378 parent RLOC16 -> 7000
[/dev/ttyACM0] ping parent fd72:e9dd:7d27:e872:0:ff:fe00:7000
[parse] 2025-12-19T14:36:44.350 state -> child
[parse] 2025-12-19T14:36:44.356 parent RLOC16 -> 7000
[/dev/ttyACM0] ping parent fd72:e9dd:7d27:e872:0:ff:fe00:7000
[parse] 2025-12-19T14:36:45.432 state -> child
[parse] 2025-12-19T14:36:45.438 parent RLOC16 -> 7000
[/dev/ttyACM0] ping parent fd72:e9dd:7d27:e872:0:ff:fe00:7000
[parse] 2025-12-19T14:36:46.406 state -> child
[parse] 2025-12-19T14:36:46.412 parent RLOC16 -> 7000
[/dev/ttyACM0] ping parent fd72:e9dd:7d27:e872:0:ff:fe00:7000
[parse] 2025-12-19T14:36:47.377 state -> child
[parse] 2025-12-19T14:36:47.381 parent RLOC16 -> 7000
[/dev/ttyACM0] ping parent fd72:e9dd:7d27:e872:0:ff:fe00:7000
[/dev/ttyACM0] ping parent fd72:e9dd:7d27:e872:0:ff:fe00:7000
[parse] 2025-12-19T14:36:49.756 state -> child
[parse] 2025-12-19T14:36:49.763 parent RLOC16 -> 7000
[parse] 2025-12-19T14:36:49.815 state -> child
[parse] 2025-12-19T14:36:49.819 parent RLOC16 -> 7000
[/dev/ttyACM0] ping parent fd72:e9dd:7d27:e872:0:ff:fe00:7000
[parse] 2025-12-19T14:36:50.374 state -> child
[parse] 2025-12-19T14:36:50.377 parent RLOC16 -> 7000
[/dev/ttyACM0] ping parent fd72:e9dd:7d27:e872:0:ff:fe00:7000
[parse] 2025-12-19T14:36:51.438 state -> child
[parse] 2025-12-19T14:36:51.442 parent RLOC16 -> 7000
[/dev/ttyACM0] ping parent fd72:e9dd:7d27:e872:0:ff:fe00:7000
[parse] 2025-12-19T14:36:52.478 state -> child
[parse] 2025-12-19T14:36:52.486 parent RLOC16 -> 7000
[/dev/ttyACM0] ping parent fd72:e9dd:7d27:e872:0:ff:fe00:7000
[parse] 2025-12-19T14:36:53.343 state -> child
[parse] 2025-12-19T14:36:53.347 parent RLOC16 -> 7000
[/dev/ttyACM0] ping parent fd72:e9dd:7d27:e872:0:ff:fe00:7000
[parse] 2025-12-19T14:36:54.420 state -> child
[parse] 2025-12-19T14:36:54.426 parent RLOC16 -> 7000
[/dev/ttyACM0] ping parent fd72:e9dd:7d27:e872:0:ff:fe00:7000
[parse] 2025-12-19T14:36:55.386 state -> child
[parse] 2025-12-19T14:36:55.391 parent RLOC16 -> 7000
[/dev/ttyACM0] ping parent fd72:e9dd:7d27:e872:0:ff:fe00:7000
[parse] 2025-12-19T14:36:56.358 state -> child
[parse] 2025-12-19T14:36:56.366 parent RLOC16 -> 7000
[/dev/ttyACM0] ping parent fd72:e9dd:7d27:e872:0:ff:fe00:7000
[parse] 2025-12-19T14:36:57.558 state -> child
[parse] 2025-12-19T14:36:57.565 parent RLOC16 -> 7000
[/dev/ttyACM0] ping parent fd72:e9dd:7d27:e872:0:ff:fe00:7000
[parse] 2025-12-19T14:36:58.426 state -> child
[parse] 2025-12-19T14:36:58.432 parent RLOC16 -> 7000
[/dev/ttyACM0] ping parent fd72:e9dd:7d27:e872:0:ff:fe00:7000
[parse] 2025-12-19T14:36:59.390 state -> child
[parse] 2025-12-19T14:36:59.396 parent RLOC16 -> 7000
[/dev/ttyACM0] ping parent fd72:e9dd:7d27:e872:0:ff:fe00:7000
[parse] 2025-12-19T14:37:00.353 state -> child
[parse] 2025-12-19T14:37:00.358 parent RLOC16 -> 7000
[/dev/ttyACM0] ping parent fd72:e9dd:7d27:e872:0:ff:fe00:7000
[parse] 2025-12-19T14:37:01.393 state -> child
[parse] 2025-12-19T14:37:01.399 parent RLOC16 -> 7000
[/dev/ttyACM0] ping parent fd72:e9dd:7d27:e872:0:ff:fe00:7000
[parse] 2025-12-19T14:37:02.359 state -> child
[parse] 2025-12-19T14:37:02.367 parent RLOC16 -> 7000
[/dev/ttyACM0] ping parent fd72:e9dd:7d27:e872:0:ff:fe00:7000
[parse] 2025-12-19T14:37:03.376 state -> child
[parse] 2025-12-19T14:37:03.379 parent RLOC16 -> 7000
[/dev/ttyACM0] ping parent fd72:e9dd:7d27:e872:0:ff:fe00:7000
[parse] 2025-12-19T14:37:04.337 state -> child
[parse] 2025-12-19T14:37:04.340 parent RLOC16 -> 7000
[/dev/ttyACM0] ping parent fd72:e9dd:7d27:e872:0:ff:fe00:7000
[parse] 2025-12-19T14:37:05.342 state -> child
[parse] 2025-12-19T14:37:05.347 parent RLOC16 -> 7000
[/dev/ttyACM0] ping parent fd72:e9dd:7d27:e872:0:ff:fe00:7000
[parse] 2025-12-19T14:37:06.419 state -> child
[parse] 2025-12-19T14:37:06.426 parent RLOC16 -> 7000
[/dev/ttyACM0] ping parent fd72:e9dd:7d27:e872:0:ff:fe00:7000
[parse] 2025-12-19T14:37:07.388 state -> child
[parse] 2025-12-19T14:37:07.393 parent RLOC16 -> 7000
[/dev/ttyACM0] ping parent fd72:e9dd:7d27:e872:0:ff:fe00:7000
[parse] 2025-12-19T14:37:08.428 state -> child
[parse] 2025-12-19T14:37:08.433 parent RLOC16 -> 7000
[/dev/ttyACM0] ping parent fd72:e9dd:7d27:e872:0:ff:fe00:7000
[parse] 2025-12-19T14:37:09.393 state -> child
[parse] 2025-12-19T14:37:09.400 parent RLOC16 -> 7000
[/dev/ttyACM0] ping parent fd72:e9dd:7d27:e872:0:ff:fe00:7000
[parse] 2025-12-19T14:37:10.360 state -> child
[parse] 2025-12-19T14:37:10.366 parent RLOC16 -> 7000
[/dev/ttyACM0] ping parent fd72:e9dd:7d27:e872:0:ff:fe00:7000
[parse] 2025-12-19T14:37:11.428 state -> child
[parse] 2025-12-19T14:37:11.434 parent RLOC16 -> 7000
[/dev/ttyACM0] ping parent fd72:e9dd:7d27:e872:0:ff:fe00:7000
[parse] 2025-12-19T14:37:12.394 state -> child
[parse] 2025-12-19T14:37:12.399 parent RLOC16 -> 7000
[/dev/ttyACM0] ping parent fd72:e9dd:7d27:e872:0:ff:fe00:7000
[parse] 2025-12-19T14:37:13.360 state -> child
[parse] 2025-12-19T14:37:13.367 parent RLOC16 -> 7000
[/dev/ttyACM0] ping parent fd72:e9dd:7d27:e872:0:ff:fe00:7000
[parse] 2025-12-19T14:37:14.337 state -> child
[parse] 2025-12-19T14:37:14.341 parent RLOC16 -> 7000
[/dev/ttyACM0] ping parent fd72:e9dd:7d27:e872:0:ff:fe00:7000
[parse] 2025-12-19T14:37:15.420 state -> child
[parse] 2025-12-19T14:37:15.427 parent RLOC16 -> 7000
[/dev/ttyACM0] ping parent fd72:e9dd:7d27:e872:0:ff:fe00:7000
[parse] 2025-12-19T14:37:16.402 state -> child
[parse] 2025-12-19T14:37:16.408 parent RLOC16 -> 7000
[/dev/ttyACM0] ping parent fd72:e9dd:7d27:e872:0:ff:fe00:7000
[parse] 2025-12-19T14:37:17.377 state -> child
[parse] 2025-12-19T14:37:17.381 parent RLOC16 -> 7000
[/dev/ttyACM0] ping parent fd72:e9dd:7d27:e872:0:ff:fe00:7000
[parse] 2025-12-19T14:37:18.359 state -> child
[parse] 2025-12-19T14:37:18.365 parent RLOC16 -> 7000
[/dev/ttyACM0] ping parent fd72:e9dd:7d27:e872:0:ff:fe00:7000
[parse] 2025-12-19T14:37:19.340 state -> child
[parse] 2025-12-19T14:37:19.343 parent RLOC16 -> 7000
[/dev/ttyACM0] ping parent fd72:e9dd:7d27:e872:0:ff:fe00:7000
[parse] 2025-12-19T14:37:20.422 state -> child
[parse] 2025-12-19T14:37:20.428 parent RLOC16 -> 7000
[/dev/ttyACM0] ping parent fd72:e9dd:7d27:e872:0:ff:fe00:7000
[parse] 2025-12-19T14:37:21.384 state -> child
[parse] 2025-12-19T14:37:21.388 parent RLOC16 -> 7000
[/dev/ttyACM0] ping parent fd72:e9dd:7d27:e872:0:ff:fe00:7000
[parse] 2025-12-19T14:37:22.359 state -> child
[parse] 2025-12-19T14:37:22.365 parent RLOC16 -> 7000
[/dev/ttyACM0] ping parent fd72:e9dd:7d27:e872:0:ff:fe00:7000
[parse] 2025-12-19T14:37:23.467 state -> child
[parse] 2025-12-19T14:37:23.472 parent RLOC16 -> 7000
[/dev/ttyACM0] ping parent fd72:e9dd:7d27:e872:0:ff:fe00:7000
[parse] 2025-12-19T14:37:24.434 state -> child
[parse] 2025-12-19T14:37:24.438 parent RLOC16 -> 7000
[/dev/ttyACM0] ping parent fd72:e9dd:7d27:e872:0:ff:fe00:7000
[parse] 2025-12-19T14:37:25.400 state -> child
[parse] 2025-12-19T14:37:25.406 parent RLOC16 -> 7000
[/dev/ttyACM0] ping parent fd72:e9dd:7d27:e872:0:ff:fe00:7000
[parse] 2025-12-19T14:37:26.405 state -> child
[parse] 2025-12-19T14:37:26.411 parent RLOC16 -> 7000
[/dev/ttyACM0] ping parent fd72:e9dd:7d27:e872:0:ff:fe00:7000
[parse] 2025-12-19T14:37:27.377 state -> child
[parse] 2025-12-19T14:37:27.381 parent RLOC16 -> 7000
[/dev/ttyACM0] ping parent fd72:e9dd:7d27:e872:0:ff:fe00:7000
[parse] 2025-12-19T14:37:28.357 state -> child
[parse] 2025-12-19T14:37:28.363 parent RLOC16 -> 7000
[/dev/ttyACM0] ping parent fd72:e9dd:7d27:e872:0:ff:fe00:7000
[parse] 2025-12-19T14:37:29.384 state -> child
[parse] 2025-12-19T14:37:29.388 parent RLOC16 -> 7000
[/dev/ttyACM0] ping parent fd72:e9dd:7d27:e872:0:ff:fe00:7000
[parse] 2025-12-19T14:37:30.346 state -> child
[parse] 2025-12-19T14:37:30.354 parent RLOC16 -> 7000
[/dev/ttyACM0] ping parent fd72:e9dd:7d27:e872:0:ff:fe00:7000
[parse] 2025-12-19T14:37:31.417 state -> child
[parse] 2025-12-19T14:37:31.423 parent RLOC16 -> 7000
[/dev/ttyACM0] ping parent fd72:e9dd:7d27:e872:0:ff:fe00:7000
[parse] 2025-12-19T14:37:32.387 state -> child
[parse] 2025-12-19T14:37:32.393 parent RLOC16 -> 7000
[/dev/ttyACM0] ping parent fd72:e9dd:7d27:e872:0:ff:fe00:7000
[parse] 2025-12-19T14:37:33.354 state -> child
[parse] 2025-12-19T14:37:33.360 parent RLOC16 -> 7000
[/dev/ttyACM0] ping parent fd72:e9dd:7d27:e872:0:ff:fe00:7000
[parse] 2025-12-19T14:37:34.393 state -> child
[parse] 2025-12-19T14:37:34.398 parent RLOC16 -> 7000
[/dev/ttyACM0] ping parent fd72:e9dd:7d27:e872:0:ff:fe00:7000
[parse] 2025-12-19T14:37:35.358 state -> child
[parse] 2025-12-19T14:37:35.366 parent RLOC16 -> 7000
[/dev/ttyACM0] ping parent fd72:e9dd:7d27:e872:0:ff:fe00:7000
[parse] 2025-12-19T14:37:36.428 state -> child
[parse] 2025-12-19T14:37:36.435 parent RLOC16 -> 7000
[/dev/ttyACM0] ping parent fd72:e9dd:7d27:e872:0:ff:fe00:7000
[parse] 2025-12-19T14:37:37.397 state -> child
[parse] 2025-12-19T14:37:37.403 parent RLOC16 -> 7000
[/dev/ttyACM0] ping parent fd72:e9dd:7d27:e872:0:ff:fe00:7000
[parse] 2025-12-19T14:37:38.366 state -> child
[parse] 2025-12-19T14:37:38.369 parent RLOC16 -> 7000
[/dev/ttyACM0] ping parent fd72:e9dd:7d27:e872:0:ff:fe00:7000
[/dev/ttyACM0] ping parent fd72:e9dd:7d27:e872:0:ff:fe00:7000
[parse] 2025-12-19T14:37:40.594 state -> child
[parse] 2025-12-19T14:37:40.600 parent RLOC16 -> 7000
[parse] 2025-12-19T14:37:40.652 state -> child
[parse] 2025-12-19T14:37:40.656 parent RLOC16 -> 7000
[/dev/ttyACM0] ping parent fd72:e9dd:7d27:e872:0:ff:fe00:7000
[parse] 2025-12-19T14:37:41.415 state -> child
[parse] 2025-12-19T14:37:41.420 parent RLOC16 -> 7000
[/dev/ttyACM0] ping parent fd72:e9dd:7d27:e872:0:ff:fe00:7000
[parse] 2025-12-19T14:37:42.438 state -> child
[parse] 2025-12-19T14:37:42.444 parent RLOC16 -> 7000
[/dev/ttyACM0] ping parent fd72:e9dd:7d27:e872:0:ff:fe00:7000
[parse] 2025-12-19T14:37:43.404 state -> child
[parse] 2025-12-19T14:37:43.411 parent RLOC16 -> 7000
[/dev/ttyACM0] ping parent fd72:e9dd:7d27:e872:0:ff:fe00:7000
[parse] 2025-12-19T14:37:44.368 state -> child
[parse] 2025-12-19T14:37:44.371 parent RLOC16 -> 7000
[/dev/ttyACM0] ping parent fd72:e9dd:7d27:e872:0:ff:fe00:7000
[parse] 2025-12-19T14:37:45.432 state -> child
[parse] 2025-12-19T14:37:45.437 parent RLOC16 -> 7000
[/dev/ttyACM0] ping parent fd72:e9dd:7d27:e872:0:ff:fe00:7000
[parse] 2025-12-19T14:37:46.410 state -> child
[parse] 2025-12-19T14:37:46.417 parent RLOC16 -> 7000
[/dev/ttyACM0] ping parent fd72:e9dd:7d27:e872:0:ff:fe00:7000
[parse] 2025-12-19T14:37:47.349 state -> child
[parse] 2025-12-19T14:37:47.354 parent RLOC16 -> 7000
[/dev/ttyACM0] ping parent fd72:e9dd:7d27:e872:0:ff:fe00:7000
[parse] 2025-12-19T14:37:48.418 state -> child
[parse] 2025-12-19T14:37:48.424 parent RLOC16 -> 7000
[/dev/ttyACM0] ping parent fd72:e9dd:7d27:e872:0:ff:fe00:7000
[parse] 2025-12-19T14:37:49.384 state -> child
[parse] 2025-12-19T14:37:49.391 parent RLOC16 -> 7000
[/dev/ttyACM0] ping parent fd72:e9dd:7d27:e872:0:ff:fe00:7000
[parse] 2025-12-19T14:37:50.378 state -> child
[parse] 2025-12-19T14:37:50.381 parent RLOC16 -> 7000
[/dev/ttyACM0] ping parent fd72:e9dd:7d27:e872:0:ff:fe00:7000
[parse] 2025-12-19T14:37:51.348 state -> child
[parse] 2025-12-19T14:37:51.353 parent RLOC16 -> 7000
[/dev/ttyACM0] ping parent fd72:e9dd:7d27:e872:0:ff:fe00:7000
[parse] 2025-12-19T14:37:52.363 state -> child
[parse] 2025-12-19T14:37:52.367 parent RLOC16 -> 7000
[/dev/ttyACM0] ping parent fd72:e9dd:7d27:e872:0:ff:fe00:7000
[parse] 2025-12-19T14:37:53.436 state -> child
[parse] 2025-12-19T14:37:53.441 parent RLOC16 -> 7000
[/dev/ttyACM0] ping parent fd72:e9dd:7d27:e872:0:ff:fe00:7000
[parse] 2025-12-19T14:37:54.420 state -> child
[parse] 2025-12-19T14:37:54.426 parent RLOC16 -> 7000
[/dev/ttyACM0] ping parent fd72:e9dd:7d27:e872:0:ff:fe00:7000
[parse] 2025-12-19T14:37:55.407 state -> child
[parse] 2025-12-19T14:37:55.414 parent RLOC16 -> 7000
[/dev/ttyACM0] ping parent fd72:e9dd:7d27:e872:0:ff:fe00:7000
[parse] 2025-12-19T14:37:56.371 state -> child
[parse] 2025-12-19T14:37:56.376 parent RLOC16 -> 7000
[/dev/ttyACM0] ping parent fd72:e9dd:7d27:e872:0:ff:fe00:7000
[parse] 2025-12-19T14:37:57.401 state -> child
[parse] 2025-12-19T14:37:57.407 parent RLOC16 -> 7000
[/dev/ttyACM0] ping parent fd72:e9dd:7d27:e872:0:ff:fe00:7000
[parse] 2025-12-19T14:37:58.381 state -> child
[parse] 2025-12-19T14:37:58.386 parent RLOC16 -> 7000
[/dev/ttyACM0] ping parent fd72:e9dd:7d27:e872:0:ff:fe00:7000
[parse] 2025-12-19T14:37:59.360 state -> child
[parse] 2025-12-19T14:37:59.363 parent RLOC16 -> 7000
[/dev/ttyACM0] ping parent fd72:e9dd:7d27:e872:0:ff:fe00:7000
[parse] 2025-12-19T14:38:00.341 state -> child
[parse] 2025-12-19T14:38:00.345 parent RLOC16 -> 7000
[/dev/ttyACM0] ping parent fd72:e9dd:7d27:e872:0:ff:fe00:7000
[parse] 2025-12-19T14:38:01.361 state -> child
[parse] 2025-12-19T14:38:01.366 parent RLOC16 -> 7000
[/dev/ttyACM0] ping parent fd72:e9dd:7d27:e872:0:ff:fe00:7000
[parse] 2025-12-19T14:38:02.427 state -> child
[parse] 2025-12-19T14:38:02.433 parent RLOC16 -> 7000
[/dev/ttyACM0] ping parent fd72:e9dd:7d27:e872:0:ff:fe00:7000
[parse] 2025-12-19T14:38:03.399 state -> child
[parse] 2025-12-19T14:38:03.406 parent RLOC16 -> 7000
[/dev/ttyACM0] ping parent fd72:e9dd:7d27:e872:0:ff:fe00:7000
[parse] 2025-12-19T14:38:04.378 state -> child
[parse] 2025-12-19T14:38:04.381 parent RLOC16 -> 7000
[/dev/ttyACM0] ping parent fd72:e9dd:7d27:e872:0:ff:fe00:7000
[parse] 2025-12-19T14:38:05.360 state -> child
[parse] 2025-12-19T14:38:05.367 parent RLOC16 -> 7000
[/dev/ttyACM0] ping parent fd72:e9dd:7d27:e872:0:ff:fe00:7000
[parse] 2025-12-19T14:38:06.383 state -> child
[parse] 2025-12-19T14:38:06.386 parent RLOC16 -> 7000
[/dev/ttyACM0] ping parent fd72:e9dd:7d27:e872:0:ff:fe00:7000
[parse] 2025-12-19T14:38:07.357 state -> child
[parse] 2025-12-19T14:38:07.360 parent RLOC16 -> 7000
[/dev/ttyACM0] ping parent fd72:e9dd:7d27:e872:0:ff:fe00:7000
[parse] 2025-12-19T14:38:08.432 state -> child
[parse] 2025-12-19T14:38:08.437 parent RLOC16 -> 7000
[/dev/ttyACM0] ping parent fd72:e9dd:7d27:e872:0:ff:fe00:7000
[parse] 2025-12-19T14:38:09.410 state -> child
[parse] 2025-12-19T14:38:09.417 parent RLOC16 -> 7000
[/dev/ttyACM0] ping parent fd72:e9dd:7d27:e872:0:ff:fe00:7000
[parse] 2025-12-19T14:38:10.377 state -> child
[parse] 2025-12-19T14:38:10.383 parent RLOC16 -> 7000
[/dev/ttyACM0] ping parent fd72:e9dd:7d27:e872:0:ff:fe00:7000
[parse] 2025-12-19T14:38:11.351 state -> child
[parse] 2025-12-19T14:38:11.357 parent RLOC16 -> 7000
[/dev/ttyACM0] ping parent fd72:e9dd:7d27:e872:0:ff:fe00:7000
[parse] 2025-12-19T14:38:12.417 state -> child
[parse] 2025-12-19T14:38:12.424 parent RLOC16 -> 7000
[/dev/ttyACM0] ping parent fd72:e9dd:7d27:e872:0:ff:fe00:7000
[parse] 2025-12-19T14:38:13.384 state -> child
[parse] 2025-12-19T14:38:13.388 parent RLOC16 -> 7000
[/dev/ttyACM0] ping parent fd72:e9dd:7d27:e872:0:ff:fe00:7000
[parse] 2025-12-19T14:38:14.360 state -> child
[parse] 2025-12-19T14:38:14.366 parent RLOC16 -> 7000
[/dev/ttyACM0] ping parent fd72:e9dd:7d27:e872:0:ff:fe00:7000
[parse] 2025-12-19T14:38:15.338 state -> child
[parse] 2025-12-19T14:38:15.342 parent RLOC16 -> 7000
[/dev/ttyACM0] ping parent fd72:e9dd:7d27:e872:0:ff:fe00:7000
[parse] 2025-12-19T14:38:16.344 state -> child
[parse] 2025-12-19T14:38:16.349 parent RLOC16 -> 7000
[/dev/ttyACM0] ping parent fd72:e9dd:7d27:e872:0:ff:fe00:7000
[parse] 2025-12-19T14:38:17.421 state -> child
[parse] 2025-12-19T14:38:17.427 parent RLOC16 -> 7000
[/dev/ttyACM0] ping parent fd72:e9dd:7d27:e872:0:ff:fe00:7000
[parse] 2025-12-19T14:38:18.387 state -> child
[parse] 2025-12-19T14:38:18.392 parent RLOC16 -> 7000
[/dev/ttyACM0] ping parent fd72:e9dd:7d27:e872:0:ff:fe00:7000
[parse] 2025-12-19T14:38:19.339 state -> child
[parse] 2025-12-19T14:38:19.343 parent RLOC16 -> 7000
[/dev/ttyACM0] ping parent fd72:e9dd:7d27:e872:0:ff:fe00:7000
[parse] 2025-12-19T14:38:20.425 state -> child
[parse] 2025-12-19T14:38:20.430 parent RLOC16 -> 7000
[/dev/ttyACM0] ping parent fd72:e9dd:7d27:e872:0:ff:fe00:7000
[parse] 2025-12-19T14:38:23.056 state -> child
[parse] 2025-12-19T14:38:23.059 parent RLOC16 -> 7000
[/dev/ttyACM0] ping parent fd72:e9dd:7d27:e872:0:ff:fe00:7000
[parse] 2025-12-19T14:38:23.417 state -> child
[parse] 2025-12-19T14:38:23.423 parent RLOC16 -> 7000
[/dev/ttyACM0] ping parent fd72:e9dd:7d27:e872:0:ff:fe00:7000
[parse] 2025-12-19T14:38:24.385 state -> child
[parse] 2025-12-19T14:38:24.389 parent RLOC16 -> 7000
[/dev/ttyACM0] ping parent fd72:e9dd:7d27:e872:0:ff:fe00:7000
[parse] 2025-12-19T14:38:25.359 state -> child
[parse] 2025-12-19T14:38:25.367 parent RLOC16 -> 7000
[/dev/ttyACM0] ping parent fd72:e9dd:7d27:e872:0:ff:fe00:7000
[parse] 2025-12-19T14:38:26.427 state -> child
[parse] 2025-12-19T14:38:26.432 parent RLOC16 -> 7000
[/dev/ttyACM0] ping parent fd72:e9dd:7d27:e872:0:ff:fe00:7000
[parse] 2025-12-19T14:38:27.391 state -> child
[parse] 2025-12-19T14:38:27.397 parent RLOC16 -> 7000
[/dev/ttyACM0] ping parent fd72:e9dd:7d27:e872:0:ff:fe00:7000
[parse] 2025-12-19T14:38:28.351 state -> child
[parse] 2025-12-19T14:38:28.357 parent RLOC16 -> 7000
[/dev/ttyACM0] ping parent fd72:e9dd:7d27:e872:0:ff:fe00:7000
[parse] 2025-12-19T14:38:29.419 state -> child
[parse] 2025-12-19T14:38:29.425 parent RLOC16 -> 7000
[/dev/ttyACM0] ping parent fd72:e9dd:7d27:e872:0:ff:fe00:7000
[parse] 2025-12-19T14:38:30.388 state -> child
[parse] 2025-12-19T14:38:30.393 parent RLOC16 -> 7000
[/dev/ttyACM0] ping parent fd72:e9dd:7d27:e872:0:ff:fe00:7000
[parse] 2025-12-19T14:38:31.358 state -> child
[parse] 2025-12-19T14:38:31.364 parent RLOC16 -> 7000
[/dev/ttyACM0] ping parent fd72:e9dd:7d27:e872:0:ff:fe00:7000
[parse] 2025-12-19T14:38:32.430 state -> child
[parse] 2025-12-19T14:38:32.436 parent RLOC16 -> 7000
[/dev/ttyACM0] ping parent fd72:e9dd:7d27:e872:0:ff:fe00:7000
[parse] 2025-12-19T14:38:33.398 state -> child
[parse] 2025-12-19T14:38:33.404 parent RLOC16 -> 7000
[/dev/ttyACM0] ping parent fd72:e9dd:7d27:e872:0:ff:fe00:7000
[parse] 2025-12-19T14:38:34.365 state -> child
[parse] 2025-12-19T14:38:34.368 parent RLOC16 -> 7000
[/dev/ttyACM0] ping parent fd72:e9dd:7d27:e872:0:ff:fe00:7000
[parse] 2025-12-19T14:38:35.385 state -> child
[parse] 2025-12-19T14:38:35.390 parent RLOC16 -> 7000
[/dev/ttyACM0] ping parent fd72:e9dd:7d27:e872:0:ff:fe00:7000
[parse] 2025-12-19T14:38:36.351 state -> child
[parse] 2025-12-19T14:38:36.356 parent RLOC16 -> 7000
[/dev/ttyACM0] ping parent fd72:e9dd:7d27:e872:0:ff:fe00:7000
[/dev/ttyACM0] ping parent fd72:e9dd:7d27:e872:0:ff:fe00:7000
[parse] 2025-12-19T14:38:39.100 state -> child
[parse] 2025-12-19T14:38:39.103 parent RLOC16 -> 7000
[parse] 2025-12-19T14:38:39.162 state -> child
[parse] 2025-12-19T14:38:39.165 parent RLOC16 -> 7000
[/dev/ttyACM0] ping parent fd72:e9dd:7d27:e872:0:ff:fe00:7000
[parse] 2025-12-19T14:38:39.428 state -> child
[parse] 2025-12-19T14:38:39.432 parent RLOC16 -> 7000
[/dev/ttyACM0] ping parent fd72:e9dd:7d27:e872:0:ff:fe00:7000
[parse] 2025-12-19T14:38:40.397 state -> child
[parse] 2025-12-19T14:38:40.404 parent RLOC16 -> 7000
[/dev/ttyACM0] ping parent fd72:e9dd:7d27:e872:0:ff:fe00:7000
[parse] 2025-12-19T14:38:41.367 state -> child
[parse] 2025-12-19T14:38:41.372 parent RLOC16 -> 7000
[/dev/ttyACM0] ping parent fd72:e9dd:7d27:e872:0:ff:fe00:7000
[parse] 2025-12-19T14:38:42.433 state -> child
[parse] 2025-12-19T14:38:42.438 parent RLOC16 -> 7000
[/dev/ttyACM0] ping parent fd72:e9dd:7d27:e872:0:ff:fe00:7000
[parse] 2025-12-19T14:38:43.414 state -> child
[parse] 2025-12-19T14:38:43.420 parent RLOC16 -> 7000
[/dev/ttyACM0] ping parent fd72:e9dd:7d27:e872:0:ff:fe00:7000
[parse] 2025-12-19T14:38:44.381 state -> child
[parse] 2025-12-19T14:38:44.387 parent RLOC16 -> 7000
[/dev/ttyACM0] ping parent fd72:e9dd:7d27:e872:0:ff:fe00:7000
[parse] 2025-12-19T14:38:45.363 state -> child
[parse] 2025-12-19T14:38:45.369 parent RLOC16 -> 7000
[/dev/ttyACM0] ping parent fd72:e9dd:7d27:e872:0:ff:fe00:7000
[parse] 2025-12-19T14:38:46.338 state -> child
[parse] 2025-12-19T14:38:46.341 parent RLOC16 -> 7000
[/dev/ttyACM0] ping parent fd72:e9dd:7d27:e872:0:ff:fe00:7000
[parse] 2025-12-19T14:38:47.430 state -> child
[parse] 2025-12-19T14:38:47.435 parent RLOC16 -> 7000
[/dev/ttyACM0] ping parent fd72:e9dd:7d27:e872:0:ff:fe00:7000
[parse] 2025-12-19T14:38:48.399 state -> child
[parse] 2025-12-19T14:38:48.405 parent RLOC16 -> 7000
[/dev/ttyACM0] ping parent fd72:e9dd:7d27:e872:0:ff:fe00:7000
[parse] 2025-12-19T14:38:49.374 state -> child
[parse] 2025-12-19T14:38:49.380 parent RLOC16 -> 7000
[/dev/ttyACM0] ping parent fd72:e9dd:7d27:e872:0:ff:fe00:7000
[parse] 2025-12-19T14:38:50.346 state -> child
[parse] 2025-12-19T14:38:50.353 parent RLOC16 -> 7000
[/dev/ttyACM0] ping parent fd72:e9dd:7d27:e872:0:ff:fe00:7000
[parse] 2025-12-19T14:38:51.416 state -> child
[parse] 2025-12-19T14:38:51.423 parent RLOC16 -> 7000
[/dev/ttyACM0] ping parent fd72:e9dd:7d27:e872:0:ff:fe00:7000
[parse] 2025-12-19T14:38:52.386 state -> child
[parse] 2025-12-19T14:38:52.390 parent RLOC16 -> 7000
[/dev/ttyACM0] ping parent fd72:e9dd:7d27:e872:0:ff:fe00:7000
[parse] 2025-12-19T14:38:53.398 state -> child
[parse] 2025-12-19T14:38:53.403 parent RLOC16 -> 7000
[/dev/ttyACM0] ping parent fd72:e9dd:7d27:e872:0:ff:fe00:7000
[parse] 2025-12-19T14:38:54.364 state -> child
[parse] 2025-12-19T14:38:54.367 parent RLOC16 -> 7000
[/dev/ttyACM0] ping parent fd72:e9dd:7d27:e872:0:ff:fe00:7000
[parse] 2025-12-19T14:38:55.428 state -> child
[parse] 2025-12-19T14:38:55.434 parent RLOC16 -> 7000
[/dev/ttyACM0] ping parent fd72:e9dd:7d27:e872:0:ff:fe00:7000
[parse] 2025-12-19T14:38:56.394 state -> child
[parse] 2025-12-19T14:38:56.400 parent RLOC16 -> 7000
[/dev/ttyACM0] ping parent fd72:e9dd:7d27:e872:0:ff:fe00:7000
[parse] 2025-12-19T14:38:57.372 state -> child
[parse] 2025-12-19T14:38:57.377 parent RLOC16 -> 7000
[/dev/ttyACM0] ping parent fd72:e9dd:7d27:e872:0:ff:fe00:7000
[parse] 2025-12-19T14:38:58.438 state -> child
[parse] 2025-12-19T14:38:58.442 parent RLOC16 -> 7000
[/dev/ttyACM0] ping parent fd72:e9dd:7d27:e872:0:ff:fe00:7000
[parse] 2025-12-19T14:38:59.409 state -> child
[parse] 2025-12-19T14:38:59.415 parent RLOC16 -> 7000
[/dev/ttyACM0] ping parent fd72:e9dd:7d27:e872:0:ff:fe00:7000
[parse] 2025-12-19T14:39:00.357 state -> child
[parse] 2025-12-19T14:39:00.363 parent RLOC16 -> 7000
[/dev/ttyACM0] ping parent fd72:e9dd:7d27:e872:0:ff:fe00:7000
[parse] 2025-12-19T14:39:01.430 state -> child
[parse] 2025-12-19T14:39:01.436 parent RLOC16 -> 7000
[/dev/ttyACM0] ping parent fd72:e9dd:7d27:e872:0:ff:fe00:7000
[parse] 2025-12-19T14:39:02.396 state -> child
[parse] 2025-12-19T14:39:02.403 parent RLOC16 -> 7000
[/dev/ttyACM0] ping parent fd72:e9dd:7d27:e872:0:ff:fe00:7000
[parse] 2025-12-19T14:39:03.359 state -> child
[parse] 2025-12-19T14:39:03.362 parent RLOC16 -> 7000
[/dev/ttyACM0] ping parent fd72:e9dd:7d27:e872:0:ff:fe00:7000
[parse] 2025-12-19T14:39:04.362 state -> child
[parse] 2025-12-19T14:39:04.365 parent RLOC16 -> 7000
[/dev/ttyACM0] ping parent fd72:e9dd:7d27:e872:0:ff:fe00:7000
[parse] 2025-12-19T14:39:05.360 state -> child
[parse] 2025-12-19T14:39:05.363 parent RLOC16 -> 7000
[/dev/ttyACM0] ping parent fd72:e9dd:7d27:e872:0:ff:fe00:7000
[parse] 2025-12-19T14:39:06.338 state -> child
[parse] 2025-12-19T14:39:06.341 parent RLOC16 -> 7000
[/dev/ttyACM0] ping parent fd72:e9dd:7d27:e872:0:ff:fe00:7000
[parse] 2025-12-19T14:39:07.365 state -> child
[parse] 2025-12-19T14:39:07.373 parent RLOC16 -> 7000
[/dev/ttyACM0] ping parent fd72:e9dd:7d27:e872:0:ff:fe00:7000
[parse] 2025-12-19T14:39:08.428 state -> child
[parse] 2025-12-19T14:39:08.435 parent RLOC16 -> 7000
[/dev/ttyACM0] ping parent fd72:e9dd:7d27:e872:0:ff:fe00:7000
[parse] 2025-12-19T14:39:09.397 state -> child
[parse] 2025-12-19T14:39:09.404 parent RLOC16 -> 7000
[/dev/ttyACM0] ping parent fd72:e9dd:7d27:e872:0:ff:fe00:7000
[parse] 2025-12-19T14:39:10.382 state -> child
[parse] 2025-12-19T14:39:10.389 parent RLOC16 -> 7000
[/dev/ttyACM0] ping parent fd72:e9dd:7d27:e872:0:ff:fe00:7000
[parse] 2025-12-19T14:39:11.351 state -> child
[parse] 2025-12-19T14:39:11.355 parent RLOC16 -> 7000
[/dev/ttyACM0] ping parent fd72:e9dd:7d27:e872:0:ff:fe00:7000
[parse] 2025-12-19T14:39:12.417 state -> child
[parse] 2025-12-19T14:39:12.423 parent RLOC16 -> 7000
[/dev/ttyACM0] ping parent fd72:e9dd:7d27:e872:0:ff:fe00:7000
[parse] 2025-12-19T14:39:13.379 state -> child
[parse] 2025-12-19T14:39:13.387 parent RLOC16 -> 7000
[/dev/ttyACM0] ping parent fd72:e9dd:7d27:e872:0:ff:fe00:7000
[parse] 2025-12-19T14:39:14.366 state -> child
[parse] 2025-12-19T14:39:14.373 parent RLOC16 -> 7000
[/dev/ttyACM0] ping parent fd72:e9dd:7d27:e872:0:ff:fe00:7000
[parse] 2025-12-19T14:39:15.434 state -> child
[parse] 2025-12-19T14:39:15.438 parent RLOC16 -> 7000
[/dev/ttyACM0] ping parent fd72:e9dd:7d27:e872:0:ff:fe00:7000
[parse] 2025-12-19T14:39:16.426 state -> child
[parse] 2025-12-19T14:39:16.432 parent RLOC16 -> 7000
[/dev/ttyACM0] ping parent fd72:e9dd:7d27:e872:0:ff:fe00:7000
[parse] 2025-12-19T14:39:17.399 state -> child
[parse] 2025-12-19T14:39:17.405 parent RLOC16 -> 7000
[/dev/ttyACM0] ping parent fd72:e9dd:7d27:e872:0:ff:fe00:7000
[parse] 2025-12-19T14:39:18.411 state -> child
[parse] 2025-12-19T14:39:18.418 parent RLOC16 -> 7000
[/dev/ttyACM0] ping parent fd72:e9dd:7d27:e872:0:ff:fe00:7000
[parse] 2025-12-19T14:39:19.374 state -> child
[parse] 2025-12-19T14:39:19.379 parent RLOC16 -> 7000
[/dev/ttyACM0] ping parent fd72:e9dd:7d27:e872:0:ff:fe00:7000
[parse] 2025-12-19T14:39:20.349 state -> child
[parse] 2025-12-19T14:39:20.354 parent RLOC16 -> 7000
[/dev/ttyACM0] ping parent fd72:e9dd:7d27:e872:0:ff:fe00:7000
[parse] 2025-12-19T14:39:21.431 state -> child
[parse] 2025-12-19T14:39:21.437 parent RLOC16 -> 7000
[/dev/ttyACM0] ping parent fd72:e9dd:7d27:e872:0:ff:fe00:7000
[parse] 2025-12-19T14:39:22.414 state -> child
[parse] 2025-12-19T14:39:22.419 parent RLOC16 -> 7000
[/dev/ttyACM0] ping parent fd72:e9dd:7d27:e872:0:ff:fe00:7000
[parse] 2025-12-19T14:39:23.376 state -> child
[parse] 2025-12-19T14:39:23.380 parent RLOC16 -> 7000
[/dev/ttyACM0] ping parent fd72:e9dd:7d27:e872:0:ff:fe00:7000
[parse] 2025-12-19T14:39:24.470 state -> child
[parse] 2025-12-19T14:39:24.474 parent RLOC16 -> 7000
[/dev/ttyACM0] ping parent fd72:e9dd:7d27:e872:0:ff:fe00:7000
[parse] 2025-12-19T14:39:25.435 state -> child
[parse] 2025-12-19T14:39:25.439 parent RLOC16 -> 7000
[/dev/ttyACM0] ping parent fd72:e9dd:7d27:e872:0:ff:fe00:7000
[parse] 2025-12-19T14:39:26.411 state -> child
[parse] 2025-12-19T14:39:26.418 parent RLOC16 -> 7000
[/dev/ttyACM0] ping parent fd72:e9dd:7d27:e872:0:ff:fe00:7000
[parse] 2025-12-19T14:39:27.374 state -> child
[parse] 2025-12-19T14:39:27.378 parent RLOC16 -> 7000
[/dev/ttyACM0] ping parent fd72:e9dd:7d27:e872:0:ff:fe00:7000
[parse] 2025-12-19T14:39:28.438 state -> child
[parse] 2025-12-19T14:39:28.443 parent RLOC16 -> 7000
[/dev/ttyACM0] ping parent fd72:e9dd:7d27:e872:0:ff:fe00:7000
[parse] 2025-12-19T14:39:29.389 state -> child
[parse] 2025-12-19T14:39:29.395 parent RLOC16 -> 7000
[/dev/ttyACM0] ping parent fd72:e9dd:7d27:e872:0:ff:fe00:7000
[parse] 2025-12-19T14:39:30.356 state -> child
[parse] 2025-12-19T14:39:30.363 parent RLOC16 -> 7000
[/dev/ttyACM0] ping parent fd72:e9dd:7d27:e872:0:ff:fe00:7000
[parse] 2025-12-19T14:39:31.425 state -> child
[parse] 2025-12-19T14:39:31.430 parent RLOC16 -> 7000
[/dev/ttyACM0] ping parent fd72:e9dd:7d27:e872:0:ff:fe00:7000
[parse] 2025-12-19T14:39:32.363 state -> child
[parse] 2025-12-19T14:39:32.366 parent RLOC16 -> 7000
[/dev/ttyACM0] ping parent fd72:e9dd:7d27:e872:0:ff:fe00:7000
[parse] 2025-12-19T14:39:33.365 state -> child
[parse] 2025-12-19T14:39:33.369 parent RLOC16 -> 7000
[/dev/ttyACM0] ping parent fd72:e9dd:7d27:e872:0:ff:fe00:7000
[parse] 2025-12-19T14:39:34.429 state -> child
[parse] 2025-12-19T14:39:34.436 parent RLOC16 -> 7000
[/dev/ttyACM0] ping parent fd72:e9dd:7d27:e872:0:ff:fe00:7000
[parse] 2025-12-19T14:39:35.398 state -> child
[parse] 2025-12-19T14:39:35.404 parent RLOC16 -> 7000
[/dev/ttyACM0] ping parent fd72:e9dd:7d27:e872:0:ff:fe00:7000
[parse] 2025-12-19T14:39:36.367 state -> child
[parse] 2025-12-19T14:39:36.372 parent RLOC16 -> 7000
[/dev/ttyACM0] ping parent fd72:e9dd:7d27:e872:0:ff:fe00:7000
[parse] 2025-12-19T14:39:37.337 state -> child
[parse] 2025-12-19T14:39:37.341 parent RLOC16 -> 7000
[/dev/ttyACM0] ping parent fd72:e9dd:7d27:e872:0:ff:fe00:7000
[parse] 2025-12-19T14:39:38.409 state -> child
[parse] 2025-12-19T14:39:38.415 parent RLOC16 -> 7000
[/dev/ttyACM0] ping parent fd72:e9dd:7d27:e872:0:ff:fe00:7000
[parse] 2025-12-19T14:39:39.389 state -> child
[parse] 2025-12-19T14:39:39.394 parent RLOC16 -> 7000
[/dev/ttyACM0] ping parent fd72:e9dd:7d27:e872:0:ff:fe00:7000
[parse] 2025-12-19T14:39:40.357 state -> child
[parse] 2025-12-19T14:39:40.363 parent RLOC16 -> 7000
[/dev/ttyACM0] ping parent fd72:e9dd:7d27:e872:0:ff:fe00:7000
[parse] 2025-12-19T14:39:41.437 state -> child
[parse] 2025-12-19T14:39:41.441 parent RLOC16 -> 7000
[/dev/ttyACM0] ping parent fd72:e9dd:7d27:e872:0:ff:fe00:7000
[parse] 2025-12-19T14:39:42.422 state -> child
[parse] 2025-12-19T14:39:42.428 parent RLOC16 -> 7000
[/dev/ttyACM0] ping parent fd72:e9dd:7d27:e872:0:ff:fe00:7000
[parse] 2025-12-19T14:39:43.411 state -> child
[parse] 2025-12-19T14:39:43.416 parent RLOC16 -> 7000
[/dev/ttyACM0] ping parent fd72:e9dd:7d27:e872:0:ff:fe00:7000
[parse] 2025-12-19T14:39:44.381 state -> child
[parse] 2025-12-19T14:39:44.386 parent RLOC16 -> 7000
[/dev/ttyACM0] ping parent fd72:e9dd:7d27:e872:0:ff:fe00:7000
[parse] 2025-12-19T14:39:45.385 state -> child
[parse] 2025-12-19T14:39:45.391 parent RLOC16 -> 7000
[/dev/ttyACM0] ping parent fd72:e9dd:7d27:e872:0:ff:fe00:7000
[parse] 2025-12-19T14:39:46.353 state -> child
[parse] 2025-12-19T14:39:46.358 parent RLOC16 -> 7000
[/dev/ttyACM0] ping parent fd72:e9dd:7d27:e872:0:ff:fe00:7000
[parse] 2025-12-19T14:39:47.419 state -> child
[parse] 2025-12-19T14:39:47.424 parent RLOC16 -> 7000
[/dev/ttyACM0] ping parent fd72:e9dd:7d27:e872:0:ff:fe00:7000
[parse] 2025-12-19T14:39:48.391 state -> child
[parse] 2025-12-19T14:39:48.396 parent RLOC16 -> 7000
[/dev/ttyACM0] ping parent fd72:e9dd:7d27:e872:0:ff:fe00:7000
[parse] 2025-12-19T14:39:49.376 state -> child
[parse] 2025-12-19T14:39:49.382 parent RLOC16 -> 7000
[/dev/ttyACM0] ping parent fd72:e9dd:7d27:e872:0:ff:fe00:7000
[parse] 2025-12-19T14:39:50.339 state -> child
[parse] 2025-12-19T14:39:50.343 parent RLOC16 -> 7000
[/dev/ttyACM0] ping parent fd72:e9dd:7d27:e872:0:ff:fe00:7000
[parse] 2025-12-19T14:39:51.424 state -> child
[parse] 2025-12-19T14:39:51.430 parent RLOC16 -> 7000
[/dev/ttyACM0] ping parent fd72:e9dd:7d27:e872:0:ff:fe00:7000
[parse] 2025-12-19T14:39:52.401 state -> child
[parse] 2025-12-19T14:39:52.406 parent RLOC16 -> 7000
[/dev/ttyACM0] ping parent fd72:e9dd:7d27:e872:0:ff:fe00:7000
[parse] 2025-12-19T14:39:53.391 state -> child
[parse] 2025-12-19T14:39:53.398 parent RLOC16 -> 7000
[/dev/ttyACM0] ping parent fd72:e9dd:7d27:e872:0:ff:fe00:7000
[parse] 2025-12-19T14:39:54.420 state -> child
[parse] 2025-12-19T14:39:54.425 parent RLOC16 -> 7000
[/dev/ttyACM0] ping parent fd72:e9dd:7d27:e872:0:ff:fe00:7000
[parse] 2025-12-19T14:39:55.405 state -> child
[parse] 2025-12-19T14:39:55.411 parent RLOC16 -> 7000
[/dev/ttyACM0] ping parent fd72:e9dd:7d27:e872:0:ff:fe00:7000
[parse] 2025-12-19T14:39:56.345 state -> child
[parse] 2025-12-19T14:39:56.353 parent RLOC16 -> 7000
[/dev/ttyACM0] ping parent fd72:e9dd:7d27:e872:0:ff:fe00:7000
[parse] 2025-12-19T14:39:57.343 state -> child
[parse] 2025-12-19T14:39:57.348 parent RLOC16 -> 7000
[/dev/ttyACM0] ping parent fd72:e9dd:7d27:e872:0:ff:fe00:7000
[parse] 2025-12-19T14:39:58.420 state -> child
[parse] 2025-12-19T14:39:58.426 parent RLOC16 -> 7000
[/dev/ttyACM0] ping parent fd72:e9dd:7d27:e872:0:ff:fe00:7000
[parse] 2025-12-19T14:39:59.383 state -> child
[parse] 2025-12-19T14:39:59.388 parent RLOC16 -> 7000
[/dev/ttyACM0] ping parent fd72:e9dd:7d27:e872:0:ff:fe00:7000
[parse] 2025-12-19T14:40:00.387 state -> child
[parse] 2025-12-19T14:40:00.394 parent RLOC16 -> 7000
[/dev/ttyACM0] ping parent fd72:e9dd:7d27:e872:0:ff:fe00:7000
[parse] 2025-12-19T14:40:01.355 state -> child
[parse] 2025-12-19T14:40:01.362 parent RLOC16 -> 7000
[/dev/ttyACM0] ping parent fd72:e9dd:7d27:e872:0:ff:fe00:7000
[parse] 2025-12-19T14:40:02.423 state -> child
[parse] 2025-12-19T14:40:02.429 parent RLOC16 -> 7000
[/dev/ttyACM0] ping parent fd72:e9dd:7d27:e872:0:ff:fe00:7000
[parse] 2025-12-19T14:40:03.389 state -> child
[parse] 2025-12-19T14:40:03.394 parent RLOC16 -> 7000
[/dev/ttyACM0] ping parent fd72:e9dd:7d27:e872:0:ff:fe00:7000
[parse] 2025-12-19T14:40:04.359 state -> child
[parse] 2025-12-19T14:40:04.367 parent RLOC16 -> 7000
[/dev/ttyACM0] ping parent fd72:e9dd:7d27:e872:0:ff:fe00:7000
[parse] 2025-12-19T14:40:05.378 state -> child
[parse] 2025-12-19T14:40:05.383 parent RLOC16 -> 7000
[/dev/ttyACM0] ping parent fd72:e9dd:7d27:e872:0:ff:fe00:7000
[parse] 2025-12-19T14:40:06.359 state -> child
[parse] 2025-12-19T14:40:06.364 parent RLOC16 -> 7000
[/dev/ttyACM0] ping parent fd72:e9dd:7d27:e872:0:ff:fe00:7000
[parse] 2025-12-19T14:40:07.426 state -> child
[parse] 2025-12-19T14:40:07.431 parent RLOC16 -> 7000
[/dev/ttyACM0] ping parent fd72:e9dd:7d27:e872:0:ff:fe00:7000
[parse] 2025-12-19T14:40:08.410 state -> child
[parse] 2025-12-19T14:40:08.416 parent RLOC16 -> 7000
[/dev/ttyACM0] ping parent fd72:e9dd:7d27:e872:0:ff:fe00:7000
[parse] 2025-12-19T14:40:09.381 state -> child
[parse] 2025-12-19T14:40:09.385 parent RLOC16 -> 7000
[/dev/ttyACM0] ping parent fd72:e9dd:7d27:e872:0:ff:fe00:7000
[parse] 2025-12-19T14:40:10.399 state -> child
[parse] 2025-12-19T14:40:10.404 parent RLOC16 -> 7000
[/dev/ttyACM0] ping parent fd72:e9dd:7d27:e872:0:ff:fe00:7000
[parse] 2025-12-19T14:40:11.377 state -> child
[parse] 2025-12-19T14:40:11.382 parent RLOC16 -> 7000
[/dev/ttyACM0] ping parent fd72:e9dd:7d27:e872:0:ff:fe00:7000
[parse] 2025-12-19T14:40:12.363 state -> child
[parse] 2025-12-19T14:40:12.368 parent RLOC16 -> 7000
[/dev/ttyACM0] ping parent fd72:e9dd:7d27:e872:0:ff:fe00:7000
[parse] 2025-12-19T14:40:13.430 state -> child
[parse] 2025-12-19T14:40:13.435 parent RLOC16 -> 7000
[/dev/ttyACM0] ping parent fd72:e9dd:7d27:e872:0:ff:fe00:7000
[parse] 2025-12-19T14:40:14.395 state -> child
[parse] 2025-12-19T14:40:14.401 parent RLOC16 -> 7000
[/dev/ttyACM0] ping parent fd72:e9dd:7d27:e872:0:ff:fe00:7000
[parse] 2025-12-19T14:40:15.358 state -> child
[parse] 2025-12-19T14:40:15.361 parent RLOC16 -> 7000
[/dev/ttyACM0] ping parent fd72:e9dd:7d27:e872:0:ff:fe00:7000
[parse] 2025-12-19T14:40:16.341 state -> child
[parse] 2025-12-19T14:40:16.344 parent RLOC16 -> 7000
[/dev/ttyACM0] ping parent fd72:e9dd:7d27:e872:0:ff:fe00:7000
[parse] 2025-12-19T14:40:17.392 state -> child
[parse] 2025-12-19T14:40:17.398 parent RLOC16 -> 7000
[/dev/ttyACM0] ping parent fd72:e9dd:7d27:e872:0:ff:fe00:7000
[parse] 2025-12-19T14:40:18.357 state -> child
[parse] 2025-12-19T14:40:18.362 parent RLOC16 -> 7000
[/dev/ttyACM0] ping parent fd72:e9dd:7d27:e872:0:ff:fe00:7000
[parse] 2025-12-19T14:40:19.423 state -> child
[parse] 2025-12-19T14:40:19.430 parent RLOC16 -> 7000
[/dev/ttyACM0] ping parent fd72:e9dd:7d27:e872:0:ff:fe00:7000
[parse] 2025-12-19T14:40:20.434 state -> child
[parse] 2025-12-19T14:40:20.440 parent RLOC16 -> 7000
[/dev/ttyACM0] ping parent fd72:e9dd:7d27:e872:0:ff:fe00:7000
[parse] 2025-12-19T14:40:21.399 state -> child
[parse] 2025-12-19T14:40:21.405 parent RLOC16 -> 7000
[/dev/ttyACM0] ping parent fd72:e9dd:7d27:e872:0:ff:fe00:7000
[parse] 2025-12-19T14:40:22.342 state -> child
[parse] 2025-12-19T14:40:22.345 parent RLOC16 -> 7000
[/dev/ttyACM0] ping parent fd72:e9dd:7d27:e872:0:ff:fe00:7000
[parse] 2025-12-19T14:40:23.408 state -> child
[parse] 2025-12-19T14:40:23.414 parent RLOC16 -> 7000
[/dev/ttyACM0] ping parent fd72:e9dd:7d27:e872:0:ff:fe00:7000
[parse] 2025-12-19T14:40:24.386 state -> child
[parse] 2025-12-19T14:40:24.390 parent RLOC16 -> 7000
[/dev/ttyACM0] ping parent fd72:e9dd:7d27:e872:0:ff:fe00:7000
[parse] 2025-12-19T14:40:25.395 state -> child
[parse] 2025-12-19T14:40:25.402 parent RLOC16 -> 7000
[/dev/ttyACM0] ping parent fd72:e9dd:7d27:e872:0:ff:fe00:7000
[parse] 2025-12-19T14:40:26.366 state -> child
[parse] 2025-12-19T14:40:26.369 parent RLOC16 -> 7000
[/dev/ttyACM0] ping parent fd72:e9dd:7d27:e872:0:ff:fe00:7000
[parse] 2025-12-19T14:40:27.337 state -> child
[parse] 2025-12-19T14:40:27.341 parent RLOC16 -> 7000
[/dev/ttyACM0] ping parent fd72:e9dd:7d27:e872:0:ff:fe00:7000
[parse] 2025-12-19T14:40:28.422 state -> child
[parse] 2025-12-19T14:40:28.427 parent RLOC16 -> 7000
[/dev/ttyACM0] ping parent fd72:e9dd:7d27:e872:0:ff:fe00:7000
[parse] 2025-12-19T14:40:29.392 state -> child
[parse] 2025-12-19T14:40:29.400 parent RLOC16 -> 7000
[/dev/ttyACM0] ping parent fd72:e9dd:7d27:e872:0:ff:fe00:7000
[parse] 2025-12-19T14:40:30.414 state -> child
[parse] 2025-12-19T14:40:30.417 parent RLOC16 -> 7000
[/dev/ttyACM0] ping parent fd72:e9dd:7d27:e872:0:ff:fe00:7000
[parse] 2025-12-19T14:40:31.396 state -> child
[parse] 2025-12-19T14:40:31.402 parent RLOC16 -> 7000
[/dev/ttyACM0] ping parent fd72:e9dd:7d27:e872:0:ff:fe00:7000
[parse] 2025-12-19T14:40:32.366 state -> child
[parse] 2025-12-19T14:40:32.372 parent RLOC16 -> 7000
[/dev/ttyACM0] ping parent fd72:e9dd:7d27:e872:0:ff:fe00:7000
[parse] 2025-12-19T14:40:33.356 state -> child
[parse] 2025-12-19T14:40:33.362 parent RLOC16 -> 7000
[/dev/ttyACM0] ping parent fd72:e9dd:7d27:e872:0:ff:fe00:7000
[parse] 2025-12-19T14:40:34.432 state -> child
[parse] 2025-12-19T14:40:34.437 parent RLOC16 -> 7000
[/dev/ttyACM0] ping parent fd72:e9dd:7d27:e872:0:ff:fe00:7000
[parse] 2025-12-19T14:40:35.426 state -> child
[parse] 2025-12-19T14:40:35.432 parent RLOC16 -> 7000
[/dev/ttyACM0] ping parent fd72:e9dd:7d27:e872:0:ff:fe00:7000
[parse] 2025-12-19T14:40:36.391 state -> child
[parse] 2025-12-19T14:40:36.398 parent RLOC16 -> 7000
[/dev/ttyACM0] ping parent fd72:e9dd:7d27:e872:0:ff:fe00:7000
[parse] 2025-12-19T14:40:37.358 state -> child
[parse] 2025-12-19T14:40:37.363 parent RLOC16 -> 7000
[/dev/ttyACM0] ping parent fd72:e9dd:7d27:e872:0:ff:fe00:7000
[parse] 2025-12-19T14:40:38.396 state -> child
[parse] 2025-12-19T14:40:38.401 parent RLOC16 -> 7000
[/dev/ttyACM0] ping parent fd72:e9dd:7d27:e872:0:ff:fe00:7000
[parse] 2025-12-19T14:40:39.363 state -> child
[parse] 2025-12-19T14:40:39.368 parent RLOC16 -> 7000
[/dev/ttyACM0] ping parent fd72:e9dd:7d27:e872:0:ff:fe00:7000
[parse] 2025-12-19T14:40:40.370 state -> child
[parse] 2025-12-19T14:40:40.376 parent RLOC16 -> 7000
[/dev/ttyACM0] ping parent fd72:e9dd:7d27:e872:0:ff:fe00:7000
[parse] 2025-12-19T14:40:41.437 state -> child
[parse] 2025-12-19T14:40:41.442 parent RLOC16 -> 7000
[/dev/ttyACM0] ping parent fd72:e9dd:7d27:e872:0:ff:fe00:7000
[parse] 2025-12-19T14:40:42.406 state -> child
[parse] 2025-12-19T14:40:42.412 parent RLOC16 -> 7000
[/dev/ttyACM0] ping parent fd72:e9dd:7d27:e872:0:ff:fe00:7000
[parse] 2025-12-19T14:40:43.371 state -> child
[parse] 2025-12-19T14:40:43.377 parent RLOC16 -> 7000
[/dev/ttyACM0] ping parent fd72:e9dd:7d27:e872:0:ff:fe00:7000
[parse] 2025-12-19T14:40:44.438 state -> child
[parse] 2025-12-19T14:40:44.443 parent RLOC16 -> 7000
[/dev/ttyACM0] ping parent fd72:e9dd:7d27:e872:0:ff:fe00:7000
[parse] 2025-12-19T14:40:45.345 state -> child
[parse] 2025-12-19T14:40:45.350 parent RLOC16 -> 7000
[/dev/ttyACM0] ping parent fd72:e9dd:7d27:e872:0:ff:fe00:7000
[parse] 2025-12-19T14:40:46.422 state -> child
[parse] 2025-12-19T14:40:46.427 parent RLOC16 -> 7000
[/dev/ttyACM0] ping parent fd72:e9dd:7d27:e872:0:ff:fe00:7000
[parse] 2025-12-19T14:40:47.384 state -> child
[parse] 2025-12-19T14:40:47.388 parent RLOC16 -> 7000
[/dev/ttyACM0] ping parent fd72:e9dd:7d27:e872:0:ff:fe00:7000
[parse] 2025-12-19T14:40:48.349 state -> child
[parse] 2025-12-19T14:40:48.356 parent RLOC16 -> 7000
[/dev/ttyACM0] ping parent fd72:e9dd:7d27:e872:0:ff:fe00:7000
[parse] 2025-12-19T14:40:49.418 state -> child
[parse] 2025-12-19T14:40:49.424 parent RLOC16 -> 7000
[/dev/ttyACM0] ping parent fd72:e9dd:7d27:e872:0:ff:fe00:7000
[parse] 2025-12-19T14:40:50.389 state -> child
[parse] 2025-12-19T14:40:50.396 parent RLOC16 -> 7000
[/dev/ttyACM0] ping parent fd72:e9dd:7d27:e872:0:ff:fe00:7000
[parse] 2025-12-19T14:40:51.357 state -> child
[parse] 2025-12-19T14:40:51.362 parent RLOC16 -> 7000
[/dev/ttyACM0] ping parent fd72:e9dd:7d27:e872:0:ff:fe00:7000
[parse] 2025-12-19T14:40:52.431 state -> child
[parse] 2025-12-19T14:40:52.437 parent RLOC16 -> 7000
[/dev/ttyACM0] ping parent fd72:e9dd:7d27:e872:0:ff:fe00:7000
[parse] 2025-12-19T14:40:53.398 state -> child
[parse] 2025-12-19T14:40:53.404 parent RLOC16 -> 7000
[/dev/ttyACM0] ping parent fd72:e9dd:7d27:e872:0:ff:fe00:7000
[parse] 2025-12-19T14:40:54.364 state -> child
[parse] 2025-12-19T14:40:54.370 parent RLOC16 -> 7000
[/dev/ttyACM0] ping parent fd72:e9dd:7d27:e872:0:ff:fe00:7000
[parse] 2025-12-19T14:40:55.435 state -> child
[parse] 2025-12-19T14:40:55.440 parent RLOC16 -> 7000
[/dev/ttyACM0] ping parent fd72:e9dd:7d27:e872:0:ff:fe00:7000
[parse] 2025-12-19T14:40:56.411 state -> child
[parse] 2025-12-19T14:40:56.417 parent RLOC16 -> 7000
[/dev/ttyACM0] ping parent fd72:e9dd:7d27:e872:0:ff:fe00:7000
[parse] 2025-12-19T14:40:57.374 state -> child
[parse] 2025-12-19T14:40:57.380 parent RLOC16 -> 7000
[/dev/ttyACM0] ping parent fd72:e9dd:7d27:e872:0:ff:fe00:7000
[parse] 2025-12-19T14:40:58.351 state -> child
[parse] 2025-12-19T14:40:58.359 parent RLOC16 -> 7000
[/dev/ttyACM0] ping parent fd72:e9dd:7d27:e872:0:ff:fe00:7000
[parse] 2025-12-19T14:40:59.418 state -> child
[parse] 2025-12-19T14:40:59.424 parent RLOC16 -> 7000
[/dev/ttyACM0] ping parent fd72:e9dd:7d27:e872:0:ff:fe00:7000
[parse] 2025-12-19T14:41:00.402 state -> child
[parse] 2025-12-19T14:41:00.407 parent RLOC16 -> 7000
[/dev/ttyACM0] ping parent fd72:e9dd:7d27:e872:0:ff:fe00:7000
[parse] 2025-12-19T14:41:01.403 state -> child
[parse] 2025-12-19T14:41:01.409 parent RLOC16 -> 7000
[/dev/ttyACM0] ping parent fd72:e9dd:7d27:e872:0:ff:fe00:7000
[parse] 2025-12-19T14:41:02.351 state -> child
[parse] 2025-12-19T14:41:02.359 parent RLOC16 -> 7000
[/dev/ttyACM0] ping parent fd72:e9dd:7d27:e872:0:ff:fe00:7000
[parse] 2025-12-19T14:41:03.418 state -> child
[parse] 2025-12-19T14:41:03.426 parent RLOC16 -> 7000
[/dev/ttyACM0] ping parent fd72:e9dd:7d27:e872:0:ff:fe00:7000
[parse] 2025-12-19T14:41:04.388 state -> child
[parse] 2025-12-19T14:41:04.393 parent RLOC16 -> 7000
[/dev/ttyACM0] ping parent fd72:e9dd:7d27:e872:0:ff:fe00:7000
[parse] 2025-12-19T14:41:05.377 state -> child
[parse] 2025-12-19T14:41:05.383 parent RLOC16 -> 7000
[/dev/ttyACM0] ping parent fd72:e9dd:7d27:e872:0:ff:fe00:7000
[parse] 2025-12-19T14:41:06.343 state -> child
[parse] 2025-12-19T14:41:06.348 parent RLOC16 -> 7000
[/dev/ttyACM0] ping parent fd72:e9dd:7d27:e872:0:ff:fe00:7000
[parse] 2025-12-19T14:41:07.421 state -> child
[parse] 2025-12-19T14:41:07.427 parent RLOC16 -> 7000
[/dev/ttyACM0] ping parent fd72:e9dd:7d27:e872:0:ff:fe00:7000
[parse] 2025-12-19T14:41:08.404 state -> child
[parse] 2025-12-19T14:41:08.410 parent RLOC16 -> 7000
[/dev/ttyACM0] ping parent fd72:e9dd:7d27:e872:0:ff:fe00:7000
[parse] 2025-12-19T14:41:09.341 state -> child
[parse] 2025-12-19T14:41:09.344 parent RLOC16 -> 7000
[/dev/ttyACM0] ping parent fd72:e9dd:7d27:e872:0:ff:fe00:7000
[parse] 2025-12-19T14:41:10.396 state -> child
[parse] 2025-12-19T14:41:10.402 parent RLOC16 -> 7000
[/dev/ttyACM0] ping parent fd72:e9dd:7d27:e872:0:ff:fe00:7000
[parse] 2025-12-19T14:41:11.362 state -> child
[parse] 2025-12-19T14:41:11.368 parent RLOC16 -> 7000
[/dev/ttyACM0] ping parent fd72:e9dd:7d27:e872:0:ff:fe00:7000
[parse] 2025-12-19T14:41:12.427 state -> child
[parse] 2025-12-19T14:41:12.434 parent RLOC16 -> 7000
[/dev/ttyACM0] ping parent fd72:e9dd:7d27:e872:0:ff:fe00:7000
[parse] 2025-12-19T14:41:13.399 state -> child
[parse] 2025-12-19T14:41:13.406 parent RLOC16 -> 7000
[/dev/ttyACM0] ping parent fd72:e9dd:7d27:e872:0:ff:fe00:7000
[parse] 2025-12-19T14:41:14.365 state -> child
[parse] 2025-12-19T14:41:14.368 parent RLOC16 -> 7000
[/dev/ttyACM0] ping parent fd72:e9dd:7d27:e872:0:ff:fe00:7000
[parse] 2025-12-19T14:41:15.430 state -> child
[parse] 2025-12-19T14:41:15.435 parent RLOC16 -> 7000
[/dev/ttyACM0] ping parent fd72:e9dd:7d27:e872:0:ff:fe00:7000
[parse] 2025-12-19T14:41:16.397 state -> child
[parse] 2025-12-19T14:41:16.403 parent RLOC16 -> 7000
[/dev/ttyACM0] ping parent fd72:e9dd:7d27:e872:0:ff:fe00:7000
[parse] 2025-12-19T14:41:17.367 state -> child
[parse] 2025-12-19T14:41:17.371 parent RLOC16 -> 7000
[/dev/ttyACM0] ping parent fd72:e9dd:7d27:e872:0:ff:fe00:7000
[parse] 2025-12-19T14:41:18.338 state -> child
[parse] 2025-12-19T14:41:18.342 parent RLOC16 -> 7000
[/dev/ttyACM0] ping parent fd72:e9dd:7d27:e872:0:ff:fe00:7000
[parse] 2025-12-19T14:41:19.407 state -> child
[parse] 2025-12-19T14:41:19.410 parent RLOC16 -> 7000
[/dev/ttyACM0] ping parent fd72:e9dd:7d27:e872:0:ff:fe00:7000
[parse] 2025-12-19T14:41:20.383 state -> child
[parse] 2025-12-19T14:41:20.387 parent RLOC16 -> 7000
[/dev/ttyACM0] ping parent fd72:e9dd:7d27:e872:0:ff:fe00:7000
[parse] 2025-12-19T14:41:21.363 state -> child
[parse] 2025-12-19T14:41:21.366 parent RLOC16 -> 7000
[/dev/ttyACM0] ping parent fd72:e9dd:7d27:e872:0:ff:fe00:7000
[parse] 2025-12-19T14:41:22.363 state -> child
[parse] 2025-12-19T14:41:22.367 parent RLOC16 -> 7000
[/dev/ttyACM0] ping parent fd72:e9dd:7d27:e872:0:ff:fe00:7000
[parse] 2025-12-19T14:41:23.427 state -> child
[parse] 2025-12-19T14:41:23.433 parent RLOC16 -> 7000
[/dev/ttyACM0] ping parent fd72:e9dd:7d27:e872:0:ff:fe00:7000
[parse] 2025-12-19T14:41:24.415 state -> child
[parse] 2025-12-19T14:41:24.422 parent RLOC16 -> 7000
[/dev/ttyACM0] ping parent fd72:e9dd:7d27:e872:0:ff:fe00:7000
[parse] 2025-12-19T14:41:25.433 state -> child
[parse] 2025-12-19T14:41:25.438 parent RLOC16 -> 7000
[/dev/ttyACM0] ping parent fd72:e9dd:7d27:e872:0:ff:fe00:7000
[parse] 2025-12-19T14:41:26.400 state -> child
[parse] 2025-12-19T14:41:26.406 parent RLOC16 -> 7000
[/dev/ttyACM0] ping parent fd72:e9dd:7d27:e872:0:ff:fe00:7000
[parse] 2025-12-19T14:41:27.369 state -> child
[parse] 2025-12-19T14:41:27.374 parent RLOC16 -> 7000
[/dev/ttyACM0] ping parent fd72:e9dd:7d27:e872:0:ff:fe00:7000
[parse] 2025-12-19T14:41:28.356 state -> child
[parse] 2025-12-19T14:41:28.361 parent RLOC16 -> 7000
[/dev/ttyACM0] ping parent fd72:e9dd:7d27:e872:0:ff:fe00:7000
[parse] 2025-12-19T14:41:29.339 state -> child
[parse] 2025-12-19T14:41:29.343 parent RLOC16 -> 7000
[/dev/ttyACM0] ping parent fd72:e9dd:7d27:e872:0:ff:fe00:7000
[parse] 2025-12-19T14:41:30.759 state -> child
[parse] 2025-12-19T14:41:30.767 parent RLOC16 -> 7000
[/dev/ttyACM0] ping parent fd72:e9dd:7d27:e872:0:ff:fe00:7000
[parse] 2025-12-19T14:41:31.426 state -> child
[parse] 2025-12-19T14:41:31.432 parent RLOC16 -> 7000
[/dev/ttyACM0] ping parent fd72:e9dd:7d27:e872:0:ff:fe00:7000
[parse] 2025-12-19T14:41:32.400 state -> child
[parse] 2025-12-19T14:41:32.407 parent RLOC16 -> 7000
[/dev/ttyACM0] ping parent fd72:e9dd:7d27:e872:0:ff:fe00:7000
[parse] 2025-12-19T14:41:33.379 state -> child
[parse] 2025-12-19T14:41:33.382 parent RLOC16 -> 7000
[/dev/ttyACM0] ping parent fd72:e9dd:7d27:e872:0:ff:fe00:7000
[parse] 2025-12-19T14:41:34.351 state -> child
[parse] 2025-12-19T14:41:34.359 parent RLOC16 -> 7000
[/dev/ttyACM0] ping parent fd72:e9dd:7d27:e872:0:ff:fe00:7000
[parse] 2025-12-19T14:41:35.420 state -> child
[parse] 2025-12-19T14:41:35.427 parent RLOC16 -> 7000
[/dev/ttyACM0] ping parent fd72:e9dd:7d27:e872:0:ff:fe00:7000
[parse] 2025-12-19T14:41:36.388 state -> child
[parse] 2025-12-19T14:41:36.393 parent RLOC16 -> 7000
[/dev/ttyACM0] ping parent fd72:e9dd:7d27:e872:0:ff:fe00:7000
[parse] 2025-12-19T14:41:37.367 state -> child
[parse] 2025-12-19T14:41:37.371 parent RLOC16 -> 7000
[/dev/ttyACM0] ping parent fd72:e9dd:7d27:e872:0:ff:fe00:7000
[parse] 2025-12-19T14:41:38.431 state -> child
[parse] 2025-12-19T14:41:38.437 parent RLOC16 -> 7000
[/dev/ttyACM0] ping parent fd72:e9dd:7d27:e872:0:ff:fe00:7000
[parse] 2025-12-19T14:41:39.397 state -> child
[parse] 2025-12-19T14:41:39.403 parent RLOC16 -> 7000
[/dev/ttyACM0] ping parent fd72:e9dd:7d27:e872:0:ff:fe00:7000
[parse] 2025-12-19T14:41:40.863 state -> child
[parse] 2025-12-19T14:41:40.870 parent RLOC16 -> 7000
[/dev/ttyACM0] ping parent fd72:e9dd:7d27:e872:0:ff:fe00:7000
[parse] 2025-12-19T14:41:41.436 state -> child
[parse] 2025-12-19T14:41:41.443 parent RLOC16 -> 7000
[/dev/ttyACM0] ping parent fd72:e9dd:7d27:e872:0:ff:fe00:7000
[parse] 2025-12-19T14:41:42.407 state -> child
[parse] 2025-12-19T14:41:42.413 parent RLOC16 -> 7000
[/dev/ttyACM0] ping parent fd72:e9dd:7d27:e872:0:ff:fe00:7000
[parse] 2025-12-19T14:41:43.371 state -> child
[parse] 2025-12-19T14:41:43.375 parent RLOC16 -> 7000
[/dev/ttyACM0] ping parent fd72:e9dd:7d27:e872:0:ff:fe00:7000
[parse] 2025-12-19T14:41:44.337 state -> child
[parse] 2025-12-19T14:41:44.340 parent RLOC16 -> 7000
[/dev/ttyACM0] ping parent fd72:e9dd:7d27:e872:0:ff:fe00:7000
[parse] 2025-12-19T14:41:45.457 state -> child
[parse] 2025-12-19T14:41:45.462 parent RLOC16 -> 7000
[/dev/ttyACM0] ping parent fd72:e9dd:7d27:e872:0:ff:fe00:7000
[parse] 2025-12-19T14:41:46.422 state -> child
[parse] 2025-12-19T14:41:46.428 parent RLOC16 -> 7000
[/dev/ttyACM0] ping parent fd72:e9dd:7d27:e872:0:ff:fe00:7000
[parse] 2025-12-19T14:41:47.352 state -> child
[parse] 2025-12-19T14:41:47.359 parent RLOC16 -> 7000
[/dev/ttyACM0] ping parent fd72:e9dd:7d27:e872:0:ff:fe00:7000
[parse] 2025-12-19T14:41:48.416 state -> child
[parse] 2025-12-19T14:41:48.423 parent RLOC16 -> 7000
[/dev/ttyACM0] ping parent fd72:e9dd:7d27:e872:0:ff:fe00:7000
[parse] 2025-12-19T14:41:49.397 state -> child
[parse] 2025-12-19T14:41:49.403 parent RLOC16 -> 7000
[/dev/ttyACM0] ping parent fd72:e9dd:7d27:e872:0:ff:fe00:7000
[parse] 2025-12-19T14:41:50.367 state -> child
[parse] 2025-12-19T14:41:50.371 parent RLOC16 -> 7000
[/dev/ttyACM0] ping parent fd72:e9dd:7d27:e872:0:ff:fe00:7000
[parse] 2025-12-19T14:41:51.383 state -> child
[parse] 2025-12-19T14:41:51.389 parent RLOC16 -> 7000
[/dev/ttyACM0] ping parent fd72:e9dd:7d27:e872:0:ff:fe00:7000
[parse] 2025-12-19T14:41:52.339 state -> child
[parse] 2025-12-19T14:41:52.343 parent RLOC16 -> 7000
[/dev/ttyACM0] ping parent fd72:e9dd:7d27:e872:0:ff:fe00:7000
[parse] 2025-12-19T14:41:53.426 state -> child
